date,revision,ticker,name
2005-01-01,2004-12-31,ADBE,Adobe Systems
2005-01-01,2004-12-31,ALTR,Altera
2005-01-01,2004-12-31,AMZN,Amazon.com
2005-01-01,2004-12-31,APCC,American Power Conversion
2005-01-01,2004-12-31,AMGN,Amgen
2005-01-01,2004-12-31,APOL,Apollo Group
2005-01-01,2004-12-31,AAPL,Apple Computer
2005-01-01,2004-12-31,AMAT,Applied Materials
2005-01-01,2004-12-31,ATYT,ATI Technologies
2005-01-01,2004-12-31,BEAS,BEA Systems
2005-01-01,2004-12-31,BBBY,Bed Bath & Beyond
2005-01-01,2004-12-31,BIIB,Biogen
2005-01-01,2004-12-31,BMET,Biomet
2005-01-01,2004-12-31,BRCM,Broadcom
2005-01-01,2004-12-31,CHRW,C.H. Robinson Worldwide
2005-01-01,2004-12-31,CECO,Career Education Corporation
2005-01-01,2004-12-31,CDWC,CDW
2005-01-01,2004-12-31,CEPH,Cephalon
2005-01-01,2004-12-31,CHKP,Check Point Software
2005-01-01,2004-12-31,CHIR,Chiron Corporation
2005-01-01,2004-12-31,CTAS,Cintas
2005-01-01,2004-12-31,CSCO,Cisco Systems
2005-01-01,2004-12-31,CTXS,Citrix Systems
2005-01-01,2004-12-31,CMCSA,Comcast
2005-01-01,2004-12-31,CPWR,Compuware
2005-01-01,2004-12-31,CMVT,Comverse Technology
2005-01-01,2004-12-31,COST,Costco
2005-01-01,2004-12-31,DELL,Dell Computer
2005-01-01,2004-12-31,XRAY,DENTSPLY International
2005-01-01,2004-12-31,DLTR,Dollar Tree
2005-01-01,2004-12-31,EBAY,eBay
2005-01-01,2004-12-31,DISH,EchoStar
2005-01-01,2004-12-31,ERTS,Electronic Arts
2005-01-01,2004-12-31,EXPD,Expeditors International
2005-01-01,2004-12-31,ESRX,Express Scripts
2005-01-01,2004-12-31,FAST,Fastenal Company
2005-01-01,2004-12-31,FHCC,First Health Group
2005-01-01,2004-12-31,FISV,Fiserv
2005-01-01,2004-12-31,FLEX,Flextronics
2005-01-01,2004-12-31,GRMN,Garmin
2005-01-01,2004-12-31,GNTX,Gentex
2005-01-01,2004-12-31,GENZ,Genzyme General
2005-01-01,2004-12-31,GILD,Gilead Sciences
2005-01-01,2004-12-31,HSIC,"Henry Schein, Inc."
2005-01-01,2004-12-31,IACI,IAC/InterActiveCorp
2005-01-01,2004-12-31,INTC,Intel Corporation
2005-01-01,2004-12-31,ISIL,Intersil
2005-01-01,2004-12-31,INTU,Intuit Inc.
2005-01-01,2004-12-31,IVGN,Invitrogen
2005-01-01,2004-12-31,JDSU,JDS Uniphase
2005-01-01,2004-12-31,JNPR,Juniper Networks
2005-01-01,2004-12-31,KLAC,KLA-Tencor
2005-01-01,2004-12-31,LRCX,Lam Research Corporation
2005-01-01,2004-12-31,LAMR,Lamar Advertising Company
2005-01-01,2004-12-31,LVLT,Level 3 Communications
2005-01-01,2004-12-31,LNCR,Lincare
2005-01-01,2004-12-31,LLTC,Linear Technology
2005-01-01,2004-12-31,MRVL,Marvell Technology
2005-01-01,2004-12-31,MXIM,Maxim Integrated Products
2005-01-01,2004-12-31,MEDI,MedImmune
2005-01-01,2004-12-31,MERQ,Mercury Interactive
2005-01-01,2004-12-31,MCHP,Microchip Technology Incorporated
2005-01-01,2004-12-31,MSFT,Microsoft
2005-01-01,2004-12-31,MLNM,Millennium Pharmaceuticals
2005-01-01,2004-12-31,MOLX,Molex
2005-01-01,2004-12-31,NTAP,Network Appliance
2005-01-01,2004-12-31,NXTL,Nextel Communications
2005-01-01,2004-12-31,NVLS,Novellus Systems
2005-01-01,2004-12-31,NVDA,NVIDIA Corporation
2005-01-01,2004-12-31,ORCL,Oracle Corporation
2005-01-01,2004-12-31,PCAR,PACCAR
2005-01-01,2004-12-31,PDCO,Patterson Companies
2005-01-01,2004-12-31,PTEN,Patterson-UTI Energy
2005-01-01,2004-12-31,PAYX,Paychex
2005-01-01,2004-12-31,PSFT,PeopleSoft
2005-01-01,2004-12-31,PETM,PETsMART
2005-01-01,2004-12-31,PIXR,Pixar
2005-01-01,2004-12-31,QLGC,QLogic
2005-01-01,2004-12-31,QCOM,Qualcomm
2005-01-01,2004-12-31,RIMM,Research in Motion
2005-01-01,2004-12-31,ROST,Ross Stores
2005-01-01,2004-12-31,RYAAY,Ryanair
2005-01-01,2004-12-31,SNDK,SanDisk
2005-01-01,2004-12-31,SANM,Sanmina-SCI
2005-01-01,2004-12-31,SEBL,Siebel Systems
2005-01-01,2004-12-31,SIAL,Sigma-Aldrich Corporation
2005-01-01,2004-12-31,SSCC,Smurfit-Stone Container Corporation
2005-01-01,2004-12-31,SPLS,Staples (company)
2005-01-01,2004-12-31,SBUX,Starbucks
2005-01-01,2004-12-31,SUNW,Sun Microsystems
2005-01-01,2004-12-31,SYMC,Symantec
2005-01-01,2004-12-31,SNPS,Synopsys
2005-01-01,2004-12-31,TLAB,Tellabs
2005-01-01,2004-12-31,TEVA,Teva Pharmaceutical Industries
2005-01-01,2004-12-31,VRSN,VeriSign
2005-01-01,2004-12-31,VRTS,Veritas Software
2005-01-01,2004-12-31,WFMI,Whole Foods Market
2005-01-01,2004-12-31,XLNX,Xilinx
2005-01-01,2004-12-31,YHOO,Yahoo!
2005-04-01,2005-03-22,ADBE,Adobe Systems
2005-04-01,2005-03-22,ALTR,Altera
2005-04-01,2005-03-22,AMZN,Amazon.com
2005-04-01,2005-03-22,APCC,American Power Conversion
2005-04-01,2005-03-22,AMGN,Amgen
2005-04-01,2005-03-22,APOL,Apollo Group
2005-04-01,2005-03-22,AAPL,Apple Computer
2005-04-01,2005-03-22,AMAT,Applied Materials
2005-04-01,2005-03-22,ATYT,ATI Technologies
2005-04-01,2005-03-22,BEAS,BEA Systems
2005-04-01,2005-03-22,BBBY,Bed Bath & Beyond
2005-04-01,2005-03-22,BIIB,Biogen
2005-04-01,2005-03-22,BMET,Biomet
2005-04-01,2005-03-22,BRCM,Broadcom
2005-04-01,2005-03-22,CHRW,C.H. Robinson Worldwide
2005-04-01,2005-03-22,CECO,Career Education Corporation
2005-04-01,2005-03-22,CDWC,CDW
2005-04-01,2005-03-22,CEPH,Cephalon
2005-04-01,2005-03-22,CHKP,Check Point Software
2005-04-01,2005-03-22,CHIR,Chiron Corporation
2005-04-01,2005-03-22,CTAS,Cintas
2005-04-01,2005-03-22,CSCO,Cisco Systems
2005-04-01,2005-03-22,CTXS,Citrix Systems
2005-04-01,2005-03-22,CMCSA,Comcast
2005-04-01,2005-03-22,CPWR,Compuware
2005-04-01,2005-03-22,CMVT,Comverse Technology
2005-04-01,2005-03-22,CTSH,Cognizant Technology Solutions
2005-04-01,2005-03-22,COST,Costco
2005-04-01,2005-03-22,DELL,Dell Computer
2005-04-01,2005-03-22,XRAY,DENTSPLY International
2005-04-01,2005-03-22,DLTR,Dollar Tree
2005-04-01,2005-03-22,EBAY,eBay
2005-04-01,2005-03-22,DISH,EchoStar
2005-04-01,2005-03-22,ERTS,Electronic Arts
2005-04-01,2005-03-22,EXPD,Expeditors International
2005-04-01,2005-03-22,ESRX,Express Scripts
2005-04-01,2005-03-22,FAST,Fastenal Company
2005-04-01,2005-03-22,FHCC,First Health Group
2005-04-01,2005-03-22,FISV,Fiserv
2005-04-01,2005-03-22,FLEX,Flextronics
2005-04-01,2005-03-22,GRMN,Garmin
2005-04-01,2005-03-22,GNTX,Gentex
2005-04-01,2005-03-22,GENZ,Genzyme General
2005-04-01,2005-03-22,GILD,Gilead Sciences
2005-04-01,2005-03-22,HSIC,"Henry Schein, Inc."
2005-04-01,2005-03-22,IACI,IAC/InterActiveCorp
2005-04-01,2005-03-22,INTC,Intel Corporation
2005-04-01,2005-03-22,ISIL,Intersil
2005-04-01,2005-03-22,INTU,Intuit Inc.
2005-04-01,2005-03-22,IVGN,Invitrogen
2005-04-01,2005-03-22,JDSU,JDS Uniphase
2005-04-01,2005-03-22,JNPR,Juniper Networks
2005-04-01,2005-03-22,KLAC,KLA-Tencor
2005-04-01,2005-03-22,LRCX,Lam Research Corporation
2005-04-01,2005-03-22,LAMR,Lamar Advertising Company
2005-04-01,2005-03-22,LVLT,Level 3 Communications
2005-04-01,2005-03-22,LNCR,Lincare
2005-04-01,2005-03-22,LLTC,Linear Technology
2005-04-01,2005-03-22,MRVL,Marvell Technology
2005-04-01,2005-03-22,MXIM,Maxim Integrated Products
2005-04-01,2005-03-22,MEDI,MedImmune
2005-04-01,2005-03-22,MERQ,Mercury Interactive
2005-04-01,2005-03-22,MCHP,Microchip Technology Incorporated
2005-04-01,2005-03-22,MSFT,Microsoft
2005-04-01,2005-03-22,MLNM,Millennium Pharmaceuticals
2005-04-01,2005-03-22,MOLX,Molex
2005-04-01,2005-03-22,NTAP,Network Appliance
2005-04-01,2005-03-22,NXTL,Nextel Communications
2005-04-01,2005-03-22,NVLS,Novellus Systems
2005-04-01,2005-03-22,NVDA,NVIDIA Corporation
2005-04-01,2005-03-22,ORCL,Oracle Corporation
2005-04-01,2005-03-22,PCAR,PACCAR
2005-04-01,2005-03-22,PDCO,Patterson Companies
2005-04-01,2005-03-22,PTEN,Patterson-UTI Energy
2005-04-01,2005-03-22,PAYX,Paychex
2005-04-01,2005-03-22,PSFT,PeopleSoft
2005-04-01,2005-03-22,PETM,PETsMART
2005-04-01,2005-03-22,PIXR,Pixar
2005-04-01,2005-03-22,QLGC,QLogic
2005-04-01,2005-03-22,QCOM,Qualcomm
2005-04-01,2005-03-22,RIMM,Research in Motion
2005-04-01,2005-03-22,ROST,Ross Stores
2005-04-01,2005-03-22,RYAAY,Ryanair
2005-04-01,2005-03-22,SNDK,SanDisk
2005-04-01,2005-03-22,SANM,Sanmina-SCI
2005-04-01,2005-03-22,SEBL,Siebel Systems
2005-04-01,2005-03-22,SIAL,Sigma-Aldrich Corporation
2005-04-01,2005-03-22,SSCC,Smurfit-Stone Container Corporation
2005-04-01,2005-03-22,SPLS,Staples (company)
2005-04-01,2005-03-22,SBUX,Starbucks
2005-04-01,2005-03-22,SUNW,Sun Microsystems
2005-04-01,2005-03-22,SYMC,Symantec
2005-04-01,2005-03-22,SNPS,Synopsys
2005-04-01,2005-03-22,TLAB,Tellabs
2005-04-01,2005-03-22,TEVA,"Teva Pharmaceutical Industries, Ltd."
2005-04-01,2005-03-22,VRSN,VeriSign
2005-04-01,2005-03-22,VRTS,Veritas Software
2005-04-01,2005-03-22,WFMI,Whole Foods Market
2005-04-01,2005-03-22,XLNX,Xilinx
2005-04-01,2005-03-22,YHOO,Yahoo!
2005-07-01,2005-05-13,ADBE,Adobe Systems
2005-07-01,2005-05-13,ALTR,Altera
2005-07-01,2005-05-13,AMZN,Amazon.com
2005-07-01,2005-05-13,APCC,American Power Conversion
2005-07-01,2005-05-13,AMGN,Amgen
2005-07-01,2005-05-13,APOL,Apollo Group
2005-07-01,2005-05-13,AAPL,Apple Computer
2005-07-01,2005-05-13,AMAT,Applied Materials
2005-07-01,2005-05-13,ATYT,ATI Technologies
2005-07-01,2005-05-13,BEAS,BEA Systems
2005-07-01,2005-05-13,BBBY,Bed Bath & Beyond
2005-07-01,2005-05-13,BIIB,Biogen
2005-07-01,2005-05-13,BMET,Biomet
2005-07-01,2005-05-13,BRCM,Broadcom
2005-07-01,2005-05-13,CHRW,C.H. Robinson Worldwide
2005-07-01,2005-05-13,CECO,Career Education Corporation
2005-07-01,2005-05-13,CDWC,CDW
2005-07-01,2005-05-13,CEPH,Cephalon
2005-07-01,2005-05-13,CHKP,Check Point Software
2005-07-01,2005-05-13,CHIR,Chiron Corporation
2005-07-01,2005-05-13,CTAS,Cintas
2005-07-01,2005-05-13,CSCO,Cisco Systems
2005-07-01,2005-05-13,CTXS,Citrix Systems
2005-07-01,2005-05-13,CMCSA,Comcast
2005-07-01,2005-05-13,CPWR,Compuware
2005-07-01,2005-05-13,CMVT,Comverse Technology
2005-07-01,2005-05-13,CTSH,Cognizant Technology Solutions
2005-07-01,2005-05-13,COST,Costco
2005-07-01,2005-05-13,DELL,Dell Computer
2005-07-01,2005-05-13,XRAY,DENTSPLY International
2005-07-01,2005-05-13,DLTR,Dollar Tree
2005-07-01,2005-05-13,EBAY,eBay
2005-07-01,2005-05-13,DISH,EchoStar
2005-07-01,2005-05-13,ERTS,Electronic Arts
2005-07-01,2005-05-13,EXPD,Expeditors International
2005-07-01,2005-05-13,ESRX,Express Scripts
2005-07-01,2005-05-13,FAST,Fastenal Company
2005-07-01,2005-05-13,FHCC,First Health Group
2005-07-01,2005-05-13,FISV,Fiserv
2005-07-01,2005-05-13,FLEX,Flextronics
2005-07-01,2005-05-13,GRMN,Garmin
2005-07-01,2005-05-13,GNTX,Gentex
2005-07-01,2005-05-13,GENZ,Genzyme General
2005-07-01,2005-05-13,GILD,Gilead Sciences
2005-07-01,2005-05-13,HSIC,"Henry Schein, Inc."
2005-07-01,2005-05-13,IACI,IAC/InterActiveCorp
2005-07-01,2005-05-13,INTC,Intel Corporation
2005-07-01,2005-05-13,ISIL,Intersil
2005-07-01,2005-05-13,INTU,Intuit Inc.
2005-07-01,2005-05-13,IVGN,Invitrogen
2005-07-01,2005-05-13,JDSU,JDS Uniphase
2005-07-01,2005-05-13,JNPR,Juniper Networks
2005-07-01,2005-05-13,KLAC,KLA-Tencor
2005-07-01,2005-05-13,LRCX,Lam Research Corporation
2005-07-01,2005-05-13,LAMR,Lamar Advertising Company
2005-07-01,2005-05-13,LVLT,Level 3 Communications
2005-07-01,2005-05-13,LNCR,Lincare
2005-07-01,2005-05-13,LLTC,Linear Technology
2005-07-01,2005-05-13,MRVL,Marvell Technology
2005-07-01,2005-05-13,MXIM,Maxim Integrated Products
2005-07-01,2005-05-13,MEDI,MedImmune
2005-07-01,2005-05-13,MERQ,Mercury Interactive
2005-07-01,2005-05-13,MCHP,Microchip Technology Incorporated
2005-07-01,2005-05-13,MSFT,Microsoft
2005-07-01,2005-05-13,MLNM,Millennium Pharmaceuticals
2005-07-01,2005-05-13,MOLX,Molex
2005-07-01,2005-05-13,NTAP,Network Appliance
2005-07-01,2005-05-13,NXTL,Nextel Communications
2005-07-01,2005-05-13,NVLS,Novellus Systems
2005-07-01,2005-05-13,NVDA,NVIDIA Corporation
2005-07-01,2005-05-13,ORCL,Oracle Corporation
2005-07-01,2005-05-13,PCAR,PACCAR
2005-07-01,2005-05-13,PDCO,Patterson Companies
2005-07-01,2005-05-13,PTEN,Patterson-UTI Energy
2005-07-01,2005-05-13,PAYX,Paychex
2005-07-01,2005-05-13,PSFT,PeopleSoft
2005-07-01,2005-05-13,PETM,PETsMART
2005-07-01,2005-05-13,PIXR,Pixar
2005-07-01,2005-05-13,QLGC,QLogic
2005-07-01,2005-05-13,QCOM,Qualcomm
2005-07-01,2005-05-13,RIMM,Research in Motion
2005-07-01,2005-05-13,ROST,Ross Stores
2005-07-01,2005-05-13,RYAAY,Ryanair
2005-07-01,2005-05-13,SNDK,SanDisk
2005-07-01,2005-05-13,SANM,Sanmina-SCI
2005-07-01,2005-05-13,SEBL,Siebel Systems
2005-07-01,2005-05-13,SIAL,Sigma-Aldrich Corporation
2005-07-01,2005-05-13,SSCC,Smurfit-Stone Container Corporation
2005-07-01,2005-05-13,SPLS,Staples (company)
2005-07-01,2005-05-13,SBUX,Starbucks
2005-07-01,2005-05-13,SUNW,Sun Microsystems
2005-07-01,2005-05-13,SYMC,Symantec
2005-07-01,2005-05-13,SNPS,Synopsys
2005-07-01,2005-05-13,TLAB,Tellabs
2005-07-01,2005-05-13,TEVA,"Teva Pharmaceutical Industries, Ltd."
2005-07-01,2005-05-13,VRSN,VeriSign
2005-07-01,2005-05-13,VRTS,Veritas Software
2005-07-01,2005-05-13,WFMI,Whole Foods Market
2005-07-01,2005-05-13,XLNX,Xilinx
2005-07-01,2005-05-13,YHOO,Yahoo!
2006-01-01,2005-12-18,ATVI,Activision
2006-01-01,2005-12-18,ADBE,Adobe Systems
2006-01-01,2005-12-18,ALTR,Altera
2006-01-01,2005-12-18,AMZN,Amazon.com
2006-01-01,2005-12-18,APCC,American Power Conversion
2006-01-01,2005-12-18,AMGN,Amgen
2006-01-01,2005-12-18,APOL,Apollo Group
2006-01-01,2005-12-18,AAPL,Apple Computer
2006-01-01,2005-12-18,AMAT,Applied Materials
2006-01-01,2005-12-18,ATYT,ATI Technologies
2006-01-01,2005-12-18,ADSK,Autodesk
2006-01-01,2005-12-18,BEAS,BEA Systems
2006-01-01,2005-12-18,BBBY,Bed Bath & Beyond
2006-01-01,2005-12-18,BIIB,Biogen
2006-01-01,2005-12-18,BMET,Biomet
2006-01-01,2005-12-18,BRCM,Broadcom
2006-01-01,2005-12-18,CDNS,Cadence Design Systems
2006-01-01,2005-12-18,CHRW,C.H. Robinson Worldwide
2006-01-01,2005-12-18,CDWC,CDW
2006-01-01,2005-12-18,CELG,Celgene Corporation
2006-01-01,2005-12-18,CKFR,Checkfree Corporation
2006-01-01,2005-12-18,CHKP,Check Point
2006-01-01,2005-12-18,CHIR,Chiron Corporation
2006-01-01,2005-12-18,CTAS,Cintas
2006-01-01,2005-12-18,CSCO,Cisco Systems
2006-01-01,2005-12-18,CTXS,Citrix Systems
2006-01-01,2005-12-18,CTSH,Cognizant Technology Solutions
2006-01-01,2005-12-18,CMCSA,Comcast
2006-01-01,2005-12-18,CMVT,Comverse Technology
2006-01-01,2005-12-18,COST,Costco
2006-01-01,2005-12-18,DELL,Dell Computer
2006-01-01,2005-12-18,XRAY,DENTSPLY International
2006-01-01,2005-12-18,DISCA,Discovery Holding
2006-01-01,2005-12-18,EBAY,eBay
2006-01-01,2005-12-18,DISH,EchoStar Communications Corporation
2006-01-01,2005-12-18,ERTS,Electronic Arts
2006-01-01,2005-12-18,EXPE,Expedia
2006-01-01,2005-12-18,EXPD,Expeditors International
2006-01-01,2005-12-18,ESRX,Express Scripts
2006-01-01,2005-12-18,FAST,Fastenal
2006-01-01,2005-12-18,FISV,Fiserv
2006-01-01,2005-12-18,FLEX,Flextronics
2006-01-01,2005-12-18,GRMN,Garmin
2006-01-01,2005-12-18,GENZ,Genzyme General
2006-01-01,2005-12-18,GILD,Gilead Sciences
2006-01-01,2005-12-18,GOOG,Google
2006-01-01,2005-12-18,IACI,IAC/InterActiveCorp
2006-01-01,2005-12-18,INTC,Intel Corporation
2006-01-01,2005-12-18,INTU,"Intuit, Inc."
2006-01-01,2005-12-18,JDSU,JDS Uniphase
2006-01-01,2005-12-18,JNPR,Juniper Networks
2006-01-01,2005-12-18,KLAC,KLA-Tencor
2006-01-01,2005-12-18,LRCX,Lam Research Corporation
2006-01-01,2005-12-18,LAMR,Lamar Advertising Company
2006-01-01,2005-12-18,LBTYA,"Liberty Global, Inc."
2006-01-01,2005-12-18,LNCR,Lincare
2006-01-01,2005-12-18,LLTC,Linear Technology
2006-01-01,2005-12-18,ERICY,Ericsson
2006-01-01,2005-12-18,MRVL,Marvell Technology
2006-01-01,2005-12-18,MXIM,Maxim Integrated Products
2006-01-01,2005-12-18,MCIP,"MCI, Inc."
2006-01-01,2005-12-18,MEDI,MedImmune
2006-01-01,2005-12-18,MERQ,Mercury Interactive
2006-01-01,2005-12-18,MCHP,Microchip Technology Incorporated
2006-01-01,2005-12-18,MSFT,Microsoft
2006-01-01,2005-12-18,MNST,Monster Worldwide
2006-01-01,2005-12-18,NTAP,Network Appliance
2006-01-01,2005-12-18,NIHD,NII Holdings
2006-01-01,2005-12-18,NTLI,NTL
2006-01-01,2005-12-18,NVDA,Nvidia
2006-01-01,2005-12-18,ORCL,Oracle Corporation
2006-01-01,2005-12-18,PCAR,PACCAR
2006-01-01,2005-12-18,PDCO,Patterson Companies
2006-01-01,2005-12-18,PTEN,Patterson-UTI Energy
2006-01-01,2005-12-18,PAYX,Paychex
2006-01-01,2005-12-18,PETM,PETsMART
2006-01-01,2005-12-18,PIXR,Pixar
2006-01-01,2005-12-18,QCOM,Qualcomm
2006-01-01,2005-12-18,RHAT,Red Hat
2006-01-01,2005-12-18,RIMM,Research in Motion
2006-01-01,2005-12-18,ROST,Ross Stores
2006-01-01,2005-12-18,SNDK,SanDisk
2006-01-01,2005-12-18,SHLD,Sears Holdings Corporation
2006-01-01,2005-12-18,SEPR,Sepracor
2006-01-01,2005-12-18,SEBL,Siebel Systems
2006-01-01,2005-12-18,SIAL,Sigma-Aldrich Corporation
2006-01-01,2005-12-18,SIRI,Sirius Satellite Radio
2006-01-01,2005-12-18,SPLS,Staples (company)
2006-01-01,2005-12-18,SBUX,Starbucks
2006-01-01,2005-12-18,SUNW,Sun Microsystems
2006-01-01,2005-12-18,SYMC,Symantec
2006-01-01,2005-12-18,TLAB,Tellabs
2006-01-01,2005-12-18,TEVA,"Teva Pharmaceutical Industries, Ltd."
2006-01-01,2005-12-18,URBN,Urban Outfitters
2006-01-01,2005-12-18,VRSN,VeriSign
2006-01-01,2005-12-18,WFMI,Whole Foods Market
2006-01-01,2005-12-18,WYNN,Wynn Resorts Limited
2006-01-01,2005-12-18,XLNX,Xilinx
2006-01-01,2005-12-18,XMSR,XM Satellite Radio
2006-01-01,2005-12-18,YHOO,Yahoo!
2006-04-01,2006-03-24,ATVI,Activision
2006-04-01,2006-03-24,ADBE,Adobe Systems
2006-04-01,2006-03-24,ALTR,Altera
2006-04-01,2006-03-24,AMZN,Amazon.com
2006-04-01,2006-03-24,APCC,American Power Conversion
2006-04-01,2006-03-24,AMGN,Amgen
2006-04-01,2006-03-24,AMLN,Amylin Pharmaceuticals Inc.
2006-04-01,2006-03-24,APOL,Apollo Group
2006-04-01,2006-03-24,AAPL,Apple Computer
2006-04-01,2006-03-24,AMAT,Applied Materials
2006-04-01,2006-03-24,ATYT,ATI Technologies
2006-04-01,2006-03-24,ADSK,Autodesk
2006-04-01,2006-03-24,BEAS,BEA Systems
2006-04-01,2006-03-24,BBBY,Bed Bath & Beyond
2006-04-01,2006-03-24,BIIB,Biogen
2006-04-01,2006-03-24,BMET,Biomet
2006-04-01,2006-03-24,BRCM,Broadcom
2006-04-01,2006-03-24,CDNS,Cadence Design Systems
2006-04-01,2006-03-24,CHRW,C.H. Robinson Worldwide
2006-04-01,2006-03-24,CDWC,CDW
2006-04-01,2006-03-24,CELG,Celgene Corporation
2006-04-01,2006-03-24,CKFR,Checkfree Corporation
2006-04-01,2006-03-24,CHKP,Check Point
2006-04-01,2006-03-24,CHIR,Chiron Corporation
2006-04-01,2006-03-24,CTAS,Cintas
2006-04-01,2006-03-24,CSCO,Cisco Systems
2006-04-01,2006-03-24,CTXS,Citrix Systems
2006-04-01,2006-03-24,CTSH,Cognizant Technology Solutions
2006-04-01,2006-03-24,CMCSA,Comcast
2006-04-01,2006-03-24,CMVT,Comverse Technology
2006-04-01,2006-03-24,COST,Costco
2006-04-01,2006-03-24,DELL,Dell Computer
2006-04-01,2006-03-24,XRAY,DENTSPLY International
2006-04-01,2006-03-24,DISCA,Discovery Holding
2006-04-01,2006-03-24,EBAY,eBay
2006-04-01,2006-03-24,DISH,EchoStar Communications Corporation
2006-04-01,2006-03-24,ERTS,Electronic Arts
2006-04-01,2006-03-24,EXPE,Expedia
2006-04-01,2006-03-24,EXPD,Expeditors International
2006-04-01,2006-03-24,ESRX,Express Scripts
2006-04-01,2006-03-24,FAST,Fastenal
2006-04-01,2006-03-24,FISV,Fiserv
2006-04-01,2006-03-24,FLEX,Flextronics
2006-04-01,2006-03-24,GRMN,Garmin
2006-04-01,2006-03-24,GENZ,Genzyme General
2006-04-01,2006-03-24,GILD,Gilead Sciences
2006-04-01,2006-03-24,GOOG,Google
2006-04-01,2006-03-24,IACI,IAC/InterActiveCorp
2006-04-01,2006-03-24,INTC,Intel Corporation
2006-04-01,2006-03-24,INTU,"Intuit, Inc."
2006-04-01,2006-03-24,JDSU,JDS Uniphase
2006-04-01,2006-03-24,JNPR,Juniper Networks
2006-04-01,2006-03-24,KLAC,KLA-Tencor
2006-04-01,2006-03-24,LRCX,Lam Research Corporation
2006-04-01,2006-03-24,LAMR,Lamar Advertising Company
2006-04-01,2006-03-24,LBTYA,"Liberty Global, Inc."
2006-04-01,2006-03-24,LNCR,Lincare
2006-04-01,2006-03-24,LLTC,Linear Technology
2006-04-01,2006-03-24,ERICY,Ericsson
2006-04-01,2006-03-24,MRVL,Marvell Technology
2006-04-01,2006-03-24,MXIM,Maxim Integrated Products
2006-04-01,2006-03-24,MEDI,MedImmune
2006-04-01,2006-03-24,MERQ,Mercury Interactive
2006-04-01,2006-03-24,MCHP,Microchip Technology Incorporated
2006-04-01,2006-03-24,MSFT,Microsoft
2006-04-01,2006-03-24,MNST,Monster Worldwide
2006-04-01,2006-03-24,NTAP,Network Appliance
2006-04-01,2006-03-24,NIHD,NII Holdings
2006-04-01,2006-03-24,NTLI,NTL
2006-04-01,2006-03-24,NVDA,Nvidia
2006-04-01,2006-03-24,ORCL,Oracle Corporation
2006-04-01,2006-03-24,PCAR,PACCAR
2006-04-01,2006-03-24,PDCO,Patterson Companies
2006-04-01,2006-03-24,PTEN,Patterson-UTI Energy
2006-04-01,2006-03-24,PAYX,Paychex
2006-04-01,2006-03-24,PETM,PETsMART
2006-04-01,2006-03-24,PIXR,Pixar
2006-04-01,2006-03-24,QCOM,Qualcomm
2006-04-01,2006-03-24,RHAT,Red Hat
2006-04-01,2006-03-24,RIMM,Research in Motion
2006-04-01,2006-03-24,ROST,Ross Stores
2006-04-01,2006-03-24,SNDK,SanDisk
2006-04-01,2006-03-24,SHLD,Sears Holdings Corporation
2006-04-01,2006-03-24,SEPR,Sepracor
2006-04-01,2006-03-24,SEBL,Siebel Systems
2006-04-01,2006-03-24,SIAL,Sigma-Aldrich Corporation
2006-04-01,2006-03-24,SIRI,Sirius Satellite Radio
2006-04-01,2006-03-24,SPLS,Staples (company)
2006-04-01,2006-03-24,SBUX,Starbucks
2006-04-01,2006-03-24,SUNW,Sun Microsystems
2006-04-01,2006-03-24,SYMC,Symantec
2006-04-01,2006-03-24,TLAB,Tellabs
2006-04-01,2006-03-24,TEVA,"Teva Pharmaceutical Industries, Ltd."
2006-04-01,2006-03-24,URBN,Urban Outfitters
2006-04-01,2006-03-24,VRSN,VeriSign
2006-04-01,2006-03-24,WFMI,Whole Foods Market
2006-04-01,2006-03-24,WYNN,Wynn Resorts Limited
2006-04-01,2006-03-24,XLNX,Xilinx
2006-04-01,2006-03-24,XMSR,XM Satellite Radio
2006-04-01,2006-03-24,YHOO,Yahoo!
2006-07-01,2006-06-29,ATVI,Activision
2006-07-01,2006-06-29,ADBE,Adobe Systems
2006-07-01,2006-06-29,ALTR,Altera
2006-07-01,2006-06-29,AMZN,Amazon.com
2006-07-01,2006-06-29,APCC,American Power Conversion
2006-07-01,2006-06-29,AMGN,Amgen
2006-07-01,2006-06-29,AMLN,Amylin Pharmaceuticals Inc.
2006-07-01,2006-06-29,APOL,Apollo Group
2006-07-01,2006-06-29,AAPL,Apple Computer
2006-07-01,2006-06-29,AMAT,Applied Materials
2006-07-01,2006-06-29,ATYT,ATI Technologies
2006-07-01,2006-06-29,ADSK,Autodesk
2006-07-01,2006-06-29,BEAS,BEA Systems
2006-07-01,2006-06-29,BBBY,Bed Bath & Beyond
2006-07-01,2006-06-29,BIIB,Biogen
2006-07-01,2006-06-29,BMET,Biomet
2006-07-01,2006-06-29,BRCM,Broadcom
2006-07-01,2006-06-29,CDNS,Cadence Design Systems
2006-07-01,2006-06-29,CHRW,C.H. Robinson Worldwide
2006-07-01,2006-06-29,CDWC,CDW
2006-07-01,2006-06-29,CELG,Celgene Corporation
2006-07-01,2006-06-29,CKFR,Checkfree Corporation
2006-07-01,2006-06-29,CHKP,Check Point
2006-07-01,2006-06-29,CHIR,Chiron Corporation
2006-07-01,2006-06-29,CTAS,Cintas
2006-07-01,2006-06-29,CSCO,Cisco Systems
2006-07-01,2006-06-29,CTXS,Citrix Systems
2006-07-01,2006-06-29,CTSH,Cognizant Technology Solutions
2006-07-01,2006-06-29,CMCSA,Comcast
2006-07-01,2006-06-29,CMVT,Comverse Technology
2006-07-01,2006-06-29,COST,Costco
2006-07-01,2006-06-29,DELL,Dell Computer
2006-07-01,2006-06-29,XRAY,DENTSPLY International
2006-07-01,2006-06-29,DISCA,Discovery Holding
2006-07-01,2006-06-29,EBAY,eBay
2006-07-01,2006-06-29,DISH,EchoStar Communications Corporation
2006-07-01,2006-06-29,ERTS,Electronic Arts
2006-07-01,2006-06-29,EXPE,Expedia
2006-07-01,2006-06-29,EXPD,Expeditors International
2006-07-01,2006-06-29,ESRX,Express Scripts
2006-07-01,2006-06-29,FAST,Fastenal
2006-07-01,2006-06-29,FISV,Fiserv
2006-07-01,2006-06-29,FLEX,Flextronics
2006-07-01,2006-06-29,GRMN,Garmin
2006-07-01,2006-06-29,GENZ,Genzyme General
2006-07-01,2006-06-29,GILD,Gilead Sciences
2006-07-01,2006-06-29,GOOG,Google
2006-07-01,2006-06-29,IACI,IAC/InterActiveCorp
2006-07-01,2006-06-29,INTC,Intel Corporation
2006-07-01,2006-06-29,INTU,"Intuit, Inc."
2006-07-01,2006-06-29,JDSU,JDS Uniphase
2006-07-01,2006-06-29,JNPR,Juniper Networks
2006-07-01,2006-06-29,KLAC,KLA-Tencor
2006-07-01,2006-06-29,LRCX,Lam Research Corporation
2006-07-01,2006-06-29,LAMR,Lamar Advertising Company
2006-07-01,2006-06-29,LBTYA,"Liberty Global, Inc."
2006-07-01,2006-06-29,LNCR,Lincare
2006-07-01,2006-06-29,LLTC,Linear Technology
2006-07-01,2006-06-29,ERICY,Ericsson
2006-07-01,2006-06-29,MRVL,Marvell Technology
2006-07-01,2006-06-29,MXIM,Maxim Integrated Products
2006-07-01,2006-06-29,MEDI,MedImmune
2006-07-01,2006-06-29,MERQ,Mercury Interactive
2006-07-01,2006-06-29,MCHP,Microchip Technology Incorporated
2006-07-01,2006-06-29,MSFT,Microsoft
2006-07-01,2006-06-29,MNST,Monster Worldwide
2006-07-01,2006-06-29,NTAP,Network Appliance
2006-07-01,2006-06-29,NIHD,NII Holdings
2006-07-01,2006-06-29,NTLI,NTL
2006-07-01,2006-06-29,NVDA,Nvidia
2006-07-01,2006-06-29,ORCL,Oracle Corporation
2006-07-01,2006-06-29,PCAR,PACCAR
2006-07-01,2006-06-29,PDCO,Patterson Companies
2006-07-01,2006-06-29,PTEN,Patterson-UTI Energy
2006-07-01,2006-06-29,PAYX,Paychex
2006-07-01,2006-06-29,PETM,PetSmart
2006-07-01,2006-06-29,PIXR,Pixar
2006-07-01,2006-06-29,QCOM,Qualcomm
2006-07-01,2006-06-29,RHAT,Red Hat
2006-07-01,2006-06-29,RIMM,Research in Motion
2006-07-01,2006-06-29,ROST,Ross Stores
2006-07-01,2006-06-29,SNDK,SanDisk
2006-07-01,2006-06-29,SHLD,Sears Holdings Corporation
2006-07-01,2006-06-29,SEPR,Sepracor
2006-07-01,2006-06-29,SEBL,Siebel Systems
2006-07-01,2006-06-29,SIAL,Sigma-Aldrich Corporation
2006-07-01,2006-06-29,SIRI,Sirius Satellite Radio
2006-07-01,2006-06-29,SPLS,Staples (company)
2006-07-01,2006-06-29,SBUX,Starbucks
2006-07-01,2006-06-29,SUNW,Sun Microsystems
2006-07-01,2006-06-29,SYMC,Symantec
2006-07-01,2006-06-29,TLAB,Tellabs
2006-07-01,2006-06-29,TEVA,"Teva Pharmaceutical Industries, Ltd."
2006-07-01,2006-06-29,URBN,Urban Outfitters
2006-07-01,2006-06-29,VRSN,VeriSign
2006-07-01,2006-06-29,WFMI,Whole Foods Market
2006-07-01,2006-06-29,WYNN,Wynn Resorts Limited
2006-07-01,2006-06-29,XLNX,Xilinx
2006-07-01,2006-06-29,XMSR,XM Satellite Radio
2006-07-01,2006-06-29,YHOO,Yahoo!
2006-10-01,2006-09-07,ATVI,Activision
2006-10-01,2006-09-07,ADBE,Adobe Systems
2006-10-01,2006-09-07,ALTR,Altera
2006-10-01,2006-09-07,AMZN,Amazon.com
2006-10-01,2006-09-07,APCC,American Power Conversion
2006-10-01,2006-09-07,AMGN,Amgen
2006-10-01,2006-09-07,AMLN,Amylin Pharmaceuticals Inc.
2006-10-01,2006-09-07,APOL,Apollo Group
2006-10-01,2006-09-07,AAPL,Apple Computer
2006-10-01,2006-09-07,AMAT,Applied Materials
2006-10-01,2006-09-07,ATYT,ATI Technologies
2006-10-01,2006-09-07,ADSK,Autodesk
2006-10-01,2006-09-07,BEAS,BEA Systems
2006-10-01,2006-09-07,BBBY,Bed Bath & Beyond
2006-10-01,2006-09-07,BIIB,Biogen
2006-10-01,2006-09-07,BMET,Biomet
2006-10-01,2006-09-07,BRCM,Broadcom
2006-10-01,2006-09-07,CDNS,Cadence Design Systems
2006-10-01,2006-09-07,CHRW,C.H. Robinson Worldwide
2006-10-01,2006-09-07,CDWC,CDW
2006-10-01,2006-09-07,CELG,Celgene Corporation
2006-10-01,2006-09-07,CKFR,Checkfree Corporation
2006-10-01,2006-09-07,CHKP,Check Point
2006-10-01,2006-09-07,CHIR,Chiron Corporation
2006-10-01,2006-09-07,CTAS,Cintas
2006-10-01,2006-09-07,CSCO,Cisco Systems
2006-10-01,2006-09-07,CTXS,Citrix Systems
2006-10-01,2006-09-07,CTSH,Cognizant Technology Solutions
2006-10-01,2006-09-07,CMCSA,Comcast
2006-10-01,2006-09-07,CMVT,Comverse Technology
2006-10-01,2006-09-07,COST,Costco
2006-10-01,2006-09-07,DELL,Dell Computer
2006-10-01,2006-09-07,XRAY,DENTSPLY International
2006-10-01,2006-09-07,DISCA,Discovery Holding
2006-10-01,2006-09-07,EBAY,eBay
2006-10-01,2006-09-07,DISH,EchoStar Communications Corporation
2006-10-01,2006-09-07,ERTS,Electronic Arts
2006-10-01,2006-09-07,EXPE,Expedia
2006-10-01,2006-09-07,EXPD,Expeditors International
2006-10-01,2006-09-07,ESRX,Express Scripts
2006-10-01,2006-09-07,FAST,Fastenal
2006-10-01,2006-09-07,FISV,Fiserv
2006-10-01,2006-09-07,FLEX,Flextronics
2006-10-01,2006-09-07,GRMN,Garmin
2006-10-01,2006-09-07,GENZ,Genzyme General
2006-10-01,2006-09-07,GILD,Gilead Sciences
2006-10-01,2006-09-07,GOOG,Google
2006-10-01,2006-09-07,IACI,IAC/InterActiveCorp
2006-10-01,2006-09-07,INTC,Intel Corporation
2006-10-01,2006-09-07,INTU,"Intuit, Inc."
2006-10-01,2006-09-07,JDSU,JDS Uniphase
2006-10-01,2006-09-07,JNPR,Juniper Networks
2006-10-01,2006-09-07,KLAC,KLA-Tencor
2006-10-01,2006-09-07,LRCX,Lam Research Corporation
2006-10-01,2006-09-07,LAMR,Lamar Advertising Company
2006-10-01,2006-09-07,LBTYA,"Liberty Global, Inc."
2006-10-01,2006-09-07,LNCR,Lincare
2006-10-01,2006-09-07,LLTC,Linear Technology
2006-10-01,2006-09-07,ERICY,Ericsson
2006-10-01,2006-09-07,MRVL,Marvell Technology
2006-10-01,2006-09-07,MXIM,Maxim Integrated Products
2006-10-01,2006-09-07,MEDI,MedImmune
2006-10-01,2006-09-07,MERQ,Mercury Interactive
2006-10-01,2006-09-07,MCHP,Microchip Technology Incorporated
2006-10-01,2006-09-07,MSFT,Microsoft
2006-10-01,2006-09-07,MNST,Monster Worldwide
2006-10-01,2006-09-07,NTAP,Network Appliance
2006-10-01,2006-09-07,NIHD,NII Holdings
2006-10-01,2006-09-07,NTLI,NTL
2006-10-01,2006-09-07,NVDA,Nvidia
2006-10-01,2006-09-07,ORCL,Oracle Corporation
2006-10-01,2006-09-07,PCAR,PACCAR
2006-10-01,2006-09-07,PDCO,Patterson Companies
2006-10-01,2006-09-07,PTEN,Patterson-UTI Energy
2006-10-01,2006-09-07,PAYX,Paychex
2006-10-01,2006-09-07,PETM,PetSmart
2006-10-01,2006-09-07,PIXR,Pixar
2006-10-01,2006-09-07,QCOM,Qualcomm
2006-10-01,2006-09-07,RHAT,Red Hat
2006-10-01,2006-09-07,RIMM,Research in Motion
2006-10-01,2006-09-07,ROST,Ross Stores
2006-10-01,2006-09-07,SNDK,SanDisk
2006-10-01,2006-09-07,SHLD,Sears Holdings Corporation
2006-10-01,2006-09-07,SEPR,Sepracor
2006-10-01,2006-09-07,SEBL,Siebel Systems
2006-10-01,2006-09-07,SIAL,Sigma-Aldrich Corporation
2006-10-01,2006-09-07,SIRI,Sirius Satellite Radio
2006-10-01,2006-09-07,SPLS,Staples (company)
2006-10-01,2006-09-07,SBUX,Starbucks
2006-10-01,2006-09-07,SUNW,Sun Microsystems
2006-10-01,2006-09-07,SYMC,Symantec
2006-10-01,2006-09-07,TLAB,Tellabs
2006-10-01,2006-09-07,TEVA,"Teva Pharmaceutical Industries, Ltd."
2006-10-01,2006-09-07,URBN,Urban Outfitters
2006-10-01,2006-09-07,VRSN,VeriSign
2006-10-01,2006-09-07,WFMI,Whole Foods Market
2006-10-01,2006-09-07,WYNN,Wynn Resorts Limited
2006-10-01,2006-09-07,XLNX,Xilinx
2006-10-01,2006-09-07,XMSR,XM Satellite Radio
2006-10-01,2006-09-07,YHOO,Yahoo!
2007-01-01,2006-12-26,ATVI,Activision
2007-01-01,2006-12-26,ADBE,Adobe Systems
2007-01-01,2006-12-26,AKAM,Akamai
2007-01-01,2006-12-26,ALTR,Altera
2007-01-01,2006-12-26,AMZN,Amazon.com
2007-01-01,2006-12-26,AEOS,American Eagle Outfitters
2007-01-01,2006-12-26,APCC,American Power Conversion
2007-01-01,2006-12-26,AMGN,Amgen
2007-01-01,2006-12-26,AMLN,Amylin Pharmaceuticals Inc.
2007-01-01,2006-12-26,APOL,Apollo Group
2007-01-01,2006-12-26,AAPL,Apple Computer
2007-01-01,2006-12-26,AMAT,Applied Materials
2007-01-01,2006-12-26,ADSK,Autodesk
2007-01-01,2006-12-26,BEAS,BEA Systems
2007-01-01,2006-12-26,BBBY,Bed Bath & Beyond
2007-01-01,2006-12-26,BIIB,Biogen
2007-01-01,2006-12-26,BMET,Biomet
2007-01-01,2006-12-26,BRCM,Broadcom
2007-01-01,2006-12-26,CHRW,C.H. Robinson Worldwide
2007-01-01,2006-12-26,CDNS,Cadence Design Systems
2007-01-01,2006-12-26,CDWC,CDW
2007-01-01,2006-12-26,CELG,Celgene Corporation
2007-01-01,2006-12-26,CHKP,Check Point
2007-01-01,2006-12-26,CKFR,CheckFree Corporation
2007-01-01,2006-12-26,CTAS,Cintas
2007-01-01,2006-12-26,CSCO,Cisco Systems
2007-01-01,2006-12-26,CTXS,Citrix Systems
2007-01-01,2006-12-26,CTSH,Cognizant Technology Solutions
2007-01-01,2006-12-26,CMCSA,Comcast
2007-01-01,2006-12-26,CMVT,Comverse Technology
2007-01-01,2006-12-26,COST,Costco
2007-01-01,2006-12-26,DELL,Dell Computer
2007-01-01,2006-12-26,XRAY,DENTSPLY International
2007-01-01,2006-12-26,DISCA,Discovery Holding Company
2007-01-01,2006-12-26,EBAY,eBay
2007-01-01,2006-12-26,DISH,EchoStar Communications Corporation
2007-01-01,2006-12-26,ERTS,Electronic Arts
2007-01-01,2006-12-26,EXPE,Expedia
2007-01-01,2006-12-26,EXPD,Expeditors International
2007-01-01,2006-12-26,ESRX,Express Scripts
2007-01-01,2006-12-26,FAST,Fastenal
2007-01-01,2006-12-26,FISV,Fiserv
2007-01-01,2006-12-26,FLEX,Flextronics
2007-01-01,2006-12-26,GRMN,Garmin
2007-01-01,2006-12-26,GENZ,Genzyme Corporation
2007-01-01,2006-12-26,GILD,Gilead Sciences
2007-01-01,2006-12-26,GOOG,Google
2007-01-01,2006-12-26,IACI,IAC/InterActiveCorp
2007-01-01,2006-12-26,INFY,Infosys Technologies
2007-01-01,2006-12-26,INTC,Intel Corporation
2007-01-01,2006-12-26,INTU,"Intuit, Inc."
2007-01-01,2006-12-26,ISRG,Intuitive Surgical
2007-01-01,2006-12-26,JOYG,Joy Global
2007-01-01,2006-12-26,JNPR,Juniper Networks
2007-01-01,2006-12-26,KLAC,KLA-Tencor
2007-01-01,2006-12-26,LRCX,Lam Research Corporation
2007-01-01,2006-12-26,LAMR,Lamar Advertising Company
2007-01-01,2006-12-26,LVLT,Level 3 Communications
2007-01-01,2006-12-26,LBTYA,"Liberty Global, Inc."
2007-01-01,2006-12-26,LINTA,Liberty Media
2007-01-01,2006-12-26,LLTC,Linear Technology
2007-01-01,2006-12-26,ERIC,Ericsson
2007-01-01,2006-12-26,MRVL,Marvell Technology Group
2007-01-01,2006-12-26,MXIM,Maxim Integrated Products
2007-01-01,2006-12-26,MEDI,MedImmune
2007-01-01,2006-12-26,MCHP,Microchip Technology
2007-01-01,2006-12-26,MSFT,Microsoft
2007-01-01,2006-12-26,MICC,Millicom
2007-01-01,2006-12-26,MNST,Monster Worldwide
2007-01-01,2006-12-26,NTAP,Network Appliance
2007-01-01,2006-12-26,NIHD,NII Holdings
2007-01-01,2006-12-26,NTLI,NTL
2007-01-01,2006-12-26,NVDA,Nvidia
2007-01-01,2006-12-26,ORCL,Oracle Corporation
2007-01-01,2006-12-26,PCAR,PACCAR
2007-01-01,2006-12-26,PDCO,Patterson Companies
2007-01-01,2006-12-26,PTEN,Patterson-UTI Energy
2007-01-01,2006-12-26,PAYX,Paychex
2007-01-01,2006-12-26,PETM,PetSmart
2007-01-01,2006-12-26,QCOM,Qualcomm
2007-01-01,2006-12-26,RIMM,Research in Motion
2007-01-01,2006-12-26,ROST,Ross Stores
2007-01-01,2006-12-26,SNDK,SanDisk
2007-01-01,2006-12-26,SHLD,Sears Holdings Corporation
2007-01-01,2006-12-26,SEPR,Sepracor
2007-01-01,2006-12-26,SIAL,Sigma-Aldrich Corporation
2007-01-01,2006-12-26,SIRI,Sirius Satellite Radio
2007-01-01,2006-12-26,SPLS,Staples (company)
2007-01-01,2006-12-26,SBUX,Starbucks
2007-01-01,2006-12-26,SUNW,Sun Microsystems
2007-01-01,2006-12-26,SYMC,Symantec
2007-01-01,2006-12-26,TLAB,Tellabs
2007-01-01,2006-12-26,TEVA,"Teva Pharmaceutical Industries, Ltd."
2007-01-01,2006-12-26,VRSN,VeriSign
2007-01-01,2006-12-26,VRTX,Vertex Pharmaceuticals
2007-01-01,2006-12-26,WFMI,Whole Foods Market
2007-01-01,2006-12-26,WYNN,Wynn Resorts Limited
2007-01-01,2006-12-26,XLNX,Xilinx
2007-01-01,2006-12-26,XMSR,XM Satellite Radio
2007-01-01,2006-12-26,YHOO,Yahoo!
2007-04-01,2007-03-23,ATVI,Activision
2007-04-01,2007-03-23,ADBE,Adobe Systems
2007-04-01,2007-03-23,AKAM,Akamai
2007-04-01,2007-03-23,ALTR,Altera
2007-04-01,2007-03-23,AMZN,Amazon.com
2007-04-01,2007-03-23,AMGN,Amgen
2007-04-01,2007-03-23,AMLN,Amylin Pharmaceuticals Inc.
2007-04-01,2007-03-23,APOL,Apollo Group
2007-04-01,2007-03-23,AAPL,Apple Inc.
2007-04-01,2007-03-23,AMAT,Applied Materials
2007-04-01,2007-03-23,ADSK,Autodesk
2007-04-01,2007-03-23,BEAS,BEA Systems
2007-04-01,2007-03-23,BBBY,Bed Bath & Beyond
2007-04-01,2007-03-23,BIIB,Biogen
2007-04-01,2007-03-23,BMET,Biomet
2007-04-01,2007-03-23,BRCM,Broadcom
2007-04-01,2007-03-23,CHRW,C.H. Robinson Worldwide
2007-04-01,2007-03-23,CDNS,Cadence Design Systems
2007-04-01,2007-03-23,CDWC,CDW
2007-04-01,2007-03-23,CELG,Celgene Corporation
2007-04-01,2007-03-23,CHKP,Check Point
2007-04-01,2007-03-23,CKFR,CheckFree Corporation
2007-04-01,2007-03-23,CTAS,Cintas
2007-04-01,2007-03-23,CSCO,Cisco Systems
2007-04-01,2007-03-23,CTXS,Citrix Systems
2007-04-01,2007-03-23,CTSH,Cognizant Technology Solutions
2007-04-01,2007-03-23,CMCSA,Comcast
2007-04-01,2007-03-23,COST,Costco
2007-04-01,2007-03-23,DELL,Dell Computer
2007-04-01,2007-03-23,XRAY,DENTSPLY International
2007-04-01,2007-03-23,DISCA,Discovery Holding Company
2007-04-01,2007-03-23,EBAY,eBay
2007-04-01,2007-03-23,DISH,EchoStar Communications Corporation
2007-04-01,2007-03-23,ERTS,Electronic Arts
2007-04-01,2007-03-23,EXPE,Expedia
2007-04-01,2007-03-23,EXPD,Expeditors International
2007-04-01,2007-03-23,ESRX,Express Scripts
2007-04-01,2007-03-23,FAST,Fastenal
2007-04-01,2007-03-23,FISV,Fiserv
2007-04-01,2007-03-23,FLEX,Flextronics
2007-04-01,2007-03-23,GRMN,Garmin
2007-04-01,2007-03-23,GENZ,Genzyme Corporation
2007-04-01,2007-03-23,GILD,Gilead Sciences
2007-04-01,2007-03-23,GOOG,Google
2007-04-01,2007-03-23,IACI,IAC/InterActiveCorp
2007-04-01,2007-03-23,INFY,Infosys Technologies
2007-04-01,2007-03-23,INTC,Intel Corporation
2007-04-01,2007-03-23,INTU,"Intuit, Inc."
2007-04-01,2007-03-23,ISRG,Intuitive Surgical
2007-04-01,2007-03-23,JOYG,Joy Global
2007-04-01,2007-03-23,JNPR,Juniper Networks
2007-04-01,2007-03-23,KLAC,KLA-Tencor
2007-04-01,2007-03-23,LRCX,Lam Research Corporation
2007-04-01,2007-03-23,LAMR,Lamar Advertising Company
2007-04-01,2007-03-23,LVLT,Level 3 Communications
2007-04-01,2007-03-23,LBTYA,"Liberty Global, Inc."
2007-04-01,2007-03-23,LINTA,Liberty Media
2007-04-01,2007-03-23,LLTC,Linear Technology
2007-04-01,2007-03-23,ERIC,Ericsson
2007-04-01,2007-03-23,LOGI,Logitech
2007-04-01,2007-03-23,MRVL,Marvell Technology Group
2007-04-01,2007-03-23,MXIM,Maxim Integrated Products
2007-04-01,2007-03-23,MEDI,MedImmune
2007-04-01,2007-03-23,MCHP,Microchip Technology
2007-04-01,2007-03-23,MSFT,Microsoft
2007-04-01,2007-03-23,MICC,Millicom
2007-04-01,2007-03-23,MNST,Monster Worldwide
2007-04-01,2007-03-23,NTAP,Network Appliance
2007-04-01,2007-03-23,NIHD,NII Holdings
2007-04-01,2007-03-23,NTLI,NTL
2007-04-01,2007-03-23,NVDA,NVIDIA
2007-04-01,2007-03-23,ORCL,Oracle Corporation
2007-04-01,2007-03-23,PCAR,PACCAR
2007-04-01,2007-03-23,PDCO,Patterson Companies
2007-04-01,2007-03-23,PTEN,Patterson-UTI Energy
2007-04-01,2007-03-23,PAYX,Paychex
2007-04-01,2007-03-23,PETM,PetSmart
2007-04-01,2007-03-23,QCOM,Qualcomm
2007-04-01,2007-03-23,RIMM,Research in Motion
2007-04-01,2007-03-23,ROST,Ross Stores
2007-04-01,2007-03-23,RYAAY,Ryanair
2007-04-01,2007-03-23,SNDK,SanDisk
2007-04-01,2007-03-23,SHLD,Sears Holdings Corporation
2007-04-01,2007-03-23,SEPR,Sepracor
2007-04-01,2007-03-23,SIAL,Sigma-Aldrich Corporation
2007-04-01,2007-03-23,SIRI,Sirius Satellite Radio
2007-04-01,2007-03-23,SPLS,Staples (company)
2007-04-01,2007-03-23,SBUX,Starbucks
2007-04-01,2007-03-23,SUNW,Sun Microsystems
2007-04-01,2007-03-23,SYMC,Symantec
2007-04-01,2007-03-23,TLAB,Tellabs
2007-04-01,2007-03-23,TEVA,"Teva Pharmaceutical Industries, Ltd."
2007-04-01,2007-03-23,UAUA,UAL Corporation
2007-04-01,2007-03-23,VRSN,VeriSign
2007-04-01,2007-03-23,VRTX,Vertex Pharmaceuticals
2007-04-01,2007-03-23,WFMI,Whole Foods Market
2007-04-01,2007-03-23,WYNN,Wynn Resorts Limited
2007-04-01,2007-03-23,XLNX,Xilinx
2007-04-01,2007-03-23,XMSR,XM Satellite Radio
2007-04-01,2007-03-23,YHOO,Yahoo!
2007-07-01,2007-06-26,ATVI,Activision
2007-07-01,2007-06-26,ADBE,Adobe Systems
2007-07-01,2007-06-26,AKAM,Akamai
2007-07-01,2007-06-26,ALTR,Altera
2007-07-01,2007-06-26,AMZN,Amazon.com
2007-07-01,2007-06-26,AMGN,Amgen
2007-07-01,2007-06-26,AMLN,Amylin Pharmaceuticals Inc.
2007-07-01,2007-06-26,APOL,Apollo Group
2007-07-01,2007-06-26,AAPL,Apple Inc.
2007-07-01,2007-06-26,AMAT,Applied Materials
2007-07-01,2007-06-26,ADSK,Autodesk
2007-07-01,2007-06-26,BEAS,BEA Systems
2007-07-01,2007-06-26,BBBY,Bed Bath & Beyond
2007-07-01,2007-06-26,BIIB,Biogen
2007-07-01,2007-06-26,BMET,Biomet
2007-07-01,2007-06-26,BRCM,Broadcom
2007-07-01,2007-06-26,CHRW,C.H. Robinson Worldwide
2007-07-01,2007-06-26,CDNS,Cadence Design Systems
2007-07-01,2007-06-26,CDWC,CDW
2007-07-01,2007-06-26,CELG,Celgene Corporation
2007-07-01,2007-06-26,CEPH,Cephalon
2007-07-01,2007-06-26,CHKP,Check Point
2007-07-01,2007-06-26,CKFR,CheckFree Corporation
2007-07-01,2007-06-26,CTAS,Cintas
2007-07-01,2007-06-26,CSCO,Cisco Systems
2007-07-01,2007-06-26,CTXS,Citrix Systems
2007-07-01,2007-06-26,CTSH,Cognizant Technology Solutions
2007-07-01,2007-06-26,CMCSA,Comcast
2007-07-01,2007-06-26,COST,Costco
2007-07-01,2007-06-26,DELL,Dell Computer
2007-07-01,2007-06-26,XRAY,DENTSPLY International
2007-07-01,2007-06-26,DISCA,Discovery Holding Company
2007-07-01,2007-06-26,EBAY,eBay
2007-07-01,2007-06-26,DISH,EchoStar Communications Corporation
2007-07-01,2007-06-26,ERTS,Electronic Arts
2007-07-01,2007-06-26,EXPE,Expedia
2007-07-01,2007-06-26,EXPD,Expeditors International
2007-07-01,2007-06-26,ESRX,Express Scripts
2007-07-01,2007-06-26,FAST,Fastenal
2007-07-01,2007-06-26,FISV,Fiserv
2007-07-01,2007-06-26,FLEX,Flextronics
2007-07-01,2007-06-26,GRMN,Garmin
2007-07-01,2007-06-26,GENZ,Genzyme Corporation
2007-07-01,2007-06-26,GILD,Gilead Sciences
2007-07-01,2007-06-26,GOOG,Google
2007-07-01,2007-06-26,IACI,IAC/InterActiveCorp
2007-07-01,2007-06-26,INFY,Infosys Technologies
2007-07-01,2007-06-26,INTC,Intel Corporation
2007-07-01,2007-06-26,INTU,"Intuit, Inc."
2007-07-01,2007-06-26,ISRG,Intuitive Surgical
2007-07-01,2007-06-26,JOYG,Joy Global
2007-07-01,2007-06-26,JNPR,Juniper Networks
2007-07-01,2007-06-26,KLAC,KLA-Tencor
2007-07-01,2007-06-26,LRCX,Lam Research Corporation
2007-07-01,2007-06-26,LAMR,Lamar Advertising Company
2007-07-01,2007-06-26,LVLT,Level 3 Communications
2007-07-01,2007-06-26,LBTYA,"Liberty Global, Inc."
2007-07-01,2007-06-26,LINTA,Liberty Media
2007-07-01,2007-06-26,LLTC,Linear Technology
2007-07-01,2007-06-26,ERIC,Ericsson
2007-07-01,2007-06-26,LOGI,Logitech
2007-07-01,2007-06-26,MRVL,Marvell Technology Group
2007-07-01,2007-06-26,MXIM,Maxim Integrated Products
2007-07-01,2007-06-26,MCHP,Microchip Technology
2007-07-01,2007-06-26,MSFT,Microsoft
2007-07-01,2007-06-26,MICC,Millicom
2007-07-01,2007-06-26,MNST,Monster Worldwide
2007-07-01,2007-06-26,NTAP,Network Appliance
2007-07-01,2007-06-26,NIHD,NII Holdings
2007-07-01,2007-06-26,NTLI,NTL
2007-07-01,2007-06-26,NVDA,NVIDIA
2007-07-01,2007-06-26,ORCL,Oracle Corporation
2007-07-01,2007-06-26,PCAR,PACCAR
2007-07-01,2007-06-26,PDCO,Patterson Companies
2007-07-01,2007-06-26,PTEN,Patterson-UTI Energy
2007-07-01,2007-06-26,PAYX,Paychex
2007-07-01,2007-06-26,PETM,PetSmart
2007-07-01,2007-06-26,QCOM,Qualcomm
2007-07-01,2007-06-26,RIMM,Research in Motion
2007-07-01,2007-06-26,ROST,Ross Stores
2007-07-01,2007-06-26,RYAAY,Ryanair
2007-07-01,2007-06-26,SNDK,SanDisk
2007-07-01,2007-06-26,SHLD,Sears Holdings Corporation
2007-07-01,2007-06-26,SEPR,Sepracor
2007-07-01,2007-06-26,SIAL,Sigma-Aldrich Corporation
2007-07-01,2007-06-26,SIRI,Sirius Satellite Radio
2007-07-01,2007-06-26,SPLS,Staples (company)
2007-07-01,2007-06-26,SBUX,Starbucks
2007-07-01,2007-06-26,SUNW,Sun Microsystems
2007-07-01,2007-06-26,SYMC,Symantec
2007-07-01,2007-06-26,TLAB,Tellabs
2007-07-01,2007-06-26,TEVA,"Teva Pharmaceutical Industries, Ltd."
2007-07-01,2007-06-26,UAUA,UAL Corporation
2007-07-01,2007-06-26,VRSN,VeriSign
2007-07-01,2007-06-26,VRTX,Vertex Pharmaceuticals
2007-07-01,2007-06-26,WFMI,Whole Foods Market
2007-07-01,2007-06-26,WYNN,Wynn Resorts Limited
2007-07-01,2007-06-26,XLNX,Xilinx
2007-07-01,2007-06-26,XMSR,XM Satellite Radio
2007-07-01,2007-06-26,YHOO,Yahoo!
2007-10-01,2007-09-25,ATVI,Activision
2007-10-01,2007-09-25,ADBE,Adobe Systems
2007-10-01,2007-09-25,AKAM,Akamai_Technologies
2007-10-01,2007-09-25,ALTR,Altera
2007-10-01,2007-09-25,AMZN,Amazon.com
2007-10-01,2007-09-25,AMGN,Amgen
2007-10-01,2007-09-25,AMLN,Amylin Pharmaceuticals Inc.
2007-10-01,2007-09-25,APOL,Apollo Group
2007-10-01,2007-09-25,AAPL,Apple Inc.
2007-10-01,2007-09-25,AMAT,Applied Materials
2007-10-01,2007-09-25,ADSK,Autodesk
2007-10-01,2007-09-25,BEAS,BEA Systems
2007-10-01,2007-09-25,BBBY,Bed Bath & Beyond
2007-10-01,2007-09-25,BIIB,Biogen
2007-10-01,2007-09-25,BRCM,Broadcom
2007-10-01,2007-09-25,CHRW,C.H. Robinson Worldwide
2007-10-01,2007-09-25,CDNS,Cadence Design Systems
2007-10-01,2007-09-25,CDWC,CDW
2007-10-01,2007-09-25,CELG,Celgene Corporation
2007-10-01,2007-09-25,CEPH,Cephalon
2007-10-01,2007-09-25,CHKP,Check Point
2007-10-01,2007-09-25,CKFR,CheckFree Corporation
2007-10-01,2007-09-25,CTAS,Cintas
2007-10-01,2007-09-25,CSCO,Cisco Systems
2007-10-01,2007-09-25,CTXS,Citrix Systems
2007-10-01,2007-09-25,CTSH,Cognizant Technology Solutions
2007-10-01,2007-09-25,CMCSA,Comcast
2007-10-01,2007-09-25,COST,Costco
2007-10-01,2007-09-25,DELL,Dell Computer
2007-10-01,2007-09-25,XRAY,DENTSPLY International
2007-10-01,2007-09-25,DISCA,Discovery Holding Company
2007-10-01,2007-09-25,EBAY,eBay
2007-10-01,2007-09-25,DISH,EchoStar Communications Corporation
2007-10-01,2007-09-25,ERTS,Electronic Arts
2007-10-01,2007-09-25,EXPE,Expedia
2007-10-01,2007-09-25,EXPD,Expeditors International
2007-10-01,2007-09-25,ESRX,Express Scripts
2007-10-01,2007-09-25,FAST,Fastenal
2007-10-01,2007-09-25,FISV,Fiserv
2007-10-01,2007-09-25,FLEX,Flextronics
2007-10-01,2007-09-25,FWLT,Foster Wheeler
2007-10-01,2007-09-25,GRMN,Garmin
2007-10-01,2007-09-25,GENZ,Genzyme Corporation
2007-10-01,2007-09-25,GILD,Gilead Sciences
2007-10-01,2007-09-25,GOOG,Google
2007-10-01,2007-09-25,IACI,IAC/InterActiveCorp
2007-10-01,2007-09-25,INFY,Infosys Technologies
2007-10-01,2007-09-25,INTC,Intel Corporation
2007-10-01,2007-09-25,INTU,"Intuit, Inc."
2007-10-01,2007-09-25,ISRG,Intuitive Surgical
2007-10-01,2007-09-25,JOYG,Joy Global
2007-10-01,2007-09-25,JNPR,Juniper Networks
2007-10-01,2007-09-25,KLAC,KLA-Tencor
2007-10-01,2007-09-25,LRCX,Lam Research Corporation
2007-10-01,2007-09-25,LAMR,Lamar Advertising Company
2007-10-01,2007-09-25,LVLT,Level 3 Communications
2007-10-01,2007-09-25,LBTYA,"Liberty Global, Inc."
2007-10-01,2007-09-25,LINTA,Liberty Media
2007-10-01,2007-09-25,LLTC,Linear Technology
2007-10-01,2007-09-25,ERIC,Ericsson
2007-10-01,2007-09-25,LOGI,Logitech
2007-10-01,2007-09-25,MRVL,Marvell Technology Group
2007-10-01,2007-09-25,MXIM,Maxim Integrated Products
2007-10-01,2007-09-25,MCHP,Microchip Technology
2007-10-01,2007-09-25,MSFT,Microsoft
2007-10-01,2007-09-25,MICC,Millicom
2007-10-01,2007-09-25,MNST,Monster Worldwide
2007-10-01,2007-09-25,NELV,Nelvana Limited
2007-10-01,2007-09-25,NTAP,Network Appliance
2007-10-01,2007-09-25,NIHD,NII Holdings
2007-10-01,2007-09-25,NVDA,NVIDIA
2007-10-01,2007-09-25,ORCL,Oracle Corporation
2007-10-01,2007-09-25,PCAR,PACCAR
2007-10-01,2007-09-25,PDCO,Patterson Companies
2007-10-01,2007-09-25,PTEN,Patterson-UTI Energy
2007-10-01,2007-09-25,PAYX,Paychex
2007-10-01,2007-09-25,PETM,PetSmart
2007-10-01,2007-09-25,QCOM,Qualcomm
2007-10-01,2007-09-25,RIMM,Research in Motion
2007-10-01,2007-09-25,ROST,Ross Stores
2007-10-01,2007-09-25,RYAAY,Ryanair
2007-10-01,2007-09-25,SNDK,SanDisk
2007-10-01,2007-09-25,SHLD,Sears Holdings Corporation
2007-10-01,2007-09-25,SEPR,Sepracor
2007-10-01,2007-09-25,SIAL,Sigma-Aldrich Corporation
2007-10-01,2007-09-25,SIRI,Sirius Satellite Radio
2007-10-01,2007-09-25,SPLS,Staples (company)
2007-10-01,2007-09-25,SBUX,Starbucks
2007-10-01,2007-09-25,JAVA,Sun Microsystems
2007-10-01,2007-09-25,SYMC,Symantec
2007-10-01,2007-09-25,TLAB,Tellabs
2007-10-01,2007-09-25,TEVA,"Teva Pharmaceutical Industries, Ltd."
2007-10-01,2007-09-25,UAUA,UAL Corporation
2007-10-01,2007-09-25,VRSN,VeriSign
2007-10-01,2007-09-25,VRTX,Vertex Pharmaceuticals
2007-10-01,2007-09-25,VMED,Virgin Media
2007-10-01,2007-09-25,WFMI,Whole Foods Market
2007-10-01,2007-09-25,WYNN,Wynn Resorts Limited
2007-10-01,2007-09-25,XLNX,Xilinx
2007-10-01,2007-09-25,XMSR,XM Satellite Radio
2007-10-01,2007-09-25,YHOO,Yahoo!
2008-01-01,2007-12-24,ATVI,Activision
2008-01-01,2007-12-24,ADBE,Adobe Systems
2008-01-01,2007-12-24,AKAM,Akamai_Technologies
2008-01-01,2007-12-24,ALTR,Altera
2008-01-01,2007-12-24,AMZN,Amazon.com
2008-01-01,2007-12-24,AMGN,Amgen
2008-01-01,2007-12-24,AMLN,Amylin Pharmaceuticals Inc.
2008-01-01,2007-12-24,APOL,Apollo Group
2008-01-01,2007-12-24,AAPL,Apple Inc.
2008-01-01,2007-12-24,AMAT,Applied Materials
2008-01-01,2007-12-24,ADSK,Autodesk
2008-01-01,2007-12-24,BIDU,Baidu.com
2008-01-01,2007-12-24,BEAS,BEA Systems
2008-01-01,2007-12-24,BBBY,Bed Bath & Beyond
2008-01-01,2007-12-24,BIIB,Biogen
2008-01-01,2007-12-24,BRCM,Broadcom
2008-01-01,2007-12-24,CHRW,C.H. Robinson Worldwide
2008-01-01,2007-12-24,CDNS,Cadence Design Systems
2008-01-01,2007-12-24,CELG,Celgene Corporation
2008-01-01,2007-12-24,CEPH,Cephalon
2008-01-01,2007-12-24,CHKP,Check Point
2008-01-01,2007-12-24,CTAS,Cintas
2008-01-01,2007-12-24,CSCO,Cisco Systems
2008-01-01,2007-12-24,CTXS,Citrix Systems
2008-01-01,2007-12-24,CTSH,Cognizant Technology Solutions
2008-01-01,2007-12-24,CMCSA,Comcast
2008-01-01,2007-12-24,COST,Costco
2008-01-01,2007-12-24,DELL,Dell Computer
2008-01-01,2007-12-24,XRAY,DENTSPLY International
2008-01-01,2007-12-24,DISCA,Discovery Holding Company
2008-01-01,2007-12-24,EBAY,eBay
2008-01-01,2007-12-24,DISH,EchoStar Communications Corporation
2008-01-01,2007-12-24,ERTS,Electronic Arts
2008-01-01,2007-12-24,EXPE,"Expedia, Inc."
2008-01-01,2007-12-24,EXPD,Expeditors International
2008-01-01,2007-12-24,ESRX,Express Scripts
2008-01-01,2007-12-24,FAST,Fastenal
2008-01-01,2007-12-24,FISV,Fiserv
2008-01-01,2007-12-24,FLEX,Flextronics
2008-01-01,2007-12-24,FMCN,Focus Media
2008-01-01,2007-12-24,FWLT,Foster Wheeler
2008-01-01,2007-12-24,GRMN,Garmin
2008-01-01,2007-12-24,GENZ,Genzyme Corporation
2008-01-01,2007-12-24,GILD,Gilead Sciences
2008-01-01,2007-12-24,GOOG,Google
2008-01-01,2007-12-24,HANS,Hansen Natural
2008-01-01,2007-12-24,HSIC,Henry Schein
2008-01-01,2007-12-24,HOLX,Hologic
2008-01-01,2007-12-24,IACI,IAC/InterActiveCorp
2008-01-01,2007-12-24,INFY,Infosys Technologies
2008-01-01,2007-12-24,INTC,Intel Corporation
2008-01-01,2007-12-24,INTU,"Intuit, Inc."
2008-01-01,2007-12-24,ISRG,Intuitive Surgical
2008-01-01,2007-12-24,JOYG,Joy Global
2008-01-01,2007-12-24,JNPR,Juniper Networks
2008-01-01,2007-12-24,KLAC,KLA-Tencor
2008-01-01,2007-12-24,LRCX,Lam Research Corporation
2008-01-01,2007-12-24,LAMR,Lamar Advertising Company
2008-01-01,2007-12-24,LEAP,Leap Wireless
2008-01-01,2007-12-24,LVLT,Level 3 Communications
2008-01-01,2007-12-24,LBTYA,"Liberty Global, Inc."
2008-01-01,2007-12-24,LINTA,Liberty Media
2008-01-01,2007-12-24,LLTC,Linear Technology
2008-01-01,2007-12-24,LOGI,Logitech
2008-01-01,2007-12-24,MRVL,Marvell Technology Group
2008-01-01,2007-12-24,MCHP,Microchip Technology
2008-01-01,2007-12-24,MSFT,Microsoft
2008-01-01,2007-12-24,MICC,Millicom
2008-01-01,2007-12-24,MNST,Monster Worldwide
2008-01-01,2007-12-24,NTAP,Network Appliance
2008-01-01,2007-12-24,NIHD,NII Holdings
2008-01-01,2007-12-24,NVDA,NVIDIA
2008-01-01,2007-12-24,ORCL,Oracle Corporation
2008-01-01,2007-12-24,PCAR,PACCAR
2008-01-01,2007-12-24,PDCO,Patterson Companies
2008-01-01,2007-12-24,PAYX,Paychex
2008-01-01,2007-12-24,PETM,PetSmart
2008-01-01,2007-12-24,QCOM,Qualcomm
2008-01-01,2007-12-24,RIMM,Research in Motion
2008-01-01,2007-12-24,RYAAY,Ryanair
2008-01-01,2007-12-24,SNDK,SanDisk
2008-01-01,2007-12-24,SHLD,Sears Holdings Corporation
2008-01-01,2007-12-24,SIAL,Sigma-Aldrich Corporation
2008-01-01,2007-12-24,SIRI,Sirius Satellite Radio
2008-01-01,2007-12-24,SPLS,Staples (company)
2008-01-01,2007-12-24,SBUX,Starbucks
2008-01-01,2007-12-24,STLD,Steel Dynamics
2008-01-01,2007-12-24,SRCL,Stericycle
2008-01-01,2007-12-24,JAVA,Sun Microsystems
2008-01-01,2007-12-24,SYMC,Symantec
2008-01-01,2007-12-24,TLAB,Tellabs
2008-01-01,2007-12-24,TEVA,"Teva Pharmaceutical Industries, Ltd."
2008-01-01,2007-12-24,UAUA,UAL Corporation
2008-01-01,2007-12-24,VRSN,VeriSign
2008-01-01,2007-12-24,VRTX,Vertex Pharmaceuticals
2008-01-01,2007-12-24,VMED,Virgin Media
2008-01-01,2007-12-24,WFMI,Whole Foods Market
2008-01-01,2007-12-24,WYNN,Wynn Resorts Limited
2008-01-01,2007-12-24,XLNX,Xilinx
2008-01-01,2007-12-24,YHOO,Yahoo!
2008-04-01,2008-03-31,ATVI,Activision
2008-04-01,2008-03-31,ADBE,Adobe Systems
2008-04-01,2008-03-31,AKAM,Akamai_Technologies
2008-04-01,2008-03-31,ALTR,Altera
2008-04-01,2008-03-31,AMZN,Amazon.com
2008-04-01,2008-03-31,AMGN,Amgen
2008-04-01,2008-03-31,AMLN,Amylin Pharmaceuticals Inc.
2008-04-01,2008-03-31,APOL,Apollo Group
2008-04-01,2008-03-31,AAPL,Apple Inc.
2008-04-01,2008-03-31,AMAT,Applied Materials
2008-04-01,2008-03-31,ADSK,Autodesk
2008-04-01,2008-03-31,BIDU,Baidu.com
2008-04-01,2008-03-31,BEAS,BEA Systems
2008-04-01,2008-03-31,BBBY,Bed Bath & Beyond
2008-04-01,2008-03-31,BIIB,Biogen
2008-04-01,2008-03-31,BRCM,Broadcom
2008-04-01,2008-03-31,CHRW,C.H. Robinson Worldwide
2008-04-01,2008-03-31,CDNS,Cadence Design Systems
2008-04-01,2008-03-31,CELG,Celgene Corporation
2008-04-01,2008-03-31,CEPH,Cephalon
2008-04-01,2008-03-31,CHKP,Check Point
2008-04-01,2008-03-31,CTAS,Cintas
2008-04-01,2008-03-31,CSCO,Cisco Systems
2008-04-01,2008-03-31,CTXS,Citrix Systems
2008-04-01,2008-03-31,CTSH,Cognizant Technology Solutions
2008-04-01,2008-03-31,CMCSA,Comcast
2008-04-01,2008-03-31,COST,Costco
2008-04-01,2008-03-31,DELL,Dell Computer
2008-04-01,2008-03-31,XRAY,DENTSPLY International
2008-04-01,2008-03-31,DISCA,Discovery Holding Company
2008-04-01,2008-03-31,DISH,DISH Network Corporation
2008-04-01,2008-03-31,EBAY,eBay
2008-04-01,2008-03-31,ERTS,Electronic Arts
2008-04-01,2008-03-31,EXPE,"Expedia, Inc."
2008-04-01,2008-03-31,EXPD,Expeditors International
2008-04-01,2008-03-31,ESRX,Express Scripts
2008-04-01,2008-03-31,FAST,Fastenal
2008-04-01,2008-03-31,FISV,Fiserv
2008-04-01,2008-03-31,FLEX,Flextronics
2008-04-01,2008-03-31,FMCN,Focus Media
2008-04-01,2008-03-31,FWLT,Foster Wheeler
2008-04-01,2008-03-31,GRMN,Garmin
2008-04-01,2008-03-31,GENZ,Genzyme Corporation
2008-04-01,2008-03-31,GILD,Gilead Sciences
2008-04-01,2008-03-31,GOOG,Google
2008-04-01,2008-03-31,HANS,Hansen Natural
2008-04-01,2008-03-31,HSIC,Henry Schein
2008-04-01,2008-03-31,HOLX,Hologic
2008-04-01,2008-03-31,IACI,IAC/InterActiveCorp
2008-04-01,2008-03-31,INFY,Infosys Technologies
2008-04-01,2008-03-31,INTC,Intel Corporation
2008-04-01,2008-03-31,INTU,"Intuit, Inc."
2008-04-01,2008-03-31,ISRG,Intuitive Surgical
2008-04-01,2008-03-31,JOYG,Joy Global
2008-04-01,2008-03-31,JNPR,Juniper Networks
2008-04-01,2008-03-31,LRCX,Lam Research Corporation
2008-04-01,2008-03-31,LAMR,Lamar Advertising Company
2008-04-01,2008-03-31,LEAP,Leap Wireless
2008-04-01,2008-03-31,LVLT,Level 3 Communications
2008-04-01,2008-03-31,LBTYA,"Liberty Global, Inc."
2008-04-01,2008-03-31,LINTA,Liberty Media
2008-04-01,2008-03-31,LLTC,Linear Technology
2008-04-01,2008-03-31,LOGI,Logitech
2008-04-01,2008-03-31,MRVL,Marvell Technology Group
2008-04-01,2008-03-31,MCHP,Microchip Technology
2008-04-01,2008-03-31,MSFT,Microsoft
2008-04-01,2008-03-31,MICC,Millicom
2008-04-01,2008-03-31,MNST,Monster Worldwide
2008-04-01,2008-03-31,NTAP,Network Appliance
2008-04-01,2008-03-31,NIHD,NII Holdings
2008-04-01,2008-03-31,NVDA,NVIDIA
2008-04-01,2008-03-31,ORCL,Oracle Corporation
2008-04-01,2008-03-31,PCAR,PACCAR
2008-04-01,2008-03-31,PDCO,Patterson Companies
2008-04-01,2008-03-31,PAYX,Paychex
2008-04-01,2008-03-31,PETM,PetSmart
2008-04-01,2008-03-31,QCOM,Qualcomm
2008-04-01,2008-03-31,RIMM,Research in Motion
2008-04-01,2008-03-31,RYAAY,Ryanair
2008-04-01,2008-03-31,SNDK,SanDisk
2008-04-01,2008-03-31,SHLD,Sears Holdings Corporation
2008-04-01,2008-03-31,SIAL,Sigma-Aldrich Corporation
2008-04-01,2008-03-31,SIRI,Sirius Satellite Radio
2008-04-01,2008-03-31,SPLS,Staples (company)
2008-04-01,2008-03-31,SBUX,Starbucks
2008-04-01,2008-03-31,STLD,Steel Dynamics
2008-04-01,2008-03-31,SRCL,"#Stericycle, Inc (SRCL)"
2008-04-01,2008-03-31,JAVA,Sun Microsystems
2008-04-01,2008-03-31,SYMC,Symantec
2008-04-01,2008-03-31,TLAB,Tellabs
2008-04-01,2008-03-31,TEVA,"Teva Pharmaceutical Industries, Ltd."
2008-04-01,2008-03-31,UAUA,UAL Corporation
2008-04-01,2008-03-31,VRSN,VeriSign
2008-04-01,2008-03-31,VRTX,Vertex Pharmaceuticals
2008-04-01,2008-03-31,VMED,Virgin Media
2008-04-01,2008-03-31,WFMI,Whole Foods Market
2008-04-01,2008-03-31,WYNN,Wynn Resorts Limited
2008-04-01,2008-03-31,XLNX,Xilinx
2008-04-01,2008-03-31,YHOO,Yahoo!
2008-07-01,2008-05-31,ATVI,Activision
2008-07-01,2008-05-31,ADBE,Adobe Systems
2008-07-01,2008-05-31,AKAM,Akamai_Technologies
2008-07-01,2008-05-31,ALTR,Altera
2008-07-01,2008-05-31,AMZN,Amazon.com
2008-07-01,2008-05-31,AMGN,Amgen
2008-07-01,2008-05-31,AMLN,Amylin Pharmaceuticals Inc.
2008-07-01,2008-05-31,APOL,Apollo Group
2008-07-01,2008-05-31,AAPL,Apple Inc.
2008-07-01,2008-05-31,AMAT,Applied Materials
2008-07-01,2008-05-31,ADSK,Autodesk
2008-07-01,2008-05-31,BIDU,Baidu.com
2008-07-01,2008-05-31,BBBY,Bed Bath & Beyond
2008-07-01,2008-05-31,BIIB,Biogen
2008-07-01,2008-05-31,BRCM,Broadcom
2008-07-01,2008-05-31,CHRW,C.H. Robinson Worldwide
2008-07-01,2008-05-31,CA,"CA, Inc."
2008-07-01,2008-05-31,CDNS,Cadence Design Systems
2008-07-01,2008-05-31,CELG,Celgene Corporation
2008-07-01,2008-05-31,CEPH,Cephalon
2008-07-01,2008-05-31,CHKP,Check Point
2008-07-01,2008-05-31,CTAS,Cintas
2008-07-01,2008-05-31,CSCO,Cisco Systems
2008-07-01,2008-05-31,CTXS,Citrix Systems
2008-07-01,2008-05-31,CTSH,Cognizant Technology Solutions
2008-07-01,2008-05-31,CMCSA,Comcast
2008-07-01,2008-05-31,COST,Costco
2008-07-01,2008-05-31,DELL,Dell Computer
2008-07-01,2008-05-31,XRAY,DENTSPLY International
2008-07-01,2008-05-31,DISCA,Discovery Holding Company
2008-07-01,2008-05-31,DISH,DISH Network Corporation
2008-07-01,2008-05-31,EBAY,eBay
2008-07-01,2008-05-31,ERTS,Electronic Arts
2008-07-01,2008-05-31,EXPE,"Expedia, Inc."
2008-07-01,2008-05-31,EXPD,Expeditors International
2008-07-01,2008-05-31,ESRX,Express Scripts
2008-07-01,2008-05-31,FAST,Fastenal
2008-07-01,2008-05-31,FISV,Fiserv
2008-07-01,2008-05-31,FLEX,Flextronics
2008-07-01,2008-05-31,FMCN,Focus Media
2008-07-01,2008-05-31,FWLT,Foster Wheeler
2008-07-01,2008-05-31,GRMN,Garmin
2008-07-01,2008-05-31,GENZ,Genzyme Corporation
2008-07-01,2008-05-31,GILD,Gilead Sciences
2008-07-01,2008-05-31,GOOG,Google
2008-07-01,2008-05-31,HANS,Hansen Natural
2008-07-01,2008-05-31,HSIC,Henry Schein
2008-07-01,2008-05-31,HOLX,Hologic
2008-07-01,2008-05-31,IACI,IAC/InterActiveCorp
2008-07-01,2008-05-31,INFY,Infosys Technologies
2008-07-01,2008-05-31,INTC,Intel Corporation
2008-07-01,2008-05-31,INTU,"Intuit, Inc."
2008-07-01,2008-05-31,ISRG,Intuitive Surgical
2008-07-01,2008-05-31,JOYG,Joy Global
2008-07-01,2008-05-31,JNPR,Juniper Networks
2008-07-01,2008-05-31,KLAC,KLA-Tencor
2008-07-01,2008-05-31,LRCX,Lam Research Corporation
2008-07-01,2008-05-31,LAMR,Lamar Advertising Company
2008-07-01,2008-05-31,LEAP,Leap Wireless
2008-07-01,2008-05-31,LVLT,Level 3 Communications
2008-07-01,2008-05-31,LBTYA,"Liberty Global, Inc."
2008-07-01,2008-05-31,LINTA,Liberty Media
2008-07-01,2008-05-31,LLTC,Linear Technology
2008-07-01,2008-05-31,LOGI,Logitech
2008-07-01,2008-05-31,MRVL,Marvell Technology Group
2008-07-01,2008-05-31,MCHP,Microchip Technology
2008-07-01,2008-05-31,MSFT,Microsoft
2008-07-01,2008-05-31,MICC,Millicom
2008-07-01,2008-05-31,MNST,Monster Worldwide
2008-07-01,2008-05-31,NTAP,NetApp
2008-07-01,2008-05-31,NIHD,NII Holdings
2008-07-01,2008-05-31,NVDA,Nvidia
2008-07-01,2008-05-31,ORCL,Oracle Corporation
2008-07-01,2008-05-31,PCAR,PACCAR
2008-07-01,2008-05-31,PDCO,Patterson Companies
2008-07-01,2008-05-31,PAYX,Paychex
2008-07-01,2008-05-31,PETM,PetSmart
2008-07-01,2008-05-31,QCOM,Qualcomm
2008-07-01,2008-05-31,RIMM,Research in Motion
2008-07-01,2008-05-31,RYAAY,Ryanair
2008-07-01,2008-05-31,SNDK,SanDisk
2008-07-01,2008-05-31,SHLD,Sears Holdings Corporation
2008-07-01,2008-05-31,SIAL,Sigma-Aldrich Corporation
2008-07-01,2008-05-31,SIRI,Sirius Satellite Radio
2008-07-01,2008-05-31,SPLS,Staples (company)
2008-07-01,2008-05-31,SBUX,Starbucks
2008-07-01,2008-05-31,STLD,Steel Dynamics
2008-07-01,2008-05-31,SRCL,"Stericycle, Inc"
2008-07-01,2008-05-31,JAVA,Sun Microsystems
2008-07-01,2008-05-31,SYMC,Symantec
2008-07-01,2008-05-31,TEVA,"Teva Pharmaceutical Industries, Ltd."
2008-07-01,2008-05-31,DTV,The DirecTV Group
2008-07-01,2008-05-31,UAUA,UAL Corporation
2008-07-01,2008-05-31,VRSN,VeriSign
2008-07-01,2008-05-31,VRTX,Vertex Pharmaceuticals
2008-07-01,2008-05-31,VMED,Virgin Media
2008-07-01,2008-05-31,WFMI,Whole Foods Market
2008-07-01,2008-05-31,WYNN,Wynn Resorts Limited
2008-07-01,2008-05-31,XLNX,Xilinx
2008-07-01,2008-05-31,YHOO,Yahoo!
2008-10-01,2008-09-30,ATVI,Activision
2008-10-01,2008-09-30,ADBE,Adobe Systems
2008-10-01,2008-09-30,AKAM,Akamai_Technologies
2008-10-01,2008-09-30,ALTR,Altera
2008-10-01,2008-09-30,AMZN,Amazon.com
2008-10-01,2008-09-30,AMGN,Amgen
2008-10-01,2008-09-30,AMLN,Amylin Pharmaceuticals Inc.
2008-10-01,2008-09-30,APOL,Apollo Group
2008-10-01,2008-09-30,AAPL,Apple Inc.
2008-10-01,2008-09-30,AMAT,Applied Materials
2008-10-01,2008-09-30,ADSK,Autodesk
2008-10-01,2008-09-30,BIDU,Baidu.com
2008-10-01,2008-09-30,BBBY,Bed Bath & Beyond
2008-10-01,2008-09-30,BIIB,Biogen
2008-10-01,2008-09-30,BRCM,Broadcom
2008-10-01,2008-09-30,CHRW,C.H. Robinson Worldwide
2008-10-01,2008-09-30,CA,"CA, Inc."
2008-10-01,2008-09-30,CDNS,Cadence Design Systems
2008-10-01,2008-09-30,CELG,Celgene Corporation
2008-10-01,2008-09-30,CEPH,Cephalon
2008-10-01,2008-09-30,CHKP,Check Point
2008-10-01,2008-09-30,CTAS,Cintas
2008-10-01,2008-09-30,CSCO,Cisco Systems
2008-10-01,2008-09-30,CTXS,Citrix Systems
2008-10-01,2008-09-30,CTSH,Cognizant Technology Solutions
2008-10-01,2008-09-30,CMCSA,Comcast
2008-10-01,2008-09-30,COST,Costco
2008-10-01,2008-09-30,DELL,Dell Computer
2008-10-01,2008-09-30,XRAY,DENTSPLY International
2008-10-01,2008-09-30,DISCA,Discovery Holding Company
2008-10-01,2008-09-30,DISH,DISH Network Corporation
2008-10-01,2008-09-30,EBAY,eBay
2008-10-01,2008-09-30,ERTS,Electronic Arts
2008-10-01,2008-09-30,EXPE,"Expedia, Inc."
2008-10-01,2008-09-30,EXPD,Expeditors International
2008-10-01,2008-09-30,ESRX,Express Scripts
2008-10-01,2008-09-30,FAST,Fastenal
2008-10-01,2008-09-30,FISV,Fiserv
2008-10-01,2008-09-30,FLEX,Flextronics
2008-10-01,2008-09-30,FLIR,FLIR Systems
2008-10-01,2008-09-30,FMCN,Focus Media
2008-10-01,2008-09-30,FWLT,Foster Wheeler
2008-10-01,2008-09-30,GRMN,Garmin
2008-10-01,2008-09-30,GENZ,Genzyme Corporation
2008-10-01,2008-09-30,GILD,Gilead Sciences
2008-10-01,2008-09-30,GOOG,Google
2008-10-01,2008-09-30,HANS,Hansen Natural
2008-10-01,2008-09-30,HSIC,Henry Schein
2008-10-01,2008-09-30,HOLX,Hologic
2008-10-01,2008-09-30,IACI,IAC/InterActiveCorp
2008-10-01,2008-09-30,INFY,Infosys Technologies
2008-10-01,2008-09-30,INTC,Intel Corporation
2008-10-01,2008-09-30,INTU,"Intuit, Inc."
2008-10-01,2008-09-30,ISRG,Intuitive Surgical
2008-10-01,2008-09-30,JOYG,Joy Global
2008-10-01,2008-09-30,JNPR,Juniper Networks
2008-10-01,2008-09-30,KLAC,KLA-Tencor
2008-10-01,2008-09-30,LRCX,Lam Research Corporation
2008-10-01,2008-09-30,LAMR,Lamar Advertising Company
2008-10-01,2008-09-30,LEAP,Leap Wireless
2008-10-01,2008-09-30,LVLT,Level 3 Communications
2008-10-01,2008-09-30,LBTYA,"Liberty Global, Inc."
2008-10-01,2008-09-30,LINTA,Liberty Media
2008-10-01,2008-09-30,LLTC,Linear Technology
2008-10-01,2008-09-30,LOGI,Logitech
2008-10-01,2008-09-30,MRVL,Marvell Technology Group
2008-10-01,2008-09-30,MCHP,Microchip Technology
2008-10-01,2008-09-30,MSFT,Microsoft
2008-10-01,2008-09-30,MICC,Millicom
2008-10-01,2008-09-30,MNST,Monster Worldwide
2008-10-01,2008-09-30,NTAP,NetApp
2008-10-01,2008-09-30,NIHD,NII Holdings
2008-10-01,2008-09-30,NVDA,Nvidia
2008-10-01,2008-09-30,ORCL,Oracle Corporation
2008-10-01,2008-09-30,PCAR,PACCAR
2008-10-01,2008-09-30,PDCO,Patterson Companies
2008-10-01,2008-09-30,PAYX,Paychex
2008-10-01,2008-09-30,PETM,PetSmart
2008-10-01,2008-09-30,QCOM,Qualcomm
2008-10-01,2008-09-30,RIMM,Research in Motion
2008-10-01,2008-09-30,RYAAY,Ryanair
2008-10-01,2008-09-30,SNDK,SanDisk
2008-10-01,2008-09-30,SHLD,Sears Holdings Corporation
2008-10-01,2008-09-30,SIAL,Sigma-Aldrich Corporation
2008-10-01,2008-09-30,SIRI,Sirius XM Radio
2008-10-01,2008-09-30,SPLS,Staples (company)
2008-10-01,2008-09-30,SBUX,Starbucks
2008-10-01,2008-09-30,STLD,Steel Dynamics
2008-10-01,2008-09-30,SRCL,"Stericycle, Inc"
2008-10-01,2008-09-30,JAVA,Sun Microsystems
2008-10-01,2008-09-30,SYMC,Symantec
2008-10-01,2008-09-30,TEVA,"Teva Pharmaceutical Industries, Ltd."
2008-10-01,2008-09-30,DTV,The DirecTV Group
2008-10-01,2008-09-30,VRSN,VeriSign
2008-10-01,2008-09-30,VRTX,Vertex Pharmaceuticals
2008-10-01,2008-09-30,VMED,Virgin Media
2008-10-01,2008-09-30,WFMI,Whole Foods Market
2008-10-01,2008-09-30,WYNN,Wynn Resorts Limited
2008-10-01,2008-09-30,XLNX,Xilinx
2008-10-01,2008-09-30,YHOO,Yahoo!
2009-01-01,2008-12-31,ATVI,Activision Blizzard
2009-01-01,2008-12-31,ADBE,Adobe Systems
2009-01-01,2008-12-31,AKAM,Akamai_Technologies
2009-01-01,2008-12-31,ALTR,Altera
2009-01-01,2008-12-31,AMZN,Amazon.com
2009-01-01,2008-12-31,AMGN,Amgen
2009-01-01,2008-12-31,APOL,Apollo Group
2009-01-01,2008-12-31,AAPL,Apple Inc.
2009-01-01,2008-12-31,AMAT,Applied Materials
2009-01-01,2008-12-31,ADSK,Autodesk
2009-01-01,2008-12-31,ADP,"Automatic Data Processing, Inc."
2009-01-01,2008-12-31,BIDU,Baidu.com
2009-01-01,2008-12-31,BBBY,Bed Bath & Beyond
2009-01-01,2008-12-31,BIIB,Biogen
2009-01-01,2008-12-31,BRCM,Broadcom
2009-01-01,2008-12-31,CHRW,C.H. Robinson Worldwide
2009-01-01,2008-12-31,CA,"CA, Inc."
2009-01-01,2008-12-31,CELG,Celgene Corporation
2009-01-01,2008-12-31,CEPH,Cephalon
2009-01-01,2008-12-31,CHKP,Check Point
2009-01-01,2008-12-31,CTAS,Cintas
2009-01-01,2008-12-31,CSCO,Cisco Systems
2009-01-01,2008-12-31,CTXS,Citrix Systems
2009-01-01,2008-12-31,CTSH,Cognizant Technology Solutions
2009-01-01,2008-12-31,CMCSA,Comcast
2009-01-01,2008-12-31,COST,Costco
2009-01-01,2008-12-31,DELL,Dell Computer
2009-01-01,2008-12-31,XRAY,DENTSPLY International
2009-01-01,2008-12-31,DISH,DISH Network Corporation
2009-01-01,2008-12-31,EBAY,eBay
2009-01-01,2008-12-31,ERTS,Electronic Arts
2009-01-01,2008-12-31,EXPE,"Expedia, Inc."
2009-01-01,2008-12-31,EXPD,Expeditors International
2009-01-01,2008-12-31,ESRX,Express Scripts
2009-01-01,2008-12-31,FAST,Fastenal
2009-01-01,2008-12-31,FSLR,First Solar
2009-01-01,2008-12-31,FISV,Fiserv
2009-01-01,2008-12-31,FLEX,Flextronics
2009-01-01,2008-12-31,FLIR,FLIR Systems
2009-01-01,2008-12-31,FMCN,Focus Media
2009-01-01,2008-12-31,FWLT,Foster Wheeler
2009-01-01,2008-12-31,GRMN,Garmin
2009-01-01,2008-12-31,GENZ,Genzyme Corporation
2009-01-01,2008-12-31,GILD,Gilead Sciences
2009-01-01,2008-12-31,GOOG,Google
2009-01-01,2008-12-31,HANS,Hansen Natural
2009-01-01,2008-12-31,HSIC,Henry Schein
2009-01-01,2008-12-31,HOLX,Hologic
2009-01-01,2008-12-31,IACI,IAC/InterActiveCorp
2009-01-01,2008-12-31,ILMN,Illumina (company)
2009-01-01,2008-12-31,INFY,Infosys Technologies
2009-01-01,2008-12-31,INTC,Intel Corporation
2009-01-01,2008-12-31,INTU,"Intuit, Inc."
2009-01-01,2008-12-31,ISRG,Intuitive Surgical
2009-01-01,2008-12-31,JBHT,J.B. Hunt
2009-01-01,2008-12-31,JOYG,Joy Global
2009-01-01,2008-12-31,JNPR,Juniper Networks
2009-01-01,2008-12-31,KLAC,KLA-Tencor
2009-01-01,2008-12-31,LRCX,Lam Research Corporation
2009-01-01,2008-12-31,LBTYA,"Liberty Global, Inc."
2009-01-01,2008-12-31,LINTA,Liberty Media
2009-01-01,2008-12-31,LIFE,Life Technologies
2009-01-01,2008-12-31,LLTC,Linear Technology
2009-01-01,2008-12-31,LOGI,Logitech
2009-01-01,2008-12-31,MRVL,Marvell Technology Group
2009-01-01,2008-12-31,MXIM,Maxim Integrated Products
2009-01-01,2008-12-31,MCHP,Microchip Technology
2009-01-01,2008-12-31,MSFT,Microsoft
2009-01-01,2008-12-31,MICC,Millicom
2009-01-01,2008-12-31,NTAP,NetApp
2009-01-01,2008-12-31,NIHD,NII Holdings
2009-01-01,2008-12-31,NVDA,Nvidia
2009-01-01,2008-12-31,ORLY,O'Reilly Auto Parts
2009-01-01,2008-12-31,ORCL,Oracle Corporation
2009-01-01,2008-12-31,PCAR,PACCAR
2009-01-01,2008-12-31,PDCO,Patterson Companies
2009-01-01,2008-12-31,PAYX,Paychex
2009-01-01,2008-12-31,PPDI,Pharmaceutical Product Development
2009-01-01,2008-12-31,QCOM,Qualcomm
2009-01-01,2008-12-31,RIMM,Research in Motion
2009-01-01,2008-12-31,ROST,Ross Stores
2009-01-01,2008-12-31,RYAAY,Ryanair
2009-01-01,2008-12-31,STX,Seagate Technology
2009-01-01,2008-12-31,SHLD,Sears Holdings Corporation
2009-01-01,2008-12-31,SIAL,Sigma-Aldrich Corporation
2009-01-01,2008-12-31,SPLS,Staples (company)
2009-01-01,2008-12-31,SBUX,Starbucks
2009-01-01,2008-12-31,STLD,Steel Dynamics
2009-01-01,2008-12-31,SRCL,Stericycle
2009-01-01,2008-12-31,JAVA,Sun Microsystems
2009-01-01,2008-12-31,SYMC,Symantec
2009-01-01,2008-12-31,TEVA,"Teva Pharmaceutical Industries, Ltd."
2009-01-01,2008-12-31,DTV,The DirecTV Group
2009-01-01,2008-12-31,URBN,Urban Outfitters
2009-01-01,2008-12-31,VRSN,VeriSign
2009-01-01,2008-12-31,VRTX,Vertex Pharmaceuticals
2009-01-01,2008-12-31,WCRX,Warner Chilcott
2009-01-01,2008-12-31,WYNN,Wynn Resorts Limited
2009-01-01,2008-12-31,XLNX,Xilinx
2009-01-01,2008-12-31,YHOO,Yahoo!
2009-04-01,2009-03-30,ATVI,Activision Blizzard
2009-04-01,2009-03-30,ADBE,Adobe Systems
2009-04-01,2009-03-30,AKAM,Akamai Technologies
2009-04-01,2009-03-30,ALTR,Altera
2009-04-01,2009-03-30,AMZN,Amazon.com
2009-04-01,2009-03-30,AMGN,Amgen
2009-04-01,2009-03-30,APOL,Apollo Group
2009-04-01,2009-03-30,AAPL,Apple Inc.
2009-04-01,2009-03-30,AMAT,Applied Materials
2009-04-01,2009-03-30,ADSK,Autodesk
2009-04-01,2009-03-30,ADP,Automatic Data Processing
2009-04-01,2009-03-30,BIDU,Baidu
2009-04-01,2009-03-30,BBBY,Bed Bath & Beyond
2009-04-01,2009-03-30,BIIB,Biogen Idec
2009-04-01,2009-03-30,BRCM,Broadcom
2009-04-01,2009-03-30,CHRW,C.H. Robinson Worldwide
2009-04-01,2009-03-30,CA,"CA, Inc."
2009-04-01,2009-03-30,CELG,Celgene
2009-04-01,2009-03-30,CEPH,Cephalon
2009-04-01,2009-03-30,CHKP,Check Point
2009-04-01,2009-03-30,CTAS,Cintas
2009-04-01,2009-03-30,CSCO,Cisco Systems
2009-04-01,2009-03-30,CTXS,Citrix Systems
2009-04-01,2009-03-30,CTSH,Cognizant Technology Solutions
2009-04-01,2009-03-30,CMCSA,Comcast
2009-04-01,2009-03-30,COST,Costco
2009-04-01,2009-03-30,DELL,Dell
2009-04-01,2009-03-30,XRAY,DENTSPLY International
2009-04-01,2009-03-30,DISH,Dish Network
2009-04-01,2009-03-30,EBAY,eBay
2009-04-01,2009-03-30,ERTS,Electronic Arts
2009-04-01,2009-03-30,EXPE,"Expedia, Inc."
2009-04-01,2009-03-30,EXPD,Expeditors International
2009-04-01,2009-03-30,ESRX,Express Scripts
2009-04-01,2009-03-30,FAST,Fastenal
2009-04-01,2009-03-30,FSLR,First Solar
2009-04-01,2009-03-30,FISV,Fiserv
2009-04-01,2009-03-30,FLEX,Flextronics
2009-04-01,2009-03-30,FLIR,FLIR Systems
2009-04-01,2009-03-30,FWLT,Foster Wheeler
2009-04-01,2009-03-30,GRMN,Garmin
2009-04-01,2009-03-30,GENZ,Genzyme
2009-04-01,2009-03-30,GILD,Gilead Sciences
2009-04-01,2009-03-30,GOOG,Google
2009-04-01,2009-03-30,HANS,Hansen Natural
2009-04-01,2009-03-30,HSIC,Henry Schein
2009-04-01,2009-03-30,HOLX,Hologic
2009-04-01,2009-03-30,IACI,IAC/InterActiveCorp
2009-04-01,2009-03-30,ILMN,Illumina (company)
2009-04-01,2009-03-30,INFY,Infosys
2009-04-01,2009-03-30,INTC,Intel Corporation
2009-04-01,2009-03-30,INTU,"Intuit, Inc."
2009-04-01,2009-03-30,ISRG,Intuitive Surgical
2009-04-01,2009-03-30,JBHT,J.B. Hunt
2009-04-01,2009-03-30,JOYG,Joy Global
2009-04-01,2009-03-30,JNPR,Juniper Networks
2009-04-01,2009-03-30,KLAC,KLA-Tencor
2009-04-01,2009-03-30,LRCX,Lam Research Corporation
2009-04-01,2009-03-30,LBTYA,"Liberty Global, Inc."
2009-04-01,2009-03-30,LINTA,Liberty Media
2009-04-01,2009-03-30,LIFE,Life Technologies
2009-04-01,2009-03-30,LLTC,Linear Technology
2009-04-01,2009-03-30,LOGI,Logitech
2009-04-01,2009-03-30,MRVL,Marvell Technology Group
2009-04-01,2009-03-30,MXIM,Maxim Integrated Products
2009-04-01,2009-03-30,MCHP,Microchip Technology
2009-04-01,2009-03-30,MSFT,Microsoft
2009-04-01,2009-03-30,MICC,Millicom
2009-04-01,2009-03-30,NTAP,NetApp
2009-04-01,2009-03-30,NWSA,News Corporation
2009-04-01,2009-03-30,NIHD,NII Holdings
2009-04-01,2009-03-30,NVDA,Nvidia
2009-04-01,2009-03-30,ORLY,O'Reilly Auto Parts
2009-04-01,2009-03-30,ORCL,Oracle Corporation
2009-04-01,2009-03-30,PCAR,PACCAR
2009-04-01,2009-03-30,PDCO,Patterson Companies
2009-04-01,2009-03-30,PAYX,Paychex
2009-04-01,2009-03-30,PPDI,Pharmaceutical Product Development
2009-04-01,2009-03-30,QCOM,Qualcomm
2009-04-01,2009-03-30,RIMM,Research in Motion
2009-04-01,2009-03-30,ROST,Ross Stores
2009-04-01,2009-03-30,RYAAY,Ryanair
2009-04-01,2009-03-30,STX,Seagate Technology
2009-04-01,2009-03-30,SHLD,Sears Holdings Corporation
2009-04-01,2009-03-30,SIAL,Sigma-Aldrich Corporation
2009-04-01,2009-03-30,SPLS,Staples (company)
2009-04-01,2009-03-30,SBUX,Starbucks
2009-04-01,2009-03-30,STLD,Steel Dynamics
2009-04-01,2009-03-30,SRCL,Stericycle
2009-04-01,2009-03-30,JAVA,Sun Microsystems
2009-04-01,2009-03-30,SYMC,Symantec
2009-04-01,2009-03-30,TEVA,"Teva Pharmaceutical Industries, Ltd."
2009-04-01,2009-03-30,DTV,The DirecTV Group
2009-04-01,2009-03-30,URBN,Urban Outfitters
2009-04-01,2009-03-30,VRSN,VeriSign
2009-04-01,2009-03-30,VRTX,Vertex Pharmaceuticals
2009-04-01,2009-03-30,WCRX,Warner Chilcott
2009-04-01,2009-03-30,WYNN,Wynn Resorts Limited
2009-04-01,2009-03-30,XLNX,Xilinx
2009-04-01,2009-03-30,YHOO,Yahoo!
2009-07-01,2009-06-30,ATVI,Activision Blizzard
2009-07-01,2009-06-30,ADBE,Adobe Systems
2009-07-01,2009-06-30,AKAM,Akamai Technologies
2009-07-01,2009-06-30,ALTR,Altera
2009-07-01,2009-06-30,AMZN,Amazon.com
2009-07-01,2009-06-30,AMGN,Amgen
2009-07-01,2009-06-30,APOL,Apollo Group
2009-07-01,2009-06-30,AAPL,Apple Inc.
2009-07-01,2009-06-30,AMAT,Applied Materials
2009-07-01,2009-06-30,ADSK,Autodesk
2009-07-01,2009-06-30,ADP,Automatic Data Processing
2009-07-01,2009-06-30,BIDU,Baidu
2009-07-01,2009-06-30,BBBY,Bed Bath & Beyond
2009-07-01,2009-06-30,BIIB,Biogen Idec
2009-07-01,2009-06-30,BRCM,Broadcom
2009-07-01,2009-06-30,CHRW,C.H. Robinson Worldwide
2009-07-01,2009-06-30,CA,"CA, Inc."
2009-07-01,2009-06-30,CELG,Celgene
2009-07-01,2009-06-30,CEPH,Cephalon
2009-07-01,2009-06-30,CHKP,Check Point
2009-07-01,2009-06-30,CTAS,Cintas
2009-07-01,2009-06-30,CSCO,Cisco Systems
2009-07-01,2009-06-30,CTXS,Citrix Systems
2009-07-01,2009-06-30,CTSH,Cognizant Technology Solutions
2009-07-01,2009-06-30,CMCSA,Comcast
2009-07-01,2009-06-30,COST,Costco
2009-07-01,2009-06-30,DELL,Dell
2009-07-01,2009-06-30,XRAY,DENTSPLY International
2009-07-01,2009-06-30,DISH,Dish Network
2009-07-01,2009-06-30,EBAY,eBay
2009-07-01,2009-06-30,ERTS,Electronic Arts
2009-07-01,2009-06-30,EXPE,"Expedia, Inc."
2009-07-01,2009-06-30,EXPD,Expeditors International
2009-07-01,2009-06-30,ESRX,Express Scripts
2009-07-01,2009-06-30,FAST,Fastenal
2009-07-01,2009-06-30,FSLR,First Solar
2009-07-01,2009-06-30,FISV,Fiserv
2009-07-01,2009-06-30,FLEX,Flextronics
2009-07-01,2009-06-30,FLIR,FLIR Systems
2009-07-01,2009-06-30,FWLT,Foster Wheeler
2009-07-01,2009-06-30,GRMN,Garmin
2009-07-01,2009-06-30,GENZ,Genzyme
2009-07-01,2009-06-30,GILD,Gilead Sciences
2009-07-01,2009-06-30,GOOG,Google
2009-07-01,2009-06-30,HANS,Hansen Natural
2009-07-01,2009-06-30,HSIC,Henry Schein
2009-07-01,2009-06-30,HOLX,Hologic
2009-07-01,2009-06-30,IACI,IAC/InterActiveCorp
2009-07-01,2009-06-30,ILMN,Illumina (company)
2009-07-01,2009-06-30,INFY,Infosys
2009-07-01,2009-06-30,INTC,Intel Corporation
2009-07-01,2009-06-30,INTU,Intuit
2009-07-01,2009-06-30,ISRG,Intuitive Surgical
2009-07-01,2009-06-30,JBHT,J.B. Hunt
2009-07-01,2009-06-30,JOYG,Joy Global
2009-07-01,2009-06-30,JNPR,Juniper Networks
2009-07-01,2009-06-30,KLAC,KLA-Tencor
2009-07-01,2009-06-30,LRCX,Lam Research
2009-07-01,2009-06-30,LBTYA,Liberty Global
2009-07-01,2009-06-30,LINTA,Liberty Media
2009-07-01,2009-06-30,LIFE,Life Technologies
2009-07-01,2009-06-30,LLTC,Linear Technology
2009-07-01,2009-06-30,LOGI,Logitech
2009-07-01,2009-06-30,MRVL,Marvell Technology Group
2009-07-01,2009-06-30,MXIM,Maxim Integrated Products
2009-07-01,2009-06-30,MCHP,Microchip Technology
2009-07-01,2009-06-30,MSFT,Microsoft
2009-07-01,2009-06-30,MICC,Millicom
2009-07-01,2009-06-30,NTAP,NetApp
2009-07-01,2009-06-30,NWSA,News Corporation
2009-07-01,2009-06-30,NIHD,NII Holdings
2009-07-01,2009-06-30,NVDA,Nvidia
2009-07-01,2009-06-30,ORLY,O'Reilly Auto Parts
2009-07-01,2009-06-30,ORCL,Oracle Corporation
2009-07-01,2009-06-30,PCAR,Paccar
2009-07-01,2009-06-30,PDCO,Patterson Companies
2009-07-01,2009-06-30,PAYX,Paychex
2009-07-01,2009-06-30,PPDI,Pharmaceutical Product Development
2009-07-01,2009-06-30,QCOM,Qualcomm
2009-07-01,2009-06-30,RIMM,Research In Motion
2009-07-01,2009-06-30,ROST,Ross Stores
2009-07-01,2009-06-30,RYAAY,Ryanair
2009-07-01,2009-06-30,STX,Seagate Technology
2009-07-01,2009-06-30,SHLD,Sears Holdings Corporation
2009-07-01,2009-06-30,SIAL,Sigma-Aldrich
2009-07-01,2009-06-30,SPLS,Staples (company)
2009-07-01,2009-06-30,SBUX,Starbucks
2009-07-01,2009-06-30,STLD,Steel Dynamics
2009-07-01,2009-06-30,SRCL,Stericycle
2009-07-01,2009-06-30,JAVA,Sun Microsystems
2009-07-01,2009-06-30,SYMC,Symantec
2009-07-01,2009-06-30,TEVA,Teva Pharmaceutical Industries
2009-07-01,2009-06-30,DTV,The DirecTV Group
2009-07-01,2009-06-30,URBN,Urban Outfitters
2009-07-01,2009-06-30,VRSN,VeriSign
2009-07-01,2009-06-30,VRTX,Vertex Pharmaceuticals
2009-07-01,2009-06-30,WCRX,Warner Chilcott
2009-07-01,2009-06-30,WYNN,Wynn Resorts
2009-07-01,2009-06-30,XLNX,Xilinx
2009-07-01,2009-06-30,YHOO,Yahoo!
2009-10-01,2009-09-29,ATVI,Activision Blizzard
2009-10-01,2009-09-29,ADBE,Adobe Systems
2009-10-01,2009-09-29,AKAM,Akamai Technologies
2009-10-01,2009-09-29,ALTR,Altera
2009-10-01,2009-09-29,AMZN,Amazon.com
2009-10-01,2009-09-29,AMGN,Amgen
2009-10-01,2009-09-29,APOL,Apollo Group
2009-10-01,2009-09-29,AAPL,Apple Inc.
2009-10-01,2009-09-29,AMAT,Applied Materials
2009-10-01,2009-09-29,ADSK,Autodesk
2009-10-01,2009-09-29,ADP,Automatic Data Processing
2009-10-01,2009-09-29,BIDU,Baidu
2009-10-01,2009-09-29,BBBY,Bed Bath & Beyond
2009-10-01,2009-09-29,BIIB,Biogen Idec
2009-10-01,2009-09-29,BRCM,Broadcom
2009-10-01,2009-09-29,CHRW,C.H. Robinson Worldwide
2009-10-01,2009-09-29,CA,"CA, Inc."
2009-10-01,2009-09-29,CELG,Celgene
2009-10-01,2009-09-29,CEPH,Cephalon
2009-10-01,2009-09-29,CERN,Cerner Corporation
2009-10-01,2009-09-29,CHKP,Check Point
2009-10-01,2009-09-29,CTAS,Cintas
2009-10-01,2009-09-29,CSCO,Cisco Systems
2009-10-01,2009-09-29,CTXS,Citrix Systems
2009-10-01,2009-09-29,CTSH,Cognizant Technology Solutions
2009-10-01,2009-09-29,CMCSA,Comcast
2009-10-01,2009-09-29,COST,Costco
2009-10-01,2009-09-29,DELL,Dell
2009-10-01,2009-09-29,XRAY,DENTSPLY International
2009-10-01,2009-09-29,DISH,Dish Network
2009-10-01,2009-09-29,EBAY,eBay
2009-10-01,2009-09-29,ERTS,Electronic Arts
2009-10-01,2009-09-29,EXPE,"Expedia, Inc."
2009-10-01,2009-09-29,EXPD,Expeditors International
2009-10-01,2009-09-29,ESRX,Express Scripts
2009-10-01,2009-09-29,FAST,Fastenal
2009-10-01,2009-09-29,FSLR,First Solar
2009-10-01,2009-09-29,FISV,Fiserv
2009-10-01,2009-09-29,FLEX,Flextronics
2009-10-01,2009-09-29,FLIR,FLIR Systems
2009-10-01,2009-09-29,FWLT,Foster Wheeler
2009-10-01,2009-09-29,GRMN,Garmin
2009-10-01,2009-09-29,GENZ,Genzyme
2009-10-01,2009-09-29,GILD,Gilead Sciences
2009-10-01,2009-09-29,GOOG,Google
2009-10-01,2009-09-29,HANS,Hansen Natural
2009-10-01,2009-09-29,HSIC,Henry Schein
2009-10-01,2009-09-29,HOLX,Hologic
2009-10-01,2009-09-29,IACI,IAC/InterActiveCorp
2009-10-01,2009-09-29,ILMN,Illumina (company)
2009-10-01,2009-09-29,INFY,Infosys
2009-10-01,2009-09-29,INTC,Intel Corporation
2009-10-01,2009-09-29,INTU,Intuit
2009-10-01,2009-09-29,ISRG,Intuitive Surgical
2009-10-01,2009-09-29,JBHT,J.B. Hunt
2009-10-01,2009-09-29,JOYG,Joy Global
2009-10-01,2009-09-29,JNPR,Juniper Networks
2009-10-01,2009-09-29,KLAC,KLA-Tencor
2009-10-01,2009-09-29,LRCX,Lam Research
2009-10-01,2009-09-29,LBTYA,Liberty Global
2009-10-01,2009-09-29,LINTA,Liberty Media
2009-10-01,2009-09-29,LIFE,Life Technologies
2009-10-01,2009-09-29,LLTC,Linear Technology
2009-10-01,2009-09-29,LOGI,Logitech
2009-10-01,2009-09-29,MRVL,Marvell Technology Group
2009-10-01,2009-09-29,MXIM,Maxim Integrated Products
2009-10-01,2009-09-29,MCHP,Microchip Technology
2009-10-01,2009-09-29,MSFT,Microsoft
2009-10-01,2009-09-29,MICC,Millicom
2009-10-01,2009-09-29,NTAP,NetApp
2009-10-01,2009-09-29,NWSA,News Corporation
2009-10-01,2009-09-29,NIHD,NII Holdings
2009-10-01,2009-09-29,NVDA,Nvidia
2009-10-01,2009-09-29,ORLY,O'Reilly Auto Parts
2009-10-01,2009-09-29,ORCL,Oracle Corporation
2009-10-01,2009-09-29,PCAR,Paccar
2009-10-01,2009-09-29,PDCO,Patterson Companies
2009-10-01,2009-09-29,PAYX,Paychex
2009-10-01,2009-09-29,PPDI,Pharmaceutical Product Development
2009-10-01,2009-09-29,QCOM,Qualcomm
2009-10-01,2009-09-29,RIMM,Research In Motion
2009-10-01,2009-09-29,ROST,Ross Stores
2009-10-01,2009-09-29,RYAAY,Ryanair
2009-10-01,2009-09-29,STX,Seagate Technology
2009-10-01,2009-09-29,SHLD,Sears Holdings Corporation
2009-10-01,2009-09-29,SIAL,Sigma-Aldrich
2009-10-01,2009-09-29,SPLS,Staples (company)
2009-10-01,2009-09-29,SBUX,Starbucks
2009-10-01,2009-09-29,STLD,Steel Dynamics
2009-10-01,2009-09-29,SRCL,Stericycle
2009-10-01,2009-09-29,SYMC,Symantec
2009-10-01,2009-09-29,TEVA,Teva Pharmaceutical Industries
2009-10-01,2009-09-29,DTV,The DirecTV Group
2009-10-01,2009-09-29,URBN,Urban Outfitters
2009-10-01,2009-09-29,VRSN,VeriSign
2009-10-01,2009-09-29,VRTX,Vertex Pharmaceuticals
2009-10-01,2009-09-29,WCRX,Warner Chilcott
2009-10-01,2009-09-29,WYNN,Wynn Resorts
2009-10-01,2009-09-29,XLNX,Xilinx
2009-10-01,2009-09-29,YHOO,Yahoo!
2010-01-01,2009-12-30,ATVI,Activision Blizzard
2010-01-01,2009-12-30,ADBE,Adobe Systems
2010-01-01,2009-12-30,ALTR,Altera
2010-01-01,2009-12-30,AMZN,Amazon.com
2010-01-01,2009-12-30,AMGN,Amgen
2010-01-01,2009-12-30,APOL,Apollo Group
2010-01-01,2009-12-30,AAPL,Apple Inc.
2010-01-01,2009-12-30,AMAT,Applied Materials
2010-01-01,2009-12-30,ADSK,Autodesk
2010-01-01,2009-12-30,ADP,Automatic Data Processing
2010-01-01,2009-12-30,BIDU,Baidu
2010-01-01,2009-12-30,BBBY,Bed Bath & Beyond
2010-01-01,2009-12-30,BIIB,Biogen Idec
2010-01-01,2009-12-30,BMC,BMC Software
2010-01-01,2009-12-30,BRCM,Broadcom
2010-01-01,2009-12-30,CHRW,C. H. Robinson Worldwide
2010-01-01,2009-12-30,CA,"CA, Inc."
2010-01-01,2009-12-30,CELG,Celgene
2010-01-01,2009-12-30,CEPH,Cephalon
2010-01-01,2009-12-30,CERN,Cerner
2010-01-01,2009-12-30,CHKP,Check Point
2010-01-01,2009-12-30,CTAS,Cintas
2010-01-01,2009-12-30,CSCO,Cisco Systems
2010-01-01,2009-12-30,CTXS,Citrix Systems
2010-01-01,2009-12-30,CTSH,Cognizant Technology Solutions
2010-01-01,2009-12-30,CMCSA,Comcast
2010-01-01,2009-12-30,COST,Costco
2010-01-01,2009-12-30,DELL,Dell
2010-01-01,2009-12-30,XRAY,DENTSPLY International
2010-01-01,2009-12-30,DTV,DIRECTV
2010-01-01,2009-12-30,DISH,Dish Network
2010-01-01,2009-12-30,EBAY,eBay
2010-01-01,2009-12-30,ERTS,Electronic Arts
2010-01-01,2009-12-30,EXPE,"Expedia, Inc."
2010-01-01,2009-12-30,EXPD,Expeditors International
2010-01-01,2009-12-30,ESRX,Express Scripts
2010-01-01,2009-12-30,FAST,Fastenal
2010-01-01,2009-12-30,FSLR,First Solar
2010-01-01,2009-12-30,FISV,Fiserv
2010-01-01,2009-12-30,FLEX,Flextronics
2010-01-01,2009-12-30,FLIR,FLIR Systems
2010-01-01,2009-12-30,FWLT,Foster Wheeler
2010-01-01,2009-12-30,GRMN,Garmin
2010-01-01,2009-12-30,GENZ,Genzyme
2010-01-01,2009-12-30,GILD,Gilead Sciences
2010-01-01,2009-12-30,GOOG,Google
2010-01-01,2009-12-30,HSIC,Henry Schein
2010-01-01,2009-12-30,HOLX,Hologic
2010-01-01,2009-12-30,ILMN,Illumina (company)
2010-01-01,2009-12-30,INFY,Infosys
2010-01-01,2009-12-30,INTC,Intel Corporation
2010-01-01,2009-12-30,INTU,Intuit
2010-01-01,2009-12-30,ISRG,Intuitive Surgical
2010-01-01,2009-12-30,JBHT,J. B. Hunt
2010-01-01,2009-12-30,JOYG,Joy Global
2010-01-01,2009-12-30,KLAC,KLA Tencor
2010-01-01,2009-12-30,LRCX,Lam Research
2010-01-01,2009-12-30,LINTA,Liberty Media
2010-01-01,2009-12-30,LIFE,Life Technologies
2010-01-01,2009-12-30,LLTC,Linear Technology
2010-01-01,2009-12-30,LOGI,Logitech
2010-01-01,2009-12-30,MRVL,Marvell Technology Group
2010-01-01,2009-12-30,MAT,Mattel
2010-01-01,2009-12-30,MXIM,Maxim Integrated Products
2010-01-01,2009-12-30,MCHP,Microchip Technology
2010-01-01,2009-12-30,MSFT,Microsoft
2010-01-01,2009-12-30,MICC,Millicom
2010-01-01,2009-12-30,MYL,Mylan
2010-01-01,2009-12-30,NTAP,NetApp
2010-01-01,2009-12-30,NWSA,News Corporation
2010-01-01,2009-12-30,NIHD,NII Holdings
2010-01-01,2009-12-30,NVDA,Nvidia
2010-01-01,2009-12-30,ORLY,O'Reilly Auto Parts
2010-01-01,2009-12-30,ORCL,Oracle Corporation
2010-01-01,2009-12-30,PCAR,Paccar
2010-01-01,2009-12-30,PDCO,Patterson Companies
2010-01-01,2009-12-30,PAYX,Paychex
2010-01-01,2009-12-30,PCLN,Priceline.com
2010-01-01,2009-12-30,QGEN,Qiagen
2010-01-01,2009-12-30,QCOM,Qualcomm
2010-01-01,2009-12-30,RIMM,Research In Motion
2010-01-01,2009-12-30,ROST,Ross Stores Inc.
2010-01-01,2009-12-30,SNDK,SanDisk
2010-01-01,2009-12-30,STX,Seagate Technology
2010-01-01,2009-12-30,SHLD,Sears Holdings Corporation
2010-01-01,2009-12-30,SIAL,Sigma-Aldrich
2010-01-01,2009-12-30,SPLS,Staples Inc.
2010-01-01,2009-12-30,SBUX,Starbucks
2010-01-01,2009-12-30,SRCL,Stericycle
2010-01-01,2009-12-30,SYMC,Symantec
2010-01-01,2009-12-30,TEVA,Teva Pharmaceutical Industries
2010-01-01,2009-12-30,URBN,Urban Outfitters
2010-01-01,2009-12-30,VRSN,VeriSign
2010-01-01,2009-12-30,VRTX,Vertex Pharmaceuticals
2010-01-01,2009-12-30,VMED,Virgin Media
2010-01-01,2009-12-30,VOD,Vodafone
2010-01-01,2009-12-30,WCRX,Warner Chilcott
2010-01-01,2009-12-30,WYNN,Wynn Resorts
2010-01-01,2009-12-30,XLNX,Xilinx
2010-01-01,2009-12-30,YHOO,Yahoo!
2010-04-01,2010-03-25,ATVI,Activision Blizzard
2010-04-01,2010-03-25,ADBE,Adobe Systems
2010-04-01,2010-03-25,ALTR,Altera
2010-04-01,2010-03-25,AMZN,Amazon.com
2010-04-01,2010-03-25,AMGN,Amgen
2010-04-01,2010-03-25,APOL,Apollo Group
2010-04-01,2010-03-25,AAPL,Apple Inc.
2010-04-01,2010-03-25,AMAT,Applied Materials
2010-04-01,2010-03-25,ADSK,Autodesk
2010-04-01,2010-03-25,ADP,Automatic Data Processing
2010-04-01,2010-03-25,BIDU,Baidu
2010-04-01,2010-03-25,BBBY,Bed Bath & Beyond
2010-04-01,2010-03-25,BIIB,Biogen Idec
2010-04-01,2010-03-25,BMC,BMC Software
2010-04-01,2010-03-25,BRCM,Broadcom
2010-04-01,2010-03-25,CHRW,C. H. Robinson Worldwide
2010-04-01,2010-03-25,CA,"CA, Inc."
2010-04-01,2010-03-25,CELG,Celgene
2010-04-01,2010-03-25,CEPH,Cephalon
2010-04-01,2010-03-25,CERN,Cerner
2010-04-01,2010-03-25,CHKP,Check Point
2010-04-01,2010-03-25,CTAS,Cintas
2010-04-01,2010-03-25,CSCO,Cisco Systems
2010-04-01,2010-03-25,CTXS,Citrix Systems
2010-04-01,2010-03-25,CTSH,Cognizant Technology Solutions
2010-04-01,2010-03-25,CMCSA,Comcast
2010-04-01,2010-03-25,COST,Costco
2010-04-01,2010-03-25,DELL,Dell
2010-04-01,2010-03-25,XRAY,DENTSPLY International
2010-04-01,2010-03-25,DTV,DirecTV
2010-04-01,2010-03-25,DISH,Dish Network
2010-04-01,2010-03-25,EBAY,eBay
2010-04-01,2010-03-25,ERTS,Electronic Arts
2010-04-01,2010-03-25,EXPE,"Expedia, Inc."
2010-04-01,2010-03-25,EXPD,Expeditors International
2010-04-01,2010-03-25,ESRX,Express Scripts
2010-04-01,2010-03-25,FAST,Fastenal
2010-04-01,2010-03-25,FSLR,First Solar
2010-04-01,2010-03-25,FISV,Fiserv
2010-04-01,2010-03-25,FLEX,Flextronics
2010-04-01,2010-03-25,FLIR,FLIR Systems
2010-04-01,2010-03-25,FWLT,Foster Wheeler
2010-04-01,2010-03-25,GRMN,Garmin
2010-04-01,2010-03-25,GENZ,Genzyme
2010-04-01,2010-03-25,GILD,Gilead Sciences
2010-04-01,2010-03-25,GOOG,Google
2010-04-01,2010-03-25,HSIC,Henry Schein
2010-04-01,2010-03-25,HOLX,Hologic
2010-04-01,2010-03-25,ILMN,Illumina (company)
2010-04-01,2010-03-25,INFY,Infosys
2010-04-01,2010-03-25,INTC,Intel Corporation
2010-04-01,2010-03-25,INTU,Intuit
2010-04-01,2010-03-25,ISRG,Intuitive Surgical
2010-04-01,2010-03-25,JBHT,J. B. Hunt
2010-04-01,2010-03-25,JOYG,Joy Global
2010-04-01,2010-03-25,KLAC,KLA Tencor
2010-04-01,2010-03-25,LRCX,Lam Research
2010-04-01,2010-03-25,LINTA,Liberty Media
2010-04-01,2010-03-25,LIFE,Life Technologies
2010-04-01,2010-03-25,LLTC,Linear Technology
2010-04-01,2010-03-25,LOGI,Logitech
2010-04-01,2010-03-25,MRVL,Marvell Technology Group
2010-04-01,2010-03-25,MAT,Mattel
2010-04-01,2010-03-25,MXIM,Maxim Integrated Products
2010-04-01,2010-03-25,MCHP,Microchip Technology
2010-04-01,2010-03-25,MSFT,Microsoft
2010-04-01,2010-03-25,MICC,Millicom
2010-04-01,2010-03-25,MYL,Mylan
2010-04-01,2010-03-25,NTAP,NetApp
2010-04-01,2010-03-25,NWSA,News Corporation
2010-04-01,2010-03-25,NIHD,NII Holdings
2010-04-01,2010-03-25,NVDA,Nvidia
2010-04-01,2010-03-25,ORLY,O'Reilly Auto Parts
2010-04-01,2010-03-25,ORCL,Oracle Corporation
2010-04-01,2010-03-25,PCAR,Paccar
2010-04-01,2010-03-25,PDCO,Patterson Companies
2010-04-01,2010-03-25,PAYX,Paychex
2010-04-01,2010-03-25,PCLN,Priceline.com
2010-04-01,2010-03-25,QGEN,Qiagen
2010-04-01,2010-03-25,QCOM,Qualcomm
2010-04-01,2010-03-25,RIMM,Research In Motion
2010-04-01,2010-03-25,ROST,Ross Stores Inc.
2010-04-01,2010-03-25,SNDK,SanDisk
2010-04-01,2010-03-25,STX,Seagate Technology
2010-04-01,2010-03-25,SHLD,Sears Holdings Corporation
2010-04-01,2010-03-25,SIAL,Sigma-Aldrich
2010-04-01,2010-03-25,SPLS,Staples Inc.
2010-04-01,2010-03-25,SBUX,Starbucks
2010-04-01,2010-03-25,SRCL,Stericycle
2010-04-01,2010-03-25,SYMC,Symantec
2010-04-01,2010-03-25,TEVA,Teva Pharmaceutical Industries
2010-04-01,2010-03-25,URBN,Urban Outfitters
2010-04-01,2010-03-25,VRSN,VeriSign
2010-04-01,2010-03-25,VRTX,Vertex Pharmaceuticals
2010-04-01,2010-03-25,VMED,Virgin Media
2010-04-01,2010-03-25,VOD,Vodafone
2010-04-01,2010-03-25,WCRX,Warner Chilcott
2010-04-01,2010-03-25,WYNN,Wynn Resorts
2010-04-01,2010-03-25,XLNX,Xilinx
2010-04-01,2010-03-25,YHOO,Yahoo!
2010-07-01,2010-05-28,ATVI,Activision Blizzard
2010-07-01,2010-05-28,ADBE,Adobe Systems
2010-07-01,2010-05-28,ALTR,Altera
2010-07-01,2010-05-28,AMZN,Amazon.com
2010-07-01,2010-05-28,AMGN,Amgen
2010-07-01,2010-05-28,APOL,Apollo Group
2010-07-01,2010-05-28,AAPL,Apple Inc.
2010-07-01,2010-05-28,AMAT,Applied Materials
2010-07-01,2010-05-28,ADSK,Autodesk
2010-07-01,2010-05-28,ADP,Automatic Data Processing
2010-07-01,2010-05-28,BIDU,Baidu
2010-07-01,2010-05-28,BBBY,Bed Bath & Beyond
2010-07-01,2010-05-28,BIIB,Biogen Idec
2010-07-01,2010-05-28,BMC,BMC Software
2010-07-01,2010-05-28,BRCM,Broadcom
2010-07-01,2010-05-28,CHRW,C. H. Robinson Worldwide
2010-07-01,2010-05-28,CA,"CA, Inc."
2010-07-01,2010-05-28,CELG,Celgene
2010-07-01,2010-05-28,CEPH,Cephalon
2010-07-01,2010-05-28,CERN,Cerner
2010-07-01,2010-05-28,CHKP,Check Point
2010-07-01,2010-05-28,CTAS,Cintas
2010-07-01,2010-05-28,CSCO,Cisco Systems
2010-07-01,2010-05-28,CTXS,Citrix Systems
2010-07-01,2010-05-28,CTSH,Cognizant Technology Solutions
2010-07-01,2010-05-28,CMCSA,Comcast
2010-07-01,2010-05-28,COST,Costco
2010-07-01,2010-05-28,DELL,Dell
2010-07-01,2010-05-28,XRAY,DENTSPLY International
2010-07-01,2010-05-28,DTV,DirecTV
2010-07-01,2010-05-28,DISH,Dish Network
2010-07-01,2010-05-28,EBAY,eBay
2010-07-01,2010-05-28,ERTS,Electronic Arts
2010-07-01,2010-05-28,EXPE,"Expedia, Inc."
2010-07-01,2010-05-28,EXPD,Expeditors International
2010-07-01,2010-05-28,ESRX,Express Scripts
2010-07-01,2010-05-28,FAST,Fastenal
2010-07-01,2010-05-28,FSLR,First Solar
2010-07-01,2010-05-28,FISV,Fiserv
2010-07-01,2010-05-28,FLEX,Flextronics
2010-07-01,2010-05-28,FLIR,FLIR Systems
2010-07-01,2010-05-28,FWLT,Foster Wheeler
2010-07-01,2010-05-28,GRMN,Garmin
2010-07-01,2010-05-28,GENZ,Genzyme
2010-07-01,2010-05-28,GILD,Gilead Sciences
2010-07-01,2010-05-28,GOOG,Google
2010-07-01,2010-05-28,HSIC,Henry Schein
2010-07-01,2010-05-28,HOLX,Hologic
2010-07-01,2010-05-28,ILMN,Illumina (company)
2010-07-01,2010-05-28,INFY,Infosys
2010-07-01,2010-05-28,INTC,Intel Corporation
2010-07-01,2010-05-28,INTU,Intuit
2010-07-01,2010-05-28,ISRG,Intuitive Surgical
2010-07-01,2010-05-28,JBHT,J. B. Hunt
2010-07-01,2010-05-28,JOYG,Joy Global
2010-07-01,2010-05-28,KLAC,KLA Tencor
2010-07-01,2010-05-28,LRCX,Lam Research
2010-07-01,2010-05-28,LINTA,Liberty Media
2010-07-01,2010-05-28,LIFE,Life Technologies
2010-07-01,2010-05-28,LLTC,Linear Technology
2010-07-01,2010-05-28,LOGI,Logitech
2010-07-01,2010-05-28,MRVL,Marvell Technology Group
2010-07-01,2010-05-28,MAT,Mattel
2010-07-01,2010-05-28,MXIM,Maxim Integrated Products
2010-07-01,2010-05-28,MCHP,Microchip Technology
2010-07-01,2010-05-28,MSFT,Microsoft
2010-07-01,2010-05-28,MICC,Millicom
2010-07-01,2010-05-28,MYL,Mylan
2010-07-01,2010-05-28,NTAP,NetApp
2010-07-01,2010-05-28,NWSA,News Corporation
2010-07-01,2010-05-28,NIHD,NII Holdings
2010-07-01,2010-05-28,NVDA,Nvidia
2010-07-01,2010-05-28,ORLY,O'Reilly Auto Parts
2010-07-01,2010-05-28,ORCL,Oracle Corporation
2010-07-01,2010-05-28,PCAR,Paccar
2010-07-01,2010-05-28,PDCO,Patterson Companies
2010-07-01,2010-05-28,PAYX,Paychex
2010-07-01,2010-05-28,PCLN,Priceline.com
2010-07-01,2010-05-28,QGEN,Qiagen
2010-07-01,2010-05-28,QCOM,Qualcomm
2010-07-01,2010-05-28,RIMM,Research In Motion
2010-07-01,2010-05-28,ROST,Ross Stores Inc.
2010-07-01,2010-05-28,SNDK,SanDisk
2010-07-01,2010-05-28,STX,Seagate Technology
2010-07-01,2010-05-28,SHLD,Sears Holdings Corporation
2010-07-01,2010-05-28,SIAL,Sigma-Aldrich
2010-07-01,2010-05-28,SPLS,Staples Inc.
2010-07-01,2010-05-28,SBUX,Starbucks
2010-07-01,2010-05-28,SRCL,Stericycle
2010-07-01,2010-05-28,SYMC,Symantec
2010-07-01,2010-05-28,TEVA,Teva Pharmaceutical Industries
2010-07-01,2010-05-28,URBN,Urban Outfitters
2010-07-01,2010-05-28,VRSN,VeriSign
2010-07-01,2010-05-28,VRTX,Vertex Pharmaceuticals
2010-07-01,2010-05-28,VMED,Virgin Media
2010-07-01,2010-05-28,VOD,Vodafone
2010-07-01,2010-05-28,WCRX,Warner Chilcott
2010-07-01,2010-05-28,WYNN,Wynn Resorts
2010-07-01,2010-05-28,XLNX,Xilinx
2010-07-01,2010-05-28,YHOO,Yahoo!
2010-10-01,2010-09-08,ATVI,Activision Blizzard
2010-10-01,2010-09-08,ADBE,Adobe Systems
2010-10-01,2010-09-08,ALTR,Altera
2010-10-01,2010-09-08,AMZN,Amazon.com
2010-10-01,2010-09-08,AMGN,Amgen
2010-10-01,2010-09-08,APOL,Apollo Group
2010-10-01,2010-09-08,AAPL,Apple Inc.
2010-10-01,2010-09-08,AMAT,Applied Materials
2010-10-01,2010-09-08,ADSK,Autodesk
2010-10-01,2010-09-08,ADP,Automatic Data Processing
2010-10-01,2010-09-08,BIDU,Baidu
2010-10-01,2010-09-08,BBBY,Bed Bath & Beyond
2010-10-01,2010-09-08,BIIB,Biogen Idec
2010-10-01,2010-09-08,BMC,BMC Software
2010-10-01,2010-09-08,BRCM,Broadcom
2010-10-01,2010-09-08,CHRW,C. H. Robinson Worldwide
2010-10-01,2010-09-08,CA,"CA, Inc."
2010-10-01,2010-09-08,CELG,Celgene
2010-10-01,2010-09-08,CEPH,Cephalon
2010-10-01,2010-09-08,CERN,Cerner
2010-10-01,2010-09-08,CHKP,Check Point
2010-10-01,2010-09-08,CTAS,Cintas
2010-10-01,2010-09-08,CSCO,Cisco Systems
2010-10-01,2010-09-08,CTXS,Citrix Systems
2010-10-01,2010-09-08,CTSH,Cognizant Technology Solutions
2010-10-01,2010-09-08,CMCSA,Comcast
2010-10-01,2010-09-08,COST,Costco
2010-10-01,2010-09-08,DELL,Dell
2010-10-01,2010-09-08,XRAY,Dentsply
2010-10-01,2010-09-08,DTV,DirecTV
2010-10-01,2010-09-08,DISH,Dish Network
2010-10-01,2010-09-08,EBAY,eBay
2010-10-01,2010-09-08,ERTS,Electronic Arts
2010-10-01,2010-09-08,EXPE,"Expedia, Inc."
2010-10-01,2010-09-08,EXPD,Expeditors International
2010-10-01,2010-09-08,ESRX,Express Scripts
2010-10-01,2010-09-08,FAST,Fastenal
2010-10-01,2010-09-08,FSLR,First Solar
2010-10-01,2010-09-08,FISV,Fiserv
2010-10-01,2010-09-08,FLEX,Flextronics
2010-10-01,2010-09-08,FLIR,FLIR Systems
2010-10-01,2010-09-08,FWLT,Foster Wheeler
2010-10-01,2010-09-08,GRMN,Garmin
2010-10-01,2010-09-08,GENZ,Genzyme
2010-10-01,2010-09-08,GILD,Gilead Sciences
2010-10-01,2010-09-08,GOOG,Google
2010-10-01,2010-09-08,HSIC,Henry Schein
2010-10-01,2010-09-08,HOLX,Hologic
2010-10-01,2010-09-08,ILMN,Illumina (company)
2010-10-01,2010-09-08,INFY,Infosys
2010-10-01,2010-09-08,INTC,Intel Corporation
2010-10-01,2010-09-08,INTU,Intuit
2010-10-01,2010-09-08,ISRG,Intuitive Surgical
2010-10-01,2010-09-08,JBHT,J. B. Hunt
2010-10-01,2010-09-08,JOYG,Joy Global
2010-10-01,2010-09-08,KLAC,KLA Tencor
2010-10-01,2010-09-08,LRCX,Lam Research
2010-10-01,2010-09-08,LINTA,Liberty Media
2010-10-01,2010-09-08,LIFE,Life Technologies
2010-10-01,2010-09-08,LLTC,Linear Technology
2010-10-01,2010-09-08,LOGI,Logitech
2010-10-01,2010-09-08,MRVL,Marvell Technology Group
2010-10-01,2010-09-08,MAT,Mattel
2010-10-01,2010-09-08,MXIM,Maxim Integrated Products
2010-10-01,2010-09-08,MCHP,Microchip Technology
2010-10-01,2010-09-08,MSFT,Microsoft
2010-10-01,2010-09-08,MICC,Millicom
2010-10-01,2010-09-08,MYL,Mylan
2010-10-01,2010-09-08,NTAP,NetApp
2010-10-01,2010-09-08,NWSA,News Corporation
2010-10-01,2010-09-08,NIHD,NII Holdings
2010-10-01,2010-09-08,NVDA,Nvidia
2010-10-01,2010-09-08,ORLY,O'Reilly Auto Parts
2010-10-01,2010-09-08,ORCL,Oracle Corporation
2010-10-01,2010-09-08,PCAR,Paccar
2010-10-01,2010-09-08,PDCO,Patterson Companies
2010-10-01,2010-09-08,PAYX,Paychex
2010-10-01,2010-09-08,PCLN,Priceline.com
2010-10-01,2010-09-08,QGEN,Qiagen
2010-10-01,2010-09-08,QCOM,Qualcomm
2010-10-01,2010-09-08,RIMM,Research In Motion
2010-10-01,2010-09-08,ROST,Ross Stores Inc.
2010-10-01,2010-09-08,SNDK,SanDisk
2010-10-01,2010-09-08,STX,Seagate Technology
2010-10-01,2010-09-08,SHLD,Sears Holdings Corporation
2010-10-01,2010-09-08,SIAL,Sigma-Aldrich
2010-10-01,2010-09-08,SPLS,Staples Inc.
2010-10-01,2010-09-08,SBUX,Starbucks
2010-10-01,2010-09-08,SRCL,Stericycle
2010-10-01,2010-09-08,SYMC,Symantec
2010-10-01,2010-09-08,TEVA,Teva Pharmaceutical Industries
2010-10-01,2010-09-08,URBN,Urban Outfitters
2010-10-01,2010-09-08,VRSN,VeriSign
2010-10-01,2010-09-08,VRTX,Vertex Pharmaceuticals
2010-10-01,2010-09-08,VMED,Virgin Media
2010-10-01,2010-09-08,VOD,Vodafone
2010-10-01,2010-09-08,WCRX,Warner Chilcott
2010-10-01,2010-09-08,WYNN,Wynn Resorts
2010-10-01,2010-09-08,XLNX,Xilinx
2010-10-01,2010-09-08,YHOO,Yahoo!
2011-01-01,2010-12-21,ATVI,Activision Blizzard
2011-01-01,2010-12-21,ADBE,Adobe Systems
2011-01-01,2010-12-21,AKAM,Akamai Technologies
2011-01-01,2010-12-21,ALTR,Altera
2011-01-01,2010-12-21,AMZN,Amazon.com
2011-01-01,2010-12-21,AMGN,Amgen
2011-01-01,2010-12-21,APOL,Apollo Group
2011-01-01,2010-12-21,AAPL,Apple Inc.
2011-01-01,2010-12-21,AMAT,Applied Materials
2011-01-01,2010-12-21,ADSK,Autodesk
2011-01-01,2010-12-21,ADP,Automatic Data Processing
2011-01-01,2010-12-21,BIDU,Baidu
2011-01-01,2010-12-21,BBBY,Bed Bath & Beyond
2011-01-01,2010-12-21,BIIB,Biogen Idec
2011-01-01,2010-12-21,BMC,BMC Software
2011-01-01,2010-12-21,BRCM,Broadcom
2011-01-01,2010-12-21,CHRW,C. H. Robinson Worldwide
2011-01-01,2010-12-21,CA,"CA, Inc."
2011-01-01,2010-12-21,CELG,Celgene
2011-01-01,2010-12-21,CEPH,Cephalon
2011-01-01,2010-12-21,CERN,Cerner
2011-01-01,2010-12-21,CHKP,Check Point
2011-01-01,2010-12-21,CSCO,Cisco Systems
2011-01-01,2010-12-21,CTXS,Citrix Systems
2011-01-01,2010-12-21,CTSH,Cognizant Technology Solutions
2011-01-01,2010-12-21,CMCSA,Comcast
2011-01-01,2010-12-21,COST,Costco
2011-01-01,2010-12-21,CTRP,Ctrip
2011-01-01,2010-12-21,DELL,Dell
2011-01-01,2010-12-21,XRAY,Dentsply
2011-01-01,2010-12-21,DTV,DirecTV
2011-01-01,2010-12-21,DLTR,Dollar Tree
2011-01-01,2010-12-21,EBAY,eBay
2011-01-01,2010-12-21,ERTS,Electronic Arts
2011-01-01,2010-12-21,EXPE,"Expedia, Inc."
2011-01-01,2010-12-21,EXPD,Expeditors International
2011-01-01,2010-12-21,ESRX,Express Scripts
2011-01-01,2010-12-21,FFIV,F5 Networks
2011-01-01,2010-12-21,FAST,Fastenal
2011-01-01,2010-12-21,FSLR,First Solar
2011-01-01,2010-12-21,FISV,Fiserv
2011-01-01,2010-12-21,FLEX,Flextronics
2011-01-01,2010-12-21,FLIR,FLIR Systems
2011-01-01,2010-12-21,GRMN,Garmin
2011-01-01,2010-12-21,GENZ,Genzyme
2011-01-01,2010-12-21,GILD,Gilead Sciences
2011-01-01,2010-12-21,GOOG,Google
2011-01-01,2010-12-21,HSIC,Henry Schein
2011-01-01,2010-12-21,ILMN,Illumina (company)
2011-01-01,2010-12-21,INFY,Infosys
2011-01-01,2010-12-21,INTC,Intel Corporation
2011-01-01,2010-12-21,INTU,Intuit
2011-01-01,2010-12-21,ISRG,Intuitive Surgical
2011-01-01,2010-12-21,JOYG,Joy Global
2011-01-01,2010-12-21,KLAC,KLA Tencor
2011-01-01,2010-12-21,LRCX,Lam Research
2011-01-01,2010-12-21,LINTA,Liberty Media
2011-01-01,2010-12-21,LIFE,Life Technologies
2011-01-01,2010-12-21,LLTC,Linear Technology
2011-01-01,2010-12-21,MRVL,Marvell Technology Group
2011-01-01,2010-12-21,MAT,Mattel
2011-01-01,2010-12-21,MXIM,Maxim Integrated Products
2011-01-01,2010-12-21,MCHP,Microchip Technology
2011-01-01,2010-12-21,MU,Micron Technology
2011-01-01,2010-12-21,MSFT,Microsoft
2011-01-01,2010-12-21,MICC,Millicom
2011-01-01,2010-12-21,MYL,Mylan
2011-01-01,2010-12-21,NTAP,NetApp
2011-01-01,2010-12-21,NFLX,Netflix
2011-01-01,2010-12-21,NWSA,News Corporation
2011-01-01,2010-12-21,NIHD,NII Holdings
2011-01-01,2010-12-21,NVDA,Nvidia
2011-01-01,2010-12-21,ORLY,O'Reilly Auto Parts
2011-01-01,2010-12-21,ORCL,Oracle Corporation
2011-01-01,2010-12-21,PCAR,Paccar
2011-01-01,2010-12-21,PAYX,Paychex
2011-01-01,2010-12-21,PCLN,Priceline.com
2011-01-01,2010-12-21,QGEN,Qiagen
2011-01-01,2010-12-21,QCOM,Qualcomm
2011-01-01,2010-12-21,RIMM,Research In Motion
2011-01-01,2010-12-21,ROST,Ross Stores Inc.
2011-01-01,2010-12-21,SNDK,SanDisk
2011-01-01,2010-12-21,STX,Seagate Technology
2011-01-01,2010-12-21,SHLD,Sears Holdings Corporation
2011-01-01,2010-12-21,SIAL,Sigma-Aldrich
2011-01-01,2010-12-21,SPLS,Staples Inc.
2011-01-01,2010-12-21,SBUX,Starbucks
2011-01-01,2010-12-21,SRCL,Stericycle
2011-01-01,2010-12-21,SYMC,Symantec
2011-01-01,2010-12-21,TEVA,Teva Pharmaceutical Industries
2011-01-01,2010-12-21,URBN,Urban Outfitters
2011-01-01,2010-12-21,VRSN,VeriSign
2011-01-01,2010-12-21,VRTX,Vertex Pharmaceuticals
2011-01-01,2010-12-21,VMED,Virgin Media
2011-01-01,2010-12-21,VOD,Vodafone
2011-01-01,2010-12-21,WCRX,Warner Chilcott
2011-01-01,2010-12-21,WFMI,Whole Foods Market
2011-01-01,2010-12-21,WYNN,Wynn Resorts
2011-01-01,2010-12-21,XLNX,Xilinx
2011-01-01,2010-12-21,YHOO,Yahoo!
2011-04-01,2011-03-31,ATVI,Activision Blizzard
2011-04-01,2011-03-31,ADBE,Adobe Systems
2011-04-01,2011-03-31,AKAM,Akamai Technologies
2011-04-01,2011-03-31,ALTR,Altera
2011-04-01,2011-03-31,AMZN,Amazon.com
2011-04-01,2011-03-31,AMGN,Amgen
2011-04-01,2011-03-31,APOL,Apollo Group
2011-04-01,2011-03-31,AAPL,Apple Inc.
2011-04-01,2011-03-31,AMAT,Applied Materials
2011-04-01,2011-03-31,ADSK,Autodesk
2011-04-01,2011-03-31,ADP,Automatic Data Processing
2011-04-01,2011-03-31,BIDU,Baidu
2011-04-01,2011-03-31,BBBY,Bed Bath & Beyond
2011-04-01,2011-03-31,BIIB,Biogen Idec
2011-04-01,2011-03-31,BMC,BMC Software
2011-04-01,2011-03-31,BRCM,Broadcom
2011-04-01,2011-03-31,CHRW,C. H. Robinson Worldwide
2011-04-01,2011-03-31,CA,"CA, Inc."
2011-04-01,2011-03-31,CELG,Celgene
2011-04-01,2011-03-31,CEPH,Cephalon
2011-04-01,2011-03-31,CERN,Cerner
2011-04-01,2011-03-31,CHKP,Check Point
2011-04-01,2011-03-31,CSCO,Cisco Systems
2011-04-01,2011-03-31,CTXS,Citrix Systems
2011-04-01,2011-03-31,CTSH,Cognizant Technology Solutions
2011-04-01,2011-03-31,CMCSA,Comcast
2011-04-01,2011-03-31,COST,Costco
2011-04-01,2011-03-31,CTRP,Ctrip
2011-04-01,2011-03-31,DELL,Dell
2011-04-01,2011-03-31,XRAY,Dentsply
2011-04-01,2011-03-31,DTV,DirecTV
2011-04-01,2011-03-31,DLTR,Dollar Tree
2011-04-01,2011-03-31,EBAY,eBay
2011-04-01,2011-03-31,ERTS,Electronic Arts
2011-04-01,2011-03-31,EXPE,"Expedia, Inc."
2011-04-01,2011-03-31,EXPD,Expeditors International
2011-04-01,2011-03-31,ESRX,Express Scripts
2011-04-01,2011-03-31,FFIV,F5 Networks
2011-04-01,2011-03-31,FAST,Fastenal
2011-04-01,2011-03-31,FSLR,First Solar
2011-04-01,2011-03-31,FISV,Fiserv
2011-04-01,2011-03-31,FLEX,Flextronics
2011-04-01,2011-03-31,FLIR,FLIR Systems
2011-04-01,2011-03-31,GRMN,Garmin
2011-04-01,2011-03-31,GENZ,Genzyme
2011-04-01,2011-03-31,GILD,Gilead Sciences
2011-04-01,2011-03-31,GOOG,Google
2011-04-01,2011-03-31,HSIC,Henry Schein
2011-04-01,2011-03-31,ILMN,Illumina (company)
2011-04-01,2011-03-31,INFY,Infosys
2011-04-01,2011-03-31,INTC,Intel Corporation
2011-04-01,2011-03-31,INTU,Intuit
2011-04-01,2011-03-31,ISRG,Intuitive Surgical
2011-04-01,2011-03-31,JOYG,Joy Global
2011-04-01,2011-03-31,KLAC,KLA Tencor
2011-04-01,2011-03-31,LRCX,Lam Research
2011-04-01,2011-03-31,LINTA,Liberty Media
2011-04-01,2011-03-31,LIFE,Life Technologies
2011-04-01,2011-03-31,LLTC,Linear Technology
2011-04-01,2011-03-31,MRVL,Marvell Technology Group
2011-04-01,2011-03-31,MAT,Mattel
2011-04-01,2011-03-31,MXIM,Maxim Integrated Products
2011-04-01,2011-03-31,MCHP,Microchip Technology
2011-04-01,2011-03-31,MU,Micron Technology
2011-04-01,2011-03-31,MSFT,Microsoft
2011-04-01,2011-03-31,MICC,Millicom
2011-04-01,2011-03-31,MYL,Mylan
2011-04-01,2011-03-31,NTAP,NetApp
2011-04-01,2011-03-31,NFLX,Netflix
2011-04-01,2011-03-31,NWSA,News Corporation
2011-04-01,2011-03-31,NIHD,NII Holdings
2011-04-01,2011-03-31,NVDA,Nvidia
2011-04-01,2011-03-31,ORLY,O'Reilly Auto Parts
2011-04-01,2011-03-31,ORCL,Oracle Corporation
2011-04-01,2011-03-31,PCAR,Paccar
2011-04-01,2011-03-31,PAYX,Paychex
2011-04-01,2011-03-31,PCLN,Priceline.com
2011-04-01,2011-03-31,QGEN,Qiagen
2011-04-01,2011-03-31,QCOM,Qualcomm
2011-04-01,2011-03-31,RIMM,Research In Motion
2011-04-01,2011-03-31,ROST,Ross Stores Inc.
2011-04-01,2011-03-31,SNDK,SanDisk
2011-04-01,2011-03-31,STX,Seagate Technology
2011-04-01,2011-03-31,SHLD,Sears Holdings Corporation
2011-04-01,2011-03-31,SIAL,Sigma-Aldrich
2011-04-01,2011-03-31,SPLS,Staples Inc.
2011-04-01,2011-03-31,SBUX,Starbucks
2011-04-01,2011-03-31,SRCL,Stericycle
2011-04-01,2011-03-31,SYMC,Symantec
2011-04-01,2011-03-31,TEVA,Teva Pharmaceutical Industries
2011-04-01,2011-03-31,URBN,Urban Outfitters
2011-04-01,2011-03-31,VRSN,VeriSign
2011-04-01,2011-03-31,VRTX,Vertex Pharmaceuticals
2011-04-01,2011-03-31,VMED,Virgin Media
2011-04-01,2011-03-31,VOD,Vodafone
2011-04-01,2011-03-31,WCRX,Warner Chilcott
2011-04-01,2011-03-31,WFMI,Whole Foods Market
2011-04-01,2011-03-31,WYNN,Wynn Resorts
2011-04-01,2011-03-31,XLNX,Xilinx
2011-04-01,2011-03-31,YHOO,Yahoo!
2011-07-01,2011-06-24,ATVI,Activision Blizzard
2011-07-01,2011-06-24,ADBE,Adobe Systems
2011-07-01,2011-06-24,AKAM,Akamai Technologies
2011-07-01,2011-06-24,ALXN,Alexion Pharmaceuticals
2011-07-01,2011-06-24,ALTR,Altera
2011-07-01,2011-06-24,AMZN,Amazon.com
2011-07-01,2011-06-24,AMGN,Amgen
2011-07-01,2011-06-24,APOL,Apollo Group
2011-07-01,2011-06-24,AAPL,Apple Inc.
2011-07-01,2011-06-24,AMAT,Applied Materials
2011-07-01,2011-06-24,ADSK,Autodesk
2011-07-01,2011-06-24,ADP,Automatic Data Processing
2011-07-01,2011-06-24,BIDU,Baidu
2011-07-01,2011-06-24,BBBY,Bed Bath & Beyond
2011-07-01,2011-06-24,BIIB,Biogen Idec
2011-07-01,2011-06-24,BMC,BMC Software
2011-07-01,2011-06-24,BRCM,Broadcom
2011-07-01,2011-06-24,CHRW,C. H. Robinson Worldwide
2011-07-01,2011-06-24,CA,"CA, Inc."
2011-07-01,2011-06-24,CELG,Celgene
2011-07-01,2011-06-24,CEPH,Cephalon
2011-07-01,2011-06-24,CERN,Cerner
2011-07-01,2011-06-24,CHKP,Check Point
2011-07-01,2011-06-24,CSCO,Cisco Systems
2011-07-01,2011-06-24,CTXS,Citrix Systems
2011-07-01,2011-06-24,CTSH,Cognizant Technology Solutions
2011-07-01,2011-06-24,CMCSA,Comcast
2011-07-01,2011-06-24,COST,Costco
2011-07-01,2011-06-24,CTRP,Ctrip
2011-07-01,2011-06-24,DELL,Dell
2011-07-01,2011-06-24,XRAY,Dentsply
2011-07-01,2011-06-24,DTV,DirecTV
2011-07-01,2011-06-24,DLTR,Dollar Tree
2011-07-01,2011-06-24,EBAY,eBay
2011-07-01,2011-06-24,ERTS,Electronic Arts
2011-07-01,2011-06-24,EXPE,"Expedia, Inc."
2011-07-01,2011-06-24,EXPD,Expeditors International
2011-07-01,2011-06-24,ESRX,Express Scripts
2011-07-01,2011-06-24,FFIV,F5 Networks
2011-07-01,2011-06-24,FAST,Fastenal
2011-07-01,2011-06-24,FSLR,First Solar
2011-07-01,2011-06-24,FISV,Fiserv
2011-07-01,2011-06-24,FLEX,Flextronics
2011-07-01,2011-06-24,FLIR,FLIR Systems
2011-07-01,2011-06-24,GRMN,Garmin
2011-07-01,2011-06-24,GILD,Gilead Sciences
2011-07-01,2011-06-24,GOOG,Google
2011-07-01,2011-06-24,GMCR,Green Mountain Coffee Roasters
2011-07-01,2011-06-24,HSIC,Henry Schein
2011-07-01,2011-06-24,ILMN,Illumina (company)
2011-07-01,2011-06-24,INFY,Infosys
2011-07-01,2011-06-24,INTC,Intel Corporation
2011-07-01,2011-06-24,INTU,Intuit
2011-07-01,2011-06-24,ISRG,Intuitive Surgical
2011-07-01,2011-06-24,JOYG,Joy Global
2011-07-01,2011-06-24,KLAC,KLA Tencor
2011-07-01,2011-06-24,LRCX,Lam Research
2011-07-01,2011-06-24,LINTA,Liberty Media
2011-07-01,2011-06-24,LIFE,Life Technologies
2011-07-01,2011-06-24,LLTC,Linear Technology
2011-07-01,2011-06-24,MRVL,Marvell Technology Group
2011-07-01,2011-06-24,MAT,Mattel
2011-07-01,2011-06-24,MXIM,Maxim Integrated Products
2011-07-01,2011-06-24,MCHP,Microchip Technology
2011-07-01,2011-06-24,MU,Micron Technology
2011-07-01,2011-06-24,MSFT,Microsoft
2011-07-01,2011-06-24,MYL,Mylan
2011-07-01,2011-06-24,NTAP,NetApp
2011-07-01,2011-06-24,NFLX,Netflix
2011-07-01,2011-06-24,NWSA,News Corporation
2011-07-01,2011-06-24,NIHD,NII Holdings
2011-07-01,2011-06-24,NVDA,Nvidia
2011-07-01,2011-06-24,ORLY,O'Reilly Auto Parts
2011-07-01,2011-06-24,ORCL,Oracle Corporation
2011-07-01,2011-06-24,PCAR,Paccar
2011-07-01,2011-06-24,PAYX,Paychex
2011-07-01,2011-06-24,PCLN,Priceline.com
2011-07-01,2011-06-24,QGEN,Qiagen
2011-07-01,2011-06-24,QCOM,Qualcomm
2011-07-01,2011-06-24,RIMM,Research In Motion
2011-07-01,2011-06-24,ROST,Ross Stores Inc.
2011-07-01,2011-06-24,SNDK,SanDisk
2011-07-01,2011-06-24,STX,Seagate Technology
2011-07-01,2011-06-24,SHLD,Sears Holdings Corporation
2011-07-01,2011-06-24,SIAL,Sigma-Aldrich
2011-07-01,2011-06-24,SPLS,Staples Inc.
2011-07-01,2011-06-24,SBUX,Starbucks
2011-07-01,2011-06-24,SRCL,Stericycle
2011-07-01,2011-06-24,SYMC,Symantec
2011-07-01,2011-06-24,TEVA,Teva Pharmaceutical Industries
2011-07-01,2011-06-24,URBN,Urban Outfitters
2011-07-01,2011-06-24,VRSN,VeriSign
2011-07-01,2011-06-24,VRTX,Vertex Pharmaceuticals
2011-07-01,2011-06-24,VMED,Virgin Media
2011-07-01,2011-06-24,VOD,Vodafone
2011-07-01,2011-06-24,WCRX,Warner Chilcott
2011-07-01,2011-06-24,WFM,Whole Foods Market
2011-07-01,2011-06-24,WYNN,Wynn Resorts
2011-07-01,2011-06-24,XLNX,Xilinx
2011-07-01,2011-06-24,YHOO,Yahoo!
2011-10-01,2011-09-21,ATVI,Activision Blizzard
2011-10-01,2011-09-21,ADBE,Adobe Systems
2011-10-01,2011-09-21,AKAM,Akamai Technologies
2011-10-01,2011-09-21,ALXN,Alexion Pharmaceuticals
2011-10-01,2011-09-21,ALTR,Altera
2011-10-01,2011-09-21,AMZN,Amazon.com
2011-10-01,2011-09-21,AMGN,Amgen
2011-10-01,2011-09-21,APOL,Apollo Group
2011-10-01,2011-09-21,AAPL,Apple Inc.
2011-10-01,2011-09-21,AMAT,Applied Materials
2011-10-01,2011-09-21,ADSK,Autodesk
2011-10-01,2011-09-21,ADP,Automatic Data Processing
2011-10-01,2011-09-21,BIDU,Baidu
2011-10-01,2011-09-21,BBBY,Bed Bath & Beyond
2011-10-01,2011-09-21,BIIB,Biogen Idec
2011-10-01,2011-09-21,BMC,BMC Software
2011-10-01,2011-09-21,BRCM,Broadcom
2011-10-01,2011-09-21,CHRW,C. H. Robinson Worldwide
2011-10-01,2011-09-21,CA,"CA, Inc."
2011-10-01,2011-09-21,CELG,Celgene
2011-10-01,2011-09-21,CERN,Cerner
2011-10-01,2011-09-21,CHKP,Check Point
2011-10-01,2011-09-21,CSCO,Cisco Systems
2011-10-01,2011-09-21,CTXS,Citrix Systems
2011-10-01,2011-09-21,CTSH,Cognizant Technology Solutions
2011-10-01,2011-09-21,CMCSA,Comcast
2011-10-01,2011-09-21,COST,Costco
2011-10-01,2011-09-21,CTRP,Ctrip
2011-10-01,2011-09-21,DELL,Dell
2011-10-01,2011-09-21,XRAY,Dentsply
2011-10-01,2011-09-21,DTV,DirecTV
2011-10-01,2011-09-21,DLTR,Dollar Tree
2011-10-01,2011-09-21,EBAY,eBay
2011-10-01,2011-09-21,ERTS,Electronic Arts
2011-10-01,2011-09-21,EXPE,"Expedia, Inc."
2011-10-01,2011-09-21,EXPD,Expeditors International
2011-10-01,2011-09-21,ESRX,Express Scripts
2011-10-01,2011-09-21,FFIV,F5 Networks
2011-10-01,2011-09-21,FAST,Fastenal
2011-10-01,2011-09-21,FSLR,First Solar
2011-10-01,2011-09-21,FISV,Fiserv
2011-10-01,2011-09-21,FLEX,Flextronics
2011-10-01,2011-09-21,FLIR,FLIR Systems
2011-10-01,2011-09-21,GRMN,Garmin
2011-10-01,2011-09-21,GILD,Gilead Sciences
2011-10-01,2011-09-21,GOOG,Google
2011-10-01,2011-09-21,GMCR,Green Mountain Coffee Roasters
2011-10-01,2011-09-21,HSIC,Henry Schein
2011-10-01,2011-09-21,ILMN,Illumina (company)
2011-10-01,2011-09-21,INFY,Infosys
2011-10-01,2011-09-21,INTC,Intel Corporation
2011-10-01,2011-09-21,INTU,Intuit
2011-10-01,2011-09-21,ISRG,Intuitive Surgical
2011-10-01,2011-09-21,JOYG,Joy Global
2011-10-01,2011-09-21,KLAC,KLA Tencor
2011-10-01,2011-09-21,LRCX,Lam Research
2011-10-01,2011-09-21,LINTA,Liberty Media
2011-10-01,2011-09-21,LIFE,Life Technologies
2011-10-01,2011-09-21,LLTC,Linear Technology
2011-10-01,2011-09-21,MRVL,Marvell Technology Group
2011-10-01,2011-09-21,MAT,Mattel
2011-10-01,2011-09-21,MXIM,Maxim Integrated Products
2011-10-01,2011-09-21,MCHP,Microchip Technology
2011-10-01,2011-09-21,MU,Micron Technology
2011-10-01,2011-09-21,MSFT,Microsoft
2011-10-01,2011-09-21,MYL,Mylan
2011-10-01,2011-09-21,NTAP,NetApp
2011-10-01,2011-09-21,NFLX,Netflix
2011-10-01,2011-09-21,NWSA,News Corporation
2011-10-01,2011-09-21,NIHD,NII Holdings
2011-10-01,2011-09-21,NVDA,Nvidia
2011-10-01,2011-09-21,ORLY,O'Reilly Auto Parts
2011-10-01,2011-09-21,ORCL,Oracle Corporation
2011-10-01,2011-09-21,PCAR,Paccar
2011-10-01,2011-09-21,PAYX,Paychex
2011-10-01,2011-09-21,PCLN,Priceline.com
2011-10-01,2011-09-21,QGEN,Qiagen
2011-10-01,2011-09-21,QCOM,Qualcomm
2011-10-01,2011-09-21,RIMM,Research In Motion
2011-10-01,2011-09-21,ROST,Ross Stores Inc.
2011-10-01,2011-09-21,SNDK,SanDisk
2011-10-01,2011-09-21,STX,Seagate Technology
2011-10-01,2011-09-21,SHLD,Sears Holdings Corporation
2011-10-01,2011-09-21,SIAL,Sigma-Aldrich
2011-10-01,2011-09-21,SIRI,Sirius XM Radio
2011-10-01,2011-09-21,SPLS,Staples Inc.
2011-10-01,2011-09-21,SBUX,Starbucks
2011-10-01,2011-09-21,SRCL,Stericycle
2011-10-01,2011-09-21,SYMC,Symantec
2011-10-01,2011-09-21,TEVA,Teva Pharmaceutical Industries
2011-10-01,2011-09-21,URBN,Urban Outfitters
2011-10-01,2011-09-21,VRSN,VeriSign
2011-10-01,2011-09-21,VRTX,Vertex Pharmaceuticals
2011-10-01,2011-09-21,VMED,Virgin Media
2011-10-01,2011-09-21,VOD,Vodafone
2011-10-01,2011-09-21,WCRX,Warner Chilcott
2011-10-01,2011-09-21,WFM,Whole Foods Market
2011-10-01,2011-09-21,WYNN,Wynn Resorts
2011-10-01,2011-09-21,XLNX,Xilinx
2011-10-01,2011-09-21,YHOO,Yahoo!
2012-01-01,2011-12-28,ATVI,Activision Blizzard
2012-01-01,2011-12-28,ADBE,Adobe Systems
2012-01-01,2011-12-28,AKAM,Akamai Technologies
2012-01-01,2011-12-28,ALXN,Alexion Pharmaceuticals
2012-01-01,2011-12-28,ALTR,Altera
2012-01-01,2011-12-28,AMZN,Amazon.com
2012-01-01,2011-12-28,AMGN,Amgen
2012-01-01,2011-12-28,APOL,Apollo Group
2012-01-01,2011-12-28,AAPL,Apple Inc.
2012-01-01,2011-12-28,AMAT,Applied Materials
2012-01-01,2011-12-28,ADSK,Autodesk
2012-01-01,2011-12-28,ADP,Automatic Data Processing
2012-01-01,2011-12-28,AVGO,Avago Technologies
2012-01-01,2011-12-28,BIDU,Baidu
2012-01-01,2011-12-28,BBBY,Bed Bath & Beyond
2012-01-01,2011-12-28,BIIB,Biogen Idec
2012-01-01,2011-12-28,BMC,BMC Software
2012-01-01,2011-12-28,BRCM,Broadcom
2012-01-01,2011-12-28,CHRW,C. H. Robinson Worldwide
2012-01-01,2011-12-28,CA,"CA, Inc."
2012-01-01,2011-12-28,CELG,Celgene
2012-01-01,2011-12-28,CERN,Cerner
2012-01-01,2011-12-28,CHKP,Check Point
2012-01-01,2011-12-28,CSCO,Cisco Systems
2012-01-01,2011-12-28,CTXS,Citrix Systems
2012-01-01,2011-12-28,CTSH,Cognizant Technology Solutions
2012-01-01,2011-12-28,CMCSA,Comcast
2012-01-01,2011-12-28,COST,Costco
2012-01-01,2011-12-28,CTRP,Ctrip
2012-01-01,2011-12-28,DELL,Dell
2012-01-01,2011-12-28,XRAY,Dentsply
2012-01-01,2011-12-28,DTV,DirecTV
2012-01-01,2011-12-28,DLTR,Dollar Tree
2012-01-01,2011-12-28,EBAY,eBay
2012-01-01,2011-12-28,EA,Electronic Arts
2012-01-01,2011-12-28,EXPE,"Expedia, Inc."
2012-01-01,2011-12-28,EXPD,Expeditors International
2012-01-01,2011-12-28,ESRX,Express Scripts
2012-01-01,2011-12-28,FFIV,F5 Networks
2012-01-01,2011-12-28,FAST,Fastenal
2012-01-01,2011-12-28,FSLR,First Solar
2012-01-01,2011-12-28,FISV,Fiserv
2012-01-01,2011-12-28,FLEX,Flextronics
2012-01-01,2011-12-28,FOSL,"Fossil, Inc."
2012-01-01,2011-12-28,GRMN,Garmin
2012-01-01,2011-12-28,GILD,Gilead Sciences
2012-01-01,2011-12-28,GOOG,Google
2012-01-01,2011-12-28,GMCR,Green Mountain Coffee Roasters
2012-01-01,2011-12-28,HANS,Hansen Natural
2012-01-01,2011-12-28,HSIC,Henry Schein
2012-01-01,2011-12-28,INFY,Infosys
2012-01-01,2011-12-28,INTC,Intel Corporation
2012-01-01,2011-12-28,INTU,Intuit
2012-01-01,2011-12-28,ISRG,Intuitive Surgical
2012-01-01,2011-12-28,KLAC,KLA Tencor
2012-01-01,2011-12-28,LRCX,Lam Research
2012-01-01,2011-12-28,LINTA,Liberty Interactive
2012-01-01,2011-12-28,LIFE,Life Technologies
2012-01-01,2011-12-28,LLTC,Linear Technology
2012-01-01,2011-12-28,MRVL,Marvell Technology Group
2012-01-01,2011-12-28,MAT,Mattel
2012-01-01,2011-12-28,MXIM,Maxim Integrated Products
2012-01-01,2011-12-28,MCHP,Microchip Technology
2012-01-01,2011-12-28,MU,Micron Technology
2012-01-01,2011-12-28,MSFT,Microsoft
2012-01-01,2011-12-28,MYL,Mylan
2012-01-01,2011-12-28,NTAP,NetApp
2012-01-01,2011-12-28,NFLX,Netflix
2012-01-01,2011-12-28,NWSA,News Corporation
2012-01-01,2011-12-28,NUAN,Nuance Communications
2012-01-01,2011-12-28,NVDA,Nvidia
2012-01-01,2011-12-28,ORLY,O'Reilly Auto Parts
2012-01-01,2011-12-28,ORCL,Oracle Corporation
2012-01-01,2011-12-28,PCAR,Paccar
2012-01-01,2011-12-28,PAYX,Paychex
2012-01-01,2011-12-28,PRGO,Perrigo
2012-01-01,2011-12-28,PCLN,Priceline.com
2012-01-01,2011-12-28,QCOM,Qualcomm
2012-01-01,2011-12-28,GOLD,Randgold Resources
2012-01-01,2011-12-28,RIMM,Research In Motion
2012-01-01,2011-12-28,ROST,Ross Stores Inc.
2012-01-01,2011-12-28,SNDK,SanDisk
2012-01-01,2011-12-28,STX,Seagate Technology
2012-01-01,2011-12-28,SHLD,Sears Holdings Corporation
2012-01-01,2011-12-28,SIAL,Sigma-Aldrich
2012-01-01,2011-12-28,SIRI,Sirius XM Radio
2012-01-01,2011-12-28,SPLS,Staples Inc.
2012-01-01,2011-12-28,SBUX,Starbucks
2012-01-01,2011-12-28,SRCL,Stericycle
2012-01-01,2011-12-28,SYMC,Symantec
2012-01-01,2011-12-28,TEVA,Teva Pharmaceutical Industries
2012-01-01,2011-12-28,VRSN,VeriSign
2012-01-01,2011-12-28,VRTX,Vertex Pharmaceuticals
2012-01-01,2011-12-28,VMED,Virgin Media
2012-01-01,2011-12-28,VOD,Vodafone
2012-01-01,2011-12-28,WCRX,Warner Chilcott
2012-01-01,2011-12-28,WFM,Whole Foods Market
2012-01-01,2011-12-28,WYNN,Wynn Resorts
2012-01-01,2011-12-28,XLNX,Xilinx
2012-01-01,2011-12-28,YHOO,Yahoo!
2012-04-01,2012-03-25,ATVI,Activision Blizzard
2012-04-01,2012-03-25,ADBE,Adobe Systems
2012-04-01,2012-03-25,AKAM,Akamai Technologies
2012-04-01,2012-03-25,ALXN,Alexion Pharmaceuticals
2012-04-01,2012-03-25,ALTR,Altera
2012-04-01,2012-03-25,AMZN,Amazon.com
2012-04-01,2012-03-25,AMGN,Amgen
2012-04-01,2012-03-25,APOL,Apollo Group
2012-04-01,2012-03-25,AAPL,Apple Inc.
2012-04-01,2012-03-25,AMAT,Applied Materials
2012-04-01,2012-03-25,ADSK,Autodesk
2012-04-01,2012-03-25,ADP,Automatic Data Processing
2012-04-01,2012-03-25,AVGO,Avago Technologies
2012-04-01,2012-03-25,BIDU,Baidu
2012-04-01,2012-03-25,BBBY,Bed Bath & Beyond
2012-04-01,2012-03-25,BIIB,Biogen Idec
2012-04-01,2012-03-25,BMC,BMC Software
2012-04-01,2012-03-25,BRCM,Broadcom
2012-04-01,2012-03-25,CHRW,C. H. Robinson Worldwide
2012-04-01,2012-03-25,CA,"CA, Inc."
2012-04-01,2012-03-25,CELG,Celgene
2012-04-01,2012-03-25,CERN,Cerner
2012-04-01,2012-03-25,CHKP,Check Point
2012-04-01,2012-03-25,CSCO,Cisco Systems
2012-04-01,2012-03-25,CTXS,Citrix Systems
2012-04-01,2012-03-25,CTSH,Cognizant Technology Solutions
2012-04-01,2012-03-25,CMCSA,Comcast
2012-04-01,2012-03-25,COST,Costco
2012-04-01,2012-03-25,CTRP,Ctrip
2012-04-01,2012-03-25,DELL,Dell
2012-04-01,2012-03-25,XRAY,Dentsply
2012-04-01,2012-03-25,DTV,DirecTV
2012-04-01,2012-03-25,DLTR,Dollar Tree
2012-04-01,2012-03-25,EBAY,eBay
2012-04-01,2012-03-25,EA,Electronic Arts
2012-04-01,2012-03-25,EXPE,"Expedia, Inc."
2012-04-01,2012-03-25,EXPD,Expeditors International
2012-04-01,2012-03-25,ESRX,Express Scripts
2012-04-01,2012-03-25,FFIV,F5 Networks
2012-04-01,2012-03-25,FAST,Fastenal
2012-04-01,2012-03-25,FSLR,First Solar
2012-04-01,2012-03-25,FISV,Fiserv
2012-04-01,2012-03-25,FLEX,Flextronics
2012-04-01,2012-03-25,FOSL,"Fossil, Inc."
2012-04-01,2012-03-25,GRMN,Garmin
2012-04-01,2012-03-25,GILD,Gilead Sciences
2012-04-01,2012-03-25,GOOG,Google
2012-04-01,2012-03-25,GMCR,Green Mountain Coffee Roasters
2012-04-01,2012-03-25,HSIC,Henry Schein
2012-04-01,2012-03-25,INFY,Infosys
2012-04-01,2012-03-25,INTC,Intel Corporation
2012-04-01,2012-03-25,INTU,Intuit
2012-04-01,2012-03-25,ISRG,Intuitive Surgical
2012-04-01,2012-03-25,KLAC,KLA Tencor
2012-04-01,2012-03-25,LRCX,Lam Research
2012-04-01,2012-03-25,LINTA,Liberty Interactive
2012-04-01,2012-03-25,LIFE,Life Technologies
2012-04-01,2012-03-25,LLTC,Linear Technology
2012-04-01,2012-03-25,MRVL,Marvell Technology Group
2012-04-01,2012-03-25,MAT,Mattel
2012-04-01,2012-03-25,MXIM,Maxim Integrated Products
2012-04-01,2012-03-25,MCHP,Microchip Technology
2012-04-01,2012-03-25,MU,Micron Technology
2012-04-01,2012-03-25,MSFT,Microsoft
2012-04-01,2012-03-25,MNST,Monster Beverage
2012-04-01,2012-03-25,MYL,Mylan
2012-04-01,2012-03-25,NTAP,NetApp
2012-04-01,2012-03-25,NFLX,Netflix
2012-04-01,2012-03-25,NWSA,News Corporation
2012-04-01,2012-03-25,NUAN,Nuance Communications
2012-04-01,2012-03-25,NVDA,Nvidia
2012-04-01,2012-03-25,ORLY,O'Reilly Auto Parts
2012-04-01,2012-03-25,ORCL,Oracle Corporation
2012-04-01,2012-03-25,PCAR,Paccar
2012-04-01,2012-03-25,PAYX,Paychex
2012-04-01,2012-03-25,PRGO,Perrigo
2012-04-01,2012-03-25,PCLN,Priceline.com
2012-04-01,2012-03-25,QCOM,Qualcomm
2012-04-01,2012-03-25,GOLD,Randgold Resources
2012-04-01,2012-03-25,RIMM,Research In Motion
2012-04-01,2012-03-25,ROST,Ross Stores Inc.
2012-04-01,2012-03-25,SNDK,SanDisk
2012-04-01,2012-03-25,STX,Seagate Technology
2012-04-01,2012-03-25,SHLD,Sears Holdings Corporation
2012-04-01,2012-03-25,SIAL,Sigma-Aldrich
2012-04-01,2012-03-25,SIRI,Sirius XM Radio
2012-04-01,2012-03-25,SPLS,Staples Inc.
2012-04-01,2012-03-25,SBUX,Starbucks
2012-04-01,2012-03-25,SRCL,Stericycle
2012-04-01,2012-03-25,SYMC,Symantec
2012-04-01,2012-03-25,TEVA,Teva Pharmaceutical Industries
2012-04-01,2012-03-25,VRSN,VeriSign
2012-04-01,2012-03-25,VRTX,Vertex Pharmaceuticals
2012-04-01,2012-03-25,VMED,Virgin Media
2012-04-01,2012-03-25,VOD,Vodafone
2012-04-01,2012-03-25,WCRX,Warner Chilcott
2012-04-01,2012-03-25,WFM,Whole Foods Market
2012-04-01,2012-03-25,WYNN,Wynn Resorts
2012-04-01,2012-03-25,XLNX,Xilinx
2012-04-01,2012-03-25,YHOO,Yahoo!
2012-07-01,2012-06-21,ATVI,Activision Blizzard
2012-07-01,2012-06-21,ADBE,Adobe Systems
2012-07-01,2012-06-21,AKAM,Akamai Technologies
2012-07-01,2012-06-21,ALXN,Alexion Pharmaceuticals
2012-07-01,2012-06-21,ALTR,Altera
2012-07-01,2012-06-21,AMZN,Amazon.com
2012-07-01,2012-06-21,AMGN,Amgen
2012-07-01,2012-06-21,APOL,Apollo Group
2012-07-01,2012-06-21,AAPL,Apple Inc.
2012-07-01,2012-06-21,AMAT,Applied Materials
2012-07-01,2012-06-21,ADSK,Autodesk
2012-07-01,2012-06-21,ADP,Automatic Data Processing
2012-07-01,2012-06-21,AVGO,Avago Technologies
2012-07-01,2012-06-21,BIDU,Baidu
2012-07-01,2012-06-21,BBBY,Bed Bath & Beyond
2012-07-01,2012-06-21,BIIB,Biogen Idec
2012-07-01,2012-06-21,BMC,BMC Software
2012-07-01,2012-06-21,BRCM,Broadcom
2012-07-01,2012-06-21,CHRW,C. H. Robinson Worldwide
2012-07-01,2012-06-21,CA,"CA, Inc."
2012-07-01,2012-06-21,CELG,Celgene
2012-07-01,2012-06-21,CERN,Cerner
2012-07-01,2012-06-21,CHKP,Check Point
2012-07-01,2012-06-21,CSCO,Cisco Systems
2012-07-01,2012-06-21,CTXS,Citrix Systems
2012-07-01,2012-06-21,CTSH,Cognizant Technology Solutions
2012-07-01,2012-06-21,CMCSA,Comcast
2012-07-01,2012-06-21,COST,Costco
2012-07-01,2012-06-21,CTRP,Ctrip
2012-07-01,2012-06-21,DELL,Dell
2012-07-01,2012-06-21,XRAY,Dentsply
2012-07-01,2012-06-21,DTV,DirecTV
2012-07-01,2012-06-21,DLTR,Dollar Tree
2012-07-01,2012-06-21,EBAY,eBay
2012-07-01,2012-06-21,EA,Electronic Arts
2012-07-01,2012-06-21,EXPE,"Expedia, Inc."
2012-07-01,2012-06-21,EXPD,Expeditors International
2012-07-01,2012-06-21,ESRX,Express Scripts
2012-07-01,2012-06-21,FFIV,F5 Networks
2012-07-01,2012-06-21,FAST,Fastenal
2012-07-01,2012-06-21,FISV,Fiserv
2012-07-01,2012-06-21,FLEX,Flextronics
2012-07-01,2012-06-21,FOSL,"Fossil, Inc."
2012-07-01,2012-06-21,GRMN,Garmin
2012-07-01,2012-06-21,GILD,Gilead Sciences
2012-07-01,2012-06-21,GOOG,Google
2012-07-01,2012-06-21,GMCR,Green Mountain Coffee Roasters
2012-07-01,2012-06-21,HSIC,Henry Schein
2012-07-01,2012-06-21,INFY,Infosys
2012-07-01,2012-06-21,INTC,Intel Corporation
2012-07-01,2012-06-21,INTU,Intuit
2012-07-01,2012-06-21,ISRG,Intuitive Surgical
2012-07-01,2012-06-21,KLAC,KLA Tencor
2012-07-01,2012-06-21,LRCX,Lam Research
2012-07-01,2012-06-21,LINTA,Liberty Interactive
2012-07-01,2012-06-21,LIFE,Life Technologies
2012-07-01,2012-06-21,LLTC,Linear Technology
2012-07-01,2012-06-21,MRVL,Marvell Technology Group
2012-07-01,2012-06-21,MAT,Mattel
2012-07-01,2012-06-21,MXIM,Maxim Integrated Products
2012-07-01,2012-06-21,MCHP,Microchip Technology
2012-07-01,2012-06-21,MU,Micron Technology
2012-07-01,2012-06-21,MSFT,Microsoft
2012-07-01,2012-06-21,MNST,Monster Beverage
2012-07-01,2012-06-21,MYL,Mylan
2012-07-01,2012-06-21,NTAP,NetApp
2012-07-01,2012-06-21,NFLX,Netflix
2012-07-01,2012-06-21,NWSA,News Corporation
2012-07-01,2012-06-21,NUAN,Nuance Communications
2012-07-01,2012-06-21,NVDA,Nvidia
2012-07-01,2012-06-21,ORLY,O'Reilly Auto Parts
2012-07-01,2012-06-21,ORCL,Oracle Corporation
2012-07-01,2012-06-21,PCAR,Paccar
2012-07-01,2012-06-21,PAYX,Paychex
2012-07-01,2012-06-21,PRGO,Perrigo
2012-07-01,2012-06-21,PCLN,Priceline.com
2012-07-01,2012-06-21,QCOM,Qualcomm
2012-07-01,2012-06-21,GOLD,Randgold Resources
2012-07-01,2012-06-21,RIMM,Research In Motion
2012-07-01,2012-06-21,ROST,Ross Stores Inc.
2012-07-01,2012-06-21,SNDK,SanDisk
2012-07-01,2012-06-21,STX,Seagate Technology
2012-07-01,2012-06-21,SHLD,Sears Holdings Corporation
2012-07-01,2012-06-21,SIAL,Sigma-Aldrich
2012-07-01,2012-06-21,SIRI,Sirius XM Radio
2012-07-01,2012-06-21,SPLS,Staples Inc.
2012-07-01,2012-06-21,SBUX,Starbucks
2012-07-01,2012-06-21,SRCL,Stericycle
2012-07-01,2012-06-21,SYMC,Symantec
2012-07-01,2012-06-21,TXN,Texas Instruments
2012-07-01,2012-06-21,VRSN,VeriSign
2012-07-01,2012-06-21,VRTX,Vertex Pharmaceuticals
2012-07-01,2012-06-21,VIAB,Viacom
2012-07-01,2012-06-21,VMED,Virgin Media
2012-07-01,2012-06-21,VOD,Vodafone
2012-07-01,2012-06-21,WCRX,Warner Chilcott
2012-07-01,2012-06-21,WFM,Whole Foods Market
2012-07-01,2012-06-21,WYNN,Wynn Resorts
2012-07-01,2012-06-21,XLNX,Xilinx
2012-07-01,2012-06-21,YHOO,Yahoo!
2012-10-01,2012-09-24,ATVI,Activision Blizzard
2012-10-01,2012-09-24,ADBE,Adobe Systems
2012-10-01,2012-09-24,AKAM,Akamai Technologies
2012-10-01,2012-09-24,ALXN,Alexion Pharmaceuticals
2012-10-01,2012-09-24,ALTR,Altera
2012-10-01,2012-09-24,AMZN,Amazon.com
2012-10-01,2012-09-24,AMGN,Amgen
2012-10-01,2012-09-24,APOL,Apollo Group
2012-10-01,2012-09-24,AAPL,Apple Inc.
2012-10-01,2012-09-24,AMAT,Applied Materials
2012-10-01,2012-09-24,ADSK,Autodesk
2012-10-01,2012-09-24,ADP,Automatic Data Processing
2012-10-01,2012-09-24,AVGO,Avago Technologies
2012-10-01,2012-09-24,BIDU,Baidu
2012-10-01,2012-09-24,BBBY,Bed Bath & Beyond
2012-10-01,2012-09-24,BIIB,Biogen Idec
2012-10-01,2012-09-24,BMC,BMC Software
2012-10-01,2012-09-24,BRCM,Broadcom
2012-10-01,2012-09-24,CHRW,C. H. Robinson Worldwide
2012-10-01,2012-09-24,CA,"CA, Inc."
2012-10-01,2012-09-24,CELG,Celgene
2012-10-01,2012-09-24,CERN,Cerner
2012-10-01,2012-09-24,CHKP,Check Point
2012-10-01,2012-09-24,CSCO,Cisco Systems
2012-10-01,2012-09-24,CTXS,Citrix Systems
2012-10-01,2012-09-24,CTSH,Cognizant Technology Solutions
2012-10-01,2012-09-24,CMCSA,Comcast
2012-10-01,2012-09-24,COST,Costco
2012-10-01,2012-09-24,DELL,Dell
2012-10-01,2012-09-24,XRAY,Dentsply
2012-10-01,2012-09-24,DTV,DirecTV
2012-10-01,2012-09-24,DLTR,Dollar Tree
2012-10-01,2012-09-24,EBAY,eBay
2012-10-01,2012-09-24,EA,Electronic Arts
2012-10-01,2012-09-24,EXPE,"Expedia, Inc."
2012-10-01,2012-09-24,EXPD,Expeditors International
2012-10-01,2012-09-24,ESRX,Express Scripts
2012-10-01,2012-09-24,FFIV,F5 Networks
2012-10-01,2012-09-24,FAST,Fastenal
2012-10-01,2012-09-24,FISV,Fiserv
2012-10-01,2012-09-24,FLEX,Flextronics
2012-10-01,2012-09-24,FOSL,"Fossil, Inc."
2012-10-01,2012-09-24,GRMN,Garmin
2012-10-01,2012-09-24,GILD,Gilead Sciences
2012-10-01,2012-09-24,GOOG,Google
2012-10-01,2012-09-24,GMCR,Green Mountain Coffee Roasters
2012-10-01,2012-09-24,HSIC,Henry Schein
2012-10-01,2012-09-24,INFY,Infosys
2012-10-01,2012-09-24,INTC,Intel Corporation
2012-10-01,2012-09-24,INTU,Intuit
2012-10-01,2012-09-24,ISRG,Intuitive Surgical
2012-10-01,2012-09-24,KLAC,KLA Tencor
2012-10-01,2012-09-24,KFT,Kraft Foods
2012-10-01,2012-09-24,LRCX,Lam Research
2012-10-01,2012-09-24,LINTA,Liberty Interactive
2012-10-01,2012-09-24,LIFE,Life Technologies
2012-10-01,2012-09-24,LLTC,Linear Technology
2012-10-01,2012-09-24,MRVL,Marvell Technology Group
2012-10-01,2012-09-24,MAT,Mattel
2012-10-01,2012-09-24,MXIM,Maxim Integrated Products
2012-10-01,2012-09-24,MCHP,Microchip Technology
2012-10-01,2012-09-24,MU,Micron Technology
2012-10-01,2012-09-24,MSFT,Microsoft
2012-10-01,2012-09-24,MNST,Monster Beverage
2012-10-01,2012-09-24,MYL,Mylan
2012-10-01,2012-09-24,NTAP,NetApp
2012-10-01,2012-09-24,NFLX,Netflix
2012-10-01,2012-09-24,NWSA,News Corporation
2012-10-01,2012-09-24,NUAN,Nuance Communications
2012-10-01,2012-09-24,NVDA,Nvidia
2012-10-01,2012-09-24,ORLY,O'Reilly Auto Parts
2012-10-01,2012-09-24,ORCL,Oracle Corporation
2012-10-01,2012-09-24,PCAR,Paccar
2012-10-01,2012-09-24,PAYX,Paychex
2012-10-01,2012-09-24,PRGO,Perrigo
2012-10-01,2012-09-24,PCLN,Priceline.com
2012-10-01,2012-09-24,QCOM,Qualcomm
2012-10-01,2012-09-24,GOLD,Randgold Resources
2012-10-01,2012-09-24,RIMM,Research In Motion
2012-10-01,2012-09-24,ROST,Ross Stores Inc.
2012-10-01,2012-09-24,SNDK,SanDisk
2012-10-01,2012-09-24,STX,Seagate Technology
2012-10-01,2012-09-24,SHLD,Sears Holdings Corporation
2012-10-01,2012-09-24,SIAL,Sigma-Aldrich
2012-10-01,2012-09-24,SIRI,Sirius XM Radio
2012-10-01,2012-09-24,SPLS,Staples Inc.
2012-10-01,2012-09-24,SBUX,Starbucks
2012-10-01,2012-09-24,SRCL,Stericycle
2012-10-01,2012-09-24,SYMC,Symantec
2012-10-01,2012-09-24,TXN,Texas Instruments
2012-10-01,2012-09-24,VRSN,VeriSign
2012-10-01,2012-09-24,VRTX,Vertex Pharmaceuticals
2012-10-01,2012-09-24,VIAB,Viacom
2012-10-01,2012-09-24,VMED,Virgin Media
2012-10-01,2012-09-24,VOD,Vodafone
2012-10-01,2012-09-24,WCRX,Warner Chilcott
2012-10-01,2012-09-24,WFM,Whole Foods Market
2012-10-01,2012-09-24,WYNN,Wynn Resorts
2012-10-01,2012-09-24,XLNX,Xilinx
2012-10-01,2012-09-24,YHOO,Yahoo!
2013-01-01,2012-12-31,ATVI,Activision Blizzard
2013-01-01,2012-12-31,ADBE,Adobe Systems
2013-01-01,2012-12-31,AKAM,Akamai Technologies
2013-01-01,2012-12-31,ALXN,Alexion Pharmaceuticals
2013-01-01,2012-12-31,ALTR,Altera
2013-01-01,2012-12-31,AMZN,Amazon.com
2013-01-01,2012-12-31,AMGN,Amgen
2013-01-01,2012-12-31,ADI,Analog Devices
2013-01-01,2012-12-31,AAPL,Apple Inc.
2013-01-01,2012-12-31,AMAT,Applied Materials
2013-01-01,2012-12-31,ADSK,Autodesk
2013-01-01,2012-12-31,ADP,Automatic Data Processing
2013-01-01,2012-12-31,AVGO,Avago Technologies
2013-01-01,2012-12-31,BIDU,Baidu
2013-01-01,2012-12-31,BBBY,Bed Bath & Beyond
2013-01-01,2012-12-31,BIIB,Biogen Idec
2013-01-01,2012-12-31,BMC,BMC Software
2013-01-01,2012-12-31,BRCM,Broadcom
2013-01-01,2012-12-31,CHRW,C. H. Robinson Worldwide
2013-01-01,2012-12-31,CA,"CA, Inc."
2013-01-01,2012-12-31,CTRX,Catamaran Corporation
2013-01-01,2012-12-31,CELG,Celgene
2013-01-01,2012-12-31,CERN,Cerner
2013-01-01,2012-12-31,CHKP,Check Point
2013-01-01,2012-12-31,CSCO,Cisco Systems
2013-01-01,2012-12-31,CTXS,Citrix Systems
2013-01-01,2012-12-31,CTSH,Cognizant Technology Solutions
2013-01-01,2012-12-31,CMCSA,Comcast
2013-01-01,2012-12-31,COST,Costco
2013-01-01,2012-12-31,DELL,Dell
2013-01-01,2012-12-31,XRAY,Dentsply
2013-01-01,2012-12-31,DTV,DirecTV
2013-01-01,2012-12-31,DISCA,Discovery Communications
2013-01-01,2012-12-31,DLTR,Dollar Tree
2013-01-01,2012-12-31,EBAY,eBay
2013-01-01,2012-12-31,EQIX,Equinix
2013-01-01,2012-12-31,EXPE,"Expedia, Inc."
2013-01-01,2012-12-31,EXPD,Expeditors International
2013-01-01,2012-12-31,ESRX,Express Scripts
2013-01-01,2012-12-31,FFIV,F5 Networks
2013-01-01,2012-12-31,FB,"Facebook, Inc."
2013-01-01,2012-12-31,FAST,Fastenal
2013-01-01,2012-12-31,FISV,Fiserv
2013-01-01,2012-12-31,FOSL,"Fossil, Inc."
2013-01-01,2012-12-31,GRMN,Garmin
2013-01-01,2012-12-31,GILD,Gilead Sciences
2013-01-01,2012-12-31,GOOG,Google
2013-01-01,2012-12-31,HSIC,Henry Schein
2013-01-01,2012-12-31,INTC,Intel Corporation
2013-01-01,2012-12-31,INTU,Intuit
2013-01-01,2012-12-31,ISRG,Intuitive Surgical
2013-01-01,2012-12-31,KLAC,KLA Tencor
2013-01-01,2012-12-31,LBTYA,Liberty Global
2013-01-01,2012-12-31,LINTA,Liberty Interactive
2013-01-01,2012-12-31,LMCA,Liberty Media
2013-01-01,2012-12-31,LIFE,Life Technologies
2013-01-01,2012-12-31,LLTC,Linear Technology
2013-01-01,2012-12-31,MAT,Mattel
2013-01-01,2012-12-31,MXIM,Maxim Integrated Products
2013-01-01,2012-12-31,MCHP,Microchip Technology
2013-01-01,2012-12-31,MU,Micron Technology
2013-01-01,2012-12-31,MSFT,Microsoft
2013-01-01,2012-12-31,MDLZ,Mondelez
2013-01-01,2012-12-31,MNST,Monster Beverage
2013-01-01,2012-12-31,MYL,Mylan
2013-01-01,2012-12-31,NTAP,NetApp
2013-01-01,2012-12-31,NWSA,News Corporation
2013-01-01,2012-12-31,NUAN,Nuance Communications
2013-01-01,2012-12-31,NVDA,Nvidia
2013-01-01,2012-12-31,ORLY,O'Reilly Auto Parts
2013-01-01,2012-12-31,ORCL,Oracle Corporation
2013-01-01,2012-12-31,PCAR,Paccar
2013-01-01,2012-12-31,PAYX,Paychex
2013-01-01,2012-12-31,PRGO,Perrigo
2013-01-01,2012-12-31,PCLN,Priceline.com
2013-01-01,2012-12-31,QCOM,Qualcomm
2013-01-01,2012-12-31,GOLD,Randgold Resources
2013-01-01,2012-12-31,REGN,Regeneron Pharmaceuticals
2013-01-01,2012-12-31,ROST,Ross Stores Inc.
2013-01-01,2012-12-31,SNDK,SanDisk
2013-01-01,2012-12-31,SBAC,SBA Communications
2013-01-01,2012-12-31,STX,Seagate Technology
2013-01-01,2012-12-31,SHLD,Sears Holdings Corporation
2013-01-01,2012-12-31,SIAL,Sigma-Aldrich
2013-01-01,2012-12-31,SIRI,Sirius XM Radio
2013-01-01,2012-12-31,SPLS,Staples Inc.
2013-01-01,2012-12-31,SBUX,Starbucks
2013-01-01,2012-12-31,SRCL,Stericycle
2013-01-01,2012-12-31,SYMC,Symantec
2013-01-01,2012-12-31,TXN,Texas Instruments
2013-01-01,2012-12-31,VRSK,Verisk Analytics
2013-01-01,2012-12-31,VRTX,Vertex Pharmaceuticals
2013-01-01,2012-12-31,VIAB,Viacom
2013-01-01,2012-12-31,VMED,Virgin Media
2013-01-01,2012-12-31,VOD,Vodafone
2013-01-01,2012-12-31,WDC,Western Digital
2013-01-01,2012-12-31,WFM,Whole Foods Market
2013-01-01,2012-12-31,WYNN,Wynn Resorts
2013-01-01,2012-12-31,XLNX,Xilinx
2013-01-01,2012-12-31,YHOO,Yahoo!
2013-04-01,2013-03-23,ATVI,Activision Blizzard
2013-04-01,2013-03-23,ADBE,Adobe Systems
2013-04-01,2013-03-23,AKAM,Akamai Technologies
2013-04-01,2013-03-23,ALXN,Alexion Pharmaceuticals
2013-04-01,2013-03-23,ALTR,Altera
2013-04-01,2013-03-23,AMZN,Amazon.com
2013-04-01,2013-03-23,AMGN,Amgen
2013-04-01,2013-03-23,ADI,Analog Devices
2013-04-01,2013-03-23,AAPL,Apple Inc.
2013-04-01,2013-03-23,AMAT,Applied Materials
2013-04-01,2013-03-23,ADSK,Autodesk
2013-04-01,2013-03-23,ADP,Automatic Data Processing
2013-04-01,2013-03-23,AVGO,Avago Technologies
2013-04-01,2013-03-23,BIDU,Baidu
2013-04-01,2013-03-23,BBBY,Bed Bath & Beyond
2013-04-01,2013-03-23,BIIB,Biogen Idec
2013-04-01,2013-03-23,BMC,BMC Software
2013-04-01,2013-03-23,BRCM,Broadcom
2013-04-01,2013-03-23,CHRW,C. H. Robinson Worldwide
2013-04-01,2013-03-23,CA,"CA, Inc."
2013-04-01,2013-03-23,CTRX,Catamaran Corporation
2013-04-01,2013-03-23,CELG,Celgene
2013-04-01,2013-03-23,CERN,Cerner
2013-04-01,2013-03-23,CHKP,Check Point
2013-04-01,2013-03-23,CSCO,Cisco Systems
2013-04-01,2013-03-23,CTXS,Citrix Systems
2013-04-01,2013-03-23,CTSH,Cognizant Technology Solutions
2013-04-01,2013-03-23,CMCSA,Comcast
2013-04-01,2013-03-23,COST,Costco
2013-04-01,2013-03-23,DELL,Dell
2013-04-01,2013-03-23,XRAY,Dentsply
2013-04-01,2013-03-23,DTV,DirecTV
2013-04-01,2013-03-23,DISCA,Discovery Communications
2013-04-01,2013-03-23,DLTR,Dollar Tree
2013-04-01,2013-03-23,EBAY,eBay
2013-04-01,2013-03-23,EQIX,Equinix
2013-04-01,2013-03-23,EXPE,"Expedia, Inc."
2013-04-01,2013-03-23,EXPD,Expeditors International
2013-04-01,2013-03-23,ESRX,Express Scripts
2013-04-01,2013-03-23,FFIV,F5 Networks
2013-04-01,2013-03-23,FB,"Facebook, Inc."
2013-04-01,2013-03-23,FAST,Fastenal
2013-04-01,2013-03-23,FISV,Fiserv
2013-04-01,2013-03-23,FOSL,"Fossil, Inc."
2013-04-01,2013-03-23,GRMN,Garmin
2013-04-01,2013-03-23,GILD,Gilead Sciences
2013-04-01,2013-03-23,GOOG,Google
2013-04-01,2013-03-23,HSIC,Henry Schein
2013-04-01,2013-03-23,INTC,Intel Corporation
2013-04-01,2013-03-23,INTU,Intuit
2013-04-01,2013-03-23,ISRG,Intuitive Surgical
2013-04-01,2013-03-23,KLAC,KLA Tencor
2013-04-01,2013-03-23,LBTYA,Liberty Global
2013-04-01,2013-03-23,LINTA,Liberty Interactive
2013-04-01,2013-03-23,LIFE,Life Technologies
2013-04-01,2013-03-23,LLTC,Linear Technology
2013-04-01,2013-03-23,MAT,Mattel
2013-04-01,2013-03-23,MXIM,Maxim Integrated Products
2013-04-01,2013-03-23,MCHP,Microchip Technology
2013-04-01,2013-03-23,MU,Micron Technology
2013-04-01,2013-03-23,MSFT,Microsoft
2013-04-01,2013-03-23,MDLZ,Mondelez
2013-04-01,2013-03-23,MNST,Monster Beverage
2013-04-01,2013-03-23,MYL,Mylan
2013-04-01,2013-03-23,NTAP,NetApp
2013-04-01,2013-03-23,NWSA,News Corporation
2013-04-01,2013-03-23,NUAN,Nuance Communications
2013-04-01,2013-03-23,NVDA,Nvidia
2013-04-01,2013-03-23,ORLY,O'Reilly Auto Parts
2013-04-01,2013-03-23,ORCL,Oracle Corporation
2013-04-01,2013-03-23,PCAR,Paccar
2013-04-01,2013-03-23,PAYX,Paychex
2013-04-01,2013-03-23,PRGO,Perrigo
2013-04-01,2013-03-23,PCLN,Priceline.com
2013-04-01,2013-03-23,QCOM,Qualcomm
2013-04-01,2013-03-23,GOLD,Randgold Resources
2013-04-01,2013-03-23,REGN,Regeneron Pharmaceuticals
2013-04-01,2013-03-23,ROST,Ross Stores Inc.
2013-04-01,2013-03-23,SNDK,SanDisk
2013-04-01,2013-03-23,SBAC,SBA Communications
2013-04-01,2013-03-23,STX,Seagate Technology
2013-04-01,2013-03-23,SHLD,Sears Holdings Corporation
2013-04-01,2013-03-23,SIAL,Sigma-Aldrich
2013-04-01,2013-03-23,SIRI,Sirius XM Radio
2013-04-01,2013-03-23,SPLS,Staples Inc.
2013-04-01,2013-03-23,SBUX,Starbucks
2013-04-01,2013-03-23,STRZA,Starz Inc.
2013-04-01,2013-03-23,SRCL,Stericycle
2013-04-01,2013-03-23,SYMC,Symantec
2013-04-01,2013-03-23,TXN,Texas Instruments
2013-04-01,2013-03-23,VRSK,Verisk Analytics
2013-04-01,2013-03-23,VRTX,Vertex Pharmaceuticals
2013-04-01,2013-03-23,VIAB,Viacom
2013-04-01,2013-03-23,VMED,Virgin Media
2013-04-01,2013-03-23,VOD,Vodafone
2013-04-01,2013-03-23,WDC,Western Digital
2013-04-01,2013-03-23,WFM,Whole Foods Market
2013-04-01,2013-03-23,WYNN,Wynn Resorts
2013-04-01,2013-03-23,XLNX,Xilinx
2013-04-01,2013-03-23,YHOO,Yahoo!
2013-07-01,2013-06-11,ATVI,Activision Blizzard
2013-07-01,2013-06-11,ADBE,Adobe Systems
2013-07-01,2013-06-11,AKAM,Akamai Technologies
2013-07-01,2013-06-11,ALXN,Alexion Pharmaceuticals
2013-07-01,2013-06-11,ALTR,Altera
2013-07-01,2013-06-11,AMZN,Amazon.com
2013-07-01,2013-06-11,AMGN,Amgen
2013-07-01,2013-06-11,ADI,Analog Devices
2013-07-01,2013-06-11,AAPL,Apple Inc.
2013-07-01,2013-06-11,AMAT,Applied Materials
2013-07-01,2013-06-11,ADSK,Autodesk
2013-07-01,2013-06-11,ADP,Automatic Data Processing
2013-07-01,2013-06-11,AVGO,Avago Technologies
2013-07-01,2013-06-11,BIDU,Baidu
2013-07-01,2013-06-11,BBBY,Bed Bath & Beyond
2013-07-01,2013-06-11,BIIB,Biogen Idec
2013-07-01,2013-06-11,BMC,BMC Software
2013-07-01,2013-06-11,BRCM,Broadcom
2013-07-01,2013-06-11,CA,"CA, Inc."
2013-07-01,2013-06-11,CHRW,C. H. Robinson Worldwide
2013-07-01,2013-06-11,CTRX,Catamaran Corporation
2013-07-01,2013-06-11,CELG,Celgene
2013-07-01,2013-06-11,CERN,Cerner
2013-07-01,2013-06-11,CHKP,Check Point
2013-07-01,2013-06-11,CSCO,Cisco Systems
2013-07-01,2013-06-11,CTXS,Citrix Systems
2013-07-01,2013-06-11,CTSH,Cognizant Technology Solutions
2013-07-01,2013-06-11,CMCSA,Comcast
2013-07-01,2013-06-11,COST,Costco
2013-07-01,2013-06-11,DELL,Dell
2013-07-01,2013-06-11,XRAY,Dentsply
2013-07-01,2013-06-11,DTV,DirecTV
2013-07-01,2013-06-11,DISCA,Discovery Communications
2013-07-01,2013-06-11,DLTR,Dollar Tree
2013-07-01,2013-06-11,EBAY,eBay
2013-07-01,2013-06-11,EQIX,Equinix
2013-07-01,2013-06-11,EXPE,"Expedia, Inc."
2013-07-01,2013-06-11,EXPD,Expeditors International
2013-07-01,2013-06-11,ESRX,Express Scripts
2013-07-01,2013-06-11,FFIV,F5 Networks
2013-07-01,2013-06-11,FB,"Facebook, Inc."
2013-07-01,2013-06-11,FAST,Fastenal
2013-07-01,2013-06-11,FISV,Fiserv
2013-07-01,2013-06-11,FOSL,"Fossil, Inc."
2013-07-01,2013-06-11,GRMN,Garmin
2013-07-01,2013-06-11,GILD,Gilead Sciences
2013-07-01,2013-06-11,GOOG,Google
2013-07-01,2013-06-11,HSIC,Henry Schein
2013-07-01,2013-06-11,INTC,Intel Corporation
2013-07-01,2013-06-11,INTU,Intuit
2013-07-01,2013-06-11,ISRG,Intuitive Surgical
2013-07-01,2013-06-11,KLAC,KLA Tencor
2013-07-01,2013-06-11,KRFT,Kraft Foods
2013-07-01,2013-06-11,LBTYA,Liberty Global
2013-07-01,2013-06-11,LINTA,Liberty Interactive
2013-07-01,2013-06-11,LIFE,Life Technologies
2013-07-01,2013-06-11,LLTC,Linear Technology
2013-07-01,2013-06-11,MAT,Mattel
2013-07-01,2013-06-11,MXIM,Maxim Integrated Products
2013-07-01,2013-06-11,MCHP,Microchip Technology
2013-07-01,2013-06-11,MU,Micron Technology
2013-07-01,2013-06-11,MSFT,Microsoft
2013-07-01,2013-06-11,MDLZ,Mondelez
2013-07-01,2013-06-11,MNST,Monster Beverage
2013-07-01,2013-06-11,MYL,Mylan
2013-07-01,2013-06-11,NTAP,NetApp
2013-07-01,2013-06-11,NWSA,News Corporation
2013-07-01,2013-06-11,NUAN,Nuance Communications
2013-07-01,2013-06-11,NVDA,Nvidia
2013-07-01,2013-06-11,ORLY,O'Reilly Auto Parts
2013-07-01,2013-06-11,ORCL,Oracle Corporation
2013-07-01,2013-06-11,PCAR,Paccar
2013-07-01,2013-06-11,PAYX,Paychex
2013-07-01,2013-06-11,PRGO,Perrigo
2013-07-01,2013-06-11,PCLN,Priceline.com
2013-07-01,2013-06-11,QCOM,Qualcomm
2013-07-01,2013-06-11,GOLD,Randgold Resources
2013-07-01,2013-06-11,REGN,Regeneron Pharmaceuticals
2013-07-01,2013-06-11,ROST,Ross Stores
2013-07-01,2013-06-11,SNDK,SanDisk
2013-07-01,2013-06-11,SBAC,SBA Communications
2013-07-01,2013-06-11,STX,Seagate Technology
2013-07-01,2013-06-11,SHLD,Sears Holdings Corporation
2013-07-01,2013-06-11,SIAL,Sigma-Aldrich
2013-07-01,2013-06-11,SIRI,Sirius XM Radio
2013-07-01,2013-06-11,SPLS,Staples Inc.
2013-07-01,2013-06-11,SBUX,Starbucks
2013-07-01,2013-06-11,SRCL,Stericycle
2013-07-01,2013-06-11,SYMC,Symantec
2013-07-01,2013-06-11,TXN,Texas Instruments
2013-07-01,2013-06-11,VRSK,Verisk Analytics
2013-07-01,2013-06-11,VRTX,Vertex Pharmaceuticals
2013-07-01,2013-06-11,VIAB,Viacom
2013-07-01,2013-06-11,VMED,Virgin Media
2013-07-01,2013-06-11,VOD,Vodafone
2013-07-01,2013-06-11,WDC,Western Digital
2013-07-01,2013-06-11,WFM,Whole Foods Market
2013-07-01,2013-06-11,WYNN,Wynn Resorts
2013-07-01,2013-06-11,XLNX,Xilinx
2013-07-01,2013-06-11,YHOO,Yahoo!
2013-10-01,2013-09-24,FOXA,21st Century Fox
2013-10-01,2013-09-24,ATVI,Activision Blizzard
2013-10-01,2013-09-24,ADBE,Adobe Systems
2013-10-01,2013-09-24,AKAM,Akamai Technologies
2013-10-01,2013-09-24,ALXN,Alexion Pharmaceuticals
2013-10-01,2013-09-24,ALTR,Altera
2013-10-01,2013-09-24,AMZN,Amazon.com
2013-10-01,2013-09-24,AMGN,Amgen
2013-10-01,2013-09-24,ADI,Analog Devices
2013-10-01,2013-09-24,AAPL,Apple Inc.
2013-10-01,2013-09-24,AMAT,Applied Materials
2013-10-01,2013-09-24,ADSK,Autodesk
2013-10-01,2013-09-24,ADP,Automatic Data Processing
2013-10-01,2013-09-24,AVGO,Avago Technologies
2013-10-01,2013-09-24,BIDU,Baidu
2013-10-01,2013-09-24,BBBY,Bed Bath & Beyond
2013-10-01,2013-09-24,BIIB,Biogen Idec
2013-10-01,2013-09-24,BRCM,Broadcom
2013-10-01,2013-09-24,CHRW,C. H. Robinson Worldwide
2013-10-01,2013-09-24,CA,"CA, Inc."
2013-10-01,2013-09-24,CTRX,Catamaran Corporation
2013-10-01,2013-09-24,CELG,Celgene
2013-10-01,2013-09-24,CERN,Cerner
2013-10-01,2013-09-24,CHTR,Charter Communications
2013-10-01,2013-09-24,CHKP,Check Point
2013-10-01,2013-09-24,CSCO,Cisco Systems
2013-10-01,2013-09-24,CTXS,Citrix Systems
2013-10-01,2013-09-24,CTSH,Cognizant Technology Solutions
2013-10-01,2013-09-24,CMCSA,Comcast
2013-10-01,2013-09-24,COST,Costco
2013-10-01,2013-09-24,DELL,Dell
2013-10-01,2013-09-24,XRAY,Dentsply
2013-10-01,2013-09-24,DTV,DirecTV
2013-10-01,2013-09-24,DISCA,Discovery Communications
2013-10-01,2013-09-24,DLTR,Dollar Tree
2013-10-01,2013-09-24,EBAY,eBay
2013-10-01,2013-09-24,EQIX,Equinix
2013-10-01,2013-09-24,EXPE,"Expedia, Inc."
2013-10-01,2013-09-24,EXPD,Expeditors International
2013-10-01,2013-09-24,ESRX,Express Scripts
2013-10-01,2013-09-24,FFIV,F5 Networks
2013-10-01,2013-09-24,FB,"Facebook, Inc."
2013-10-01,2013-09-24,FAST,Fastenal
2013-10-01,2013-09-24,FISV,Fiserv
2013-10-01,2013-09-24,FOSL,"Fossil, Inc."
2013-10-01,2013-09-24,GRMN,Garmin
2013-10-01,2013-09-24,GILD,Gilead Sciences
2013-10-01,2013-09-24,GOOG,Google
2013-10-01,2013-09-24,GMCR,Green Mountain Coffee Roasters
2013-10-01,2013-09-24,HSIC,Henry Schein
2013-10-01,2013-09-24,INTC,Intel Corporation
2013-10-01,2013-09-24,INTU,Intuit
2013-10-01,2013-09-24,ISRG,Intuitive Surgical
2013-10-01,2013-09-24,KLAC,KLA Tencor
2013-10-01,2013-09-24,KRFT,Kraft Foods
2013-10-01,2013-09-24,LBTYA,Liberty Global
2013-10-01,2013-09-24,LINTA,Liberty Interactive
2013-10-01,2013-09-24,LMCA,Liberty Media
2013-10-01,2013-09-24,LLTC,Linear Technology
2013-10-01,2013-09-24,MAT,Mattel
2013-10-01,2013-09-24,MXIM,Maxim Integrated Products
2013-10-01,2013-09-24,MCHP,Microchip Technology
2013-10-01,2013-09-24,MU,Micron Technology
2013-10-01,2013-09-24,MSFT,Microsoft
2013-10-01,2013-09-24,MDLZ,Mondelēz International
2013-10-01,2013-09-24,MNST,Monster Beverage
2013-10-01,2013-09-24,MYL,Mylan
2013-10-01,2013-09-24,NTAP,NetApp
2013-10-01,2013-09-24,NFLX,Netflix
2013-10-01,2013-09-24,NUAN,Nuance Communications
2013-10-01,2013-09-24,NVDA,Nvidia
2013-10-01,2013-09-24,ORLY,O'Reilly Auto Parts
2013-10-01,2013-09-24,PCAR,Paccar
2013-10-01,2013-09-24,PAYX,Paychex
2013-10-01,2013-09-24,PCLN,Priceline.com
2013-10-01,2013-09-24,QCOM,Qualcomm
2013-10-01,2013-09-24,GOLD,Randgold Resources
2013-10-01,2013-09-24,REGN,Regeneron Pharmaceuticals
2013-10-01,2013-09-24,ROST,Ross Stores
2013-10-01,2013-09-24,SNDK,SanDisk
2013-10-01,2013-09-24,SBAC,SBA Communications
2013-10-01,2013-09-24,STX,Seagate Technology
2013-10-01,2013-09-24,SHLD,Sears Holdings Corporation
2013-10-01,2013-09-24,SIAL,Sigma-Aldrich
2013-10-01,2013-09-24,SIRI,Sirius XM Radio
2013-10-01,2013-09-24,SPLS,Staples Inc.
2013-10-01,2013-09-24,SBUX,Starbucks
2013-10-01,2013-09-24,SRCL,Stericycle
2013-10-01,2013-09-24,SYMC,Symantec
2013-10-01,2013-09-24,TXN,Texas Instruments
2013-10-01,2013-09-24,TSLA,"Tesla Motors, Inc."
2013-10-01,2013-09-24,VRSK,Verisk Analytics
2013-10-01,2013-09-24,VRTX,Vertex Pharmaceuticals
2013-10-01,2013-09-24,VIAB,Viacom
2013-10-01,2013-09-24,VOD,Vodafone
2013-10-01,2013-09-24,WDC,Western Digital
2013-10-01,2013-09-24,WFM,Whole Foods Market
2013-10-01,2013-09-24,WYNN,Wynn Resorts
2013-10-01,2013-09-24,XLNX,Xilinx
2013-10-01,2013-09-24,YHOO,Yahoo!
2014-01-01,2013-12-28,FOXA,21st Century Fox
2014-01-01,2013-12-28,ATVI,Activision Blizzard
2014-01-01,2013-12-28,ADBE,Adobe Systems
2014-01-01,2013-12-28,AKAM,Akamai Technologies
2014-01-01,2013-12-28,ALXN,Alexion Pharmaceuticals
2014-01-01,2013-12-28,ALTR,Altera
2014-01-01,2013-12-28,AMZN,Amazon.com
2014-01-01,2013-12-28,AMGN,Amgen
2014-01-01,2013-12-28,ADI,Analog Devices
2014-01-01,2013-12-28,AAPL,Apple Inc.
2014-01-01,2013-12-28,AMAT,Applied Materials
2014-01-01,2013-12-28,ADSK,Autodesk
2014-01-01,2013-12-28,ADP,Automatic Data Processing
2014-01-01,2013-12-28,AVGO,Avago Technologies
2014-01-01,2013-12-28,BIDU,Baidu
2014-01-01,2013-12-28,BBBY,Bed Bath & Beyond
2014-01-01,2013-12-28,BIIB,Biogen Idec
2014-01-01,2013-12-28,BRCM,Broadcom
2014-01-01,2013-12-28,CHRW,C. H. Robinson Worldwide
2014-01-01,2013-12-28,CA,"CA, Inc."
2014-01-01,2013-12-28,CTRX,Catamaran Corporation
2014-01-01,2013-12-28,CELG,Celgene
2014-01-01,2013-12-28,CERN,Cerner
2014-01-01,2013-12-28,CHTR,Charter Communications
2014-01-01,2013-12-28,CHKP,Check Point
2014-01-01,2013-12-28,CSCO,Cisco Systems
2014-01-01,2013-12-28,CTXS,Citrix Systems
2014-01-01,2013-12-28,CTSH,Cognizant Technology Solutions
2014-01-01,2013-12-28,CMCSA,Comcast
2014-01-01,2013-12-28,COST,Costco
2014-01-01,2013-12-28,DTV,DirecTV
2014-01-01,2013-12-28,DISCA,Discovery Communications
2014-01-01,2013-12-28,DISH,Dish Network
2014-01-01,2013-12-28,DLTR,Dollar Tree
2014-01-01,2013-12-28,EBAY,eBay
2014-01-01,2013-12-28,EQIX,Equinix
2014-01-01,2013-12-28,EXPE,"Expedia, Inc."
2014-01-01,2013-12-28,EXPD,Expeditors International
2014-01-01,2013-12-28,ESRX,Express Scripts
2014-01-01,2013-12-28,FFIV,F5 Networks
2014-01-01,2013-12-28,FB,"Facebook, Inc."
2014-01-01,2013-12-28,FAST,Fastenal
2014-01-01,2013-12-28,FISV,Fiserv
2014-01-01,2013-12-28,GRMN,Garmin
2014-01-01,2013-12-28,GILD,Gilead Sciences
2014-01-01,2013-12-28,GOOG,Google
2014-01-01,2013-12-28,GMCR,Green Mountain Coffee Roasters
2014-01-01,2013-12-28,HSIC,Henry Schein
2014-01-01,2013-12-28,ILMN,Illumina (company)
2014-01-01,2013-12-28,INTC,Intel Corporation
2014-01-01,2013-12-28,INTU,Intuit
2014-01-01,2013-12-28,ISRG,Intuitive Surgical
2014-01-01,2013-12-28,KLAC,KLA Tencor
2014-01-01,2013-12-28,KRFT,Kraft Foods
2014-01-01,2013-12-28,LBTYA,Liberty Global
2014-01-01,2013-12-28,LINTA,Liberty Interactive
2014-01-01,2013-12-28,LMCA,Liberty Media
2014-01-01,2013-12-28,LLTC,Linear Technology
2014-01-01,2013-12-28,MAR,Marriott International
2014-01-01,2013-12-28,MAT,Mattel
2014-01-01,2013-12-28,MXIM,Maxim Integrated Products
2014-01-01,2013-12-28,MU,Micron Technology
2014-01-01,2013-12-28,MSFT,Microsoft
2014-01-01,2013-12-28,MDLZ,Mondelēz International
2014-01-01,2013-12-28,MNST,Monster Beverage
2014-01-01,2013-12-28,MYL,Mylan
2014-01-01,2013-12-28,NTAP,NetApp
2014-01-01,2013-12-28,NFLX,Netflix
2014-01-01,2013-12-28,NVDA,Nvidia
2014-01-01,2013-12-28,NXPI,NXP Semiconductors
2014-01-01,2013-12-28,ORLY,O'Reilly Auto Parts
2014-01-01,2013-12-28,PCAR,Paccar
2014-01-01,2013-12-28,PAYX,Paychex
2014-01-01,2013-12-28,PCLN,Priceline.com
2014-01-01,2013-12-28,QCOM,Qualcomm
2014-01-01,2013-12-28,REGN,Regeneron Pharmaceuticals
2014-01-01,2013-12-28,ROST,Ross Stores
2014-01-01,2013-12-28,SNDK,SanDisk
2014-01-01,2013-12-28,SBAC,SBA Communications
2014-01-01,2013-12-28,STX,Seagate Technology
2014-01-01,2013-12-28,SIAL,Sigma-Aldrich
2014-01-01,2013-12-28,SIRI,Sirius XM Radio
2014-01-01,2013-12-28,SPLS,Staples Inc.
2014-01-01,2013-12-28,SBUX,Starbucks
2014-01-01,2013-12-28,SRCL,Stericycle
2014-01-01,2013-12-28,SYMC,Symantec
2014-01-01,2013-12-28,TSLA,"Tesla Motors, Inc."
2014-01-01,2013-12-28,TXN,Texas Instruments
2014-01-01,2013-12-28,TSCO,Tractor Supply Company
2014-01-01,2013-12-28,TRIP,TripAdvisor
2014-01-01,2013-12-28,VRSK,Verisk Analytics
2014-01-01,2013-12-28,VRTX,Vertex Pharmaceuticals
2014-01-01,2013-12-28,VIAB,Viacom
2014-01-01,2013-12-28,VIP,VimpelCom Ltd.
2014-01-01,2013-12-28,VOD,Vodafone
2014-01-01,2013-12-28,WDC,Western Digital
2014-01-01,2013-12-28,WFM,Whole Foods Market
2014-01-01,2013-12-28,WYNN,Wynn Resorts
2014-01-01,2013-12-28,XLNX,Xilinx
2014-01-01,2013-12-28,YHOO,Yahoo!
2014-04-01,2014-03-31,FOXA,21st Century Fox
2014-04-01,2014-03-31,ATVI,Activision Blizzard
2014-04-01,2014-03-31,ADBE,Adobe Systems
2014-04-01,2014-03-31,AKAM,Akamai Technologies
2014-04-01,2014-03-31,ALXN,Alexion Pharmaceuticals
2014-04-01,2014-03-31,ALTR,Altera
2014-04-01,2014-03-31,AMZN,Amazon.com
2014-04-01,2014-03-31,AMGN,Amgen
2014-04-01,2014-03-31,ADI,Analog Devices
2014-04-01,2014-03-31,AAPL,Apple Inc.
2014-04-01,2014-03-31,AMAT,Applied Materials
2014-04-01,2014-03-31,ADSK,Autodesk
2014-04-01,2014-03-31,ADP,Automatic Data Processing
2014-04-01,2014-03-31,AVGO,Avago Technologies
2014-04-01,2014-03-31,BIDU,Baidu
2014-04-01,2014-03-31,BBBY,Bed Bath & Beyond
2014-04-01,2014-03-31,BIIB,Biogen Idec
2014-04-01,2014-03-31,BRCM,Broadcom
2014-04-01,2014-03-31,CHRW,C. H. Robinson Worldwide
2014-04-01,2014-03-31,CA,"CA, Inc."
2014-04-01,2014-03-31,CTRX,Catamaran Corporation
2014-04-01,2014-03-31,CELG,Celgene
2014-04-01,2014-03-31,CERN,Cerner
2014-04-01,2014-03-31,CHTR,Charter Communications
2014-04-01,2014-03-31,CHKP,Check Point
2014-04-01,2014-03-31,CSCO,Cisco Systems
2014-04-01,2014-03-31,CTXS,Citrix Systems
2014-04-01,2014-03-31,CTSH,Cognizant Technology Solutions
2014-04-01,2014-03-31,CMCSA,Comcast
2014-04-01,2014-03-31,COST,Costco
2014-04-01,2014-03-31,DTV,DirecTV
2014-04-01,2014-03-31,DISCA,Discovery Communications
2014-04-01,2014-03-31,DISH,Dish Network
2014-04-01,2014-03-31,DLTR,Dollar Tree
2014-04-01,2014-03-31,EBAY,eBay
2014-04-01,2014-03-31,EQIX,Equinix
2014-04-01,2014-03-31,EXPE,"Expedia, Inc."
2014-04-01,2014-03-31,EXPD,Expeditors International
2014-04-01,2014-03-31,ESRX,Express Scripts
2014-04-01,2014-03-31,FFIV,F5 Networks
2014-04-01,2014-03-31,FB,"Facebook, Inc."
2014-04-01,2014-03-31,FAST,Fastenal
2014-04-01,2014-03-31,FISV,Fiserv
2014-04-01,2014-03-31,GRMN,Garmin
2014-04-01,2014-03-31,GILD,Gilead Sciences
2014-04-01,2014-03-31,GOOG,Google
2014-04-01,2014-03-31,GMCR,Green Mountain Coffee Roasters
2014-04-01,2014-03-31,HSIC,Henry Schein
2014-04-01,2014-03-31,ILMN,Illumina (company)
2014-04-01,2014-03-31,INTC,Intel Corporation
2014-04-01,2014-03-31,INTU,Intuit
2014-04-01,2014-03-31,ISRG,Intuitive Surgical
2014-04-01,2014-03-31,KLAC,KLA Tencor
2014-04-01,2014-03-31,KRFT,Kraft Foods
2014-04-01,2014-03-31,LBTYA,Liberty Global
2014-04-01,2014-03-31,LINTA,Liberty Interactive
2014-04-01,2014-03-31,LMCA,Liberty Media
2014-04-01,2014-03-31,LLTC,Linear Technology
2014-04-01,2014-03-31,MAR,Marriott International
2014-04-01,2014-03-31,MAT,Mattel
2014-04-01,2014-03-31,MXIM,Maxim Integrated Products
2014-04-01,2014-03-31,MU,Micron Technology
2014-04-01,2014-03-31,MSFT,Microsoft
2014-04-01,2014-03-31,MDLZ,Mondelēz International
2014-04-01,2014-03-31,MNST,Monster Beverage
2014-04-01,2014-03-31,MYL,Mylan
2014-04-01,2014-03-31,NTAP,NetApp
2014-04-01,2014-03-31,NFLX,Netflix
2014-04-01,2014-03-31,NVDA,Nvidia
2014-04-01,2014-03-31,NXPI,NXP Semiconductors
2014-04-01,2014-03-31,ORLY,O'Reilly Auto Parts
2014-04-01,2014-03-31,PCAR,Paccar
2014-04-01,2014-03-31,PAYX,Paychex
2014-04-01,2014-03-31,PCLN,Priceline.com
2014-04-01,2014-03-31,QCOM,Qualcomm
2014-04-01,2014-03-31,REGN,Regeneron Pharmaceuticals
2014-04-01,2014-03-31,ROST,Ross Stores
2014-04-01,2014-03-31,SNDK,SanDisk
2014-04-01,2014-03-31,SBAC,SBA Communications
2014-04-01,2014-03-31,STX,Seagate Technology
2014-04-01,2014-03-31,SIAL,Sigma-Aldrich
2014-04-01,2014-03-31,SIRI,Sirius XM Radio
2014-04-01,2014-03-31,SPLS,Staples Inc.
2014-04-01,2014-03-31,SBUX,Starbucks
2014-04-01,2014-03-31,SRCL,Stericycle
2014-04-01,2014-03-31,SYMC,Symantec
2014-04-01,2014-03-31,TSLA,"Tesla Motors, Inc."
2014-04-01,2014-03-31,TXN,Texas Instruments
2014-04-01,2014-03-31,TSCO,Tractor Supply Company
2014-04-01,2014-03-31,TRIP,TripAdvisor
2014-04-01,2014-03-31,VRSK,Verisk Analytics
2014-04-01,2014-03-31,VRTX,Vertex Pharmaceuticals
2014-04-01,2014-03-31,VIAB,Viacom
2014-04-01,2014-03-31,VIP,VimpelCom Ltd.
2014-04-01,2014-03-31,VOD,Vodafone
2014-04-01,2014-03-31,WDC,Western Digital
2014-04-01,2014-03-31,WFM,Whole Foods Market
2014-04-01,2014-03-31,WYNN,Wynn Resorts
2014-04-01,2014-03-31,XLNX,Xilinx
2014-04-01,2014-03-31,YHOO,Yahoo!
2014-07-01,2014-06-21,FOXA,21st Century Fox
2014-07-01,2014-06-21,ATVI,Activision Blizzard
2014-07-01,2014-06-21,ADBE,Adobe Systems
2014-07-01,2014-06-21,AKAM,Akamai Technologies
2014-07-01,2014-06-21,ALXN,Alexion Pharmaceuticals
2014-07-01,2014-06-21,ALTR,Altera
2014-07-01,2014-06-21,AMZN,Amazon.com
2014-07-01,2014-06-21,AMGN,Amgen
2014-07-01,2014-06-21,ADI,Analog Devices
2014-07-01,2014-06-21,AAPL,Apple Inc.
2014-07-01,2014-06-21,AMAT,Applied Materials
2014-07-01,2014-06-21,ADSK,Autodesk
2014-07-01,2014-06-21,ADP,Automatic Data Processing
2014-07-01,2014-06-21,AVGO,Avago Technologies
2014-07-01,2014-06-21,BIDU,Baidu
2014-07-01,2014-06-21,BBBY,Bed Bath & Beyond
2014-07-01,2014-06-21,BIIB,Biogen Idec
2014-07-01,2014-06-21,BRCM,Broadcom
2014-07-01,2014-06-21,CHRW,C. H. Robinson Worldwide
2014-07-01,2014-06-21,CA,"CA, Inc."
2014-07-01,2014-06-21,CTRX,Catamaran Corporation
2014-07-01,2014-06-21,CELG,Celgene
2014-07-01,2014-06-21,CERN,Cerner
2014-07-01,2014-06-21,CHTR,Charter Communications
2014-07-01,2014-06-21,CHKP,Check Point
2014-07-01,2014-06-21,CSCO,Cisco Systems
2014-07-01,2014-06-21,CTXS,Citrix Systems
2014-07-01,2014-06-21,CTSH,Cognizant Technology Solutions
2014-07-01,2014-06-21,CMCSA,Comcast
2014-07-01,2014-06-21,COST,Costco
2014-07-01,2014-06-21,DTV,DirecTV
2014-07-01,2014-06-21,DISCA,Discovery Communications
2014-07-01,2014-06-21,DISH,Dish Network
2014-07-01,2014-06-21,DLTR,Dollar Tree
2014-07-01,2014-06-21,EBAY,eBay
2014-07-01,2014-06-21,EQIX,Equinix
2014-07-01,2014-06-21,EXPE,"Expedia, Inc."
2014-07-01,2014-06-21,EXPD,Expeditors International
2014-07-01,2014-06-21,ESRX,Express Scripts
2014-07-01,2014-06-21,FFIV,F5 Networks
2014-07-01,2014-06-21,FB,"Facebook, Inc."
2014-07-01,2014-06-21,FAST,Fastenal
2014-07-01,2014-06-21,FISV,Fiserv
2014-07-01,2014-06-21,GRMN,Garmin
2014-07-01,2014-06-21,GILD,Gilead Sciences
2014-07-01,2014-06-21,GOOG,Google
2014-07-01,2014-06-21,GOOGL,Google Inc
2014-07-01,2014-06-21,GMCR,Green Mountain Coffee Roasters
2014-07-01,2014-06-21,HSIC,Henry Schein
2014-07-01,2014-06-21,ILMN,Illumina (company)
2014-07-01,2014-06-21,INTC,Intel Corporation
2014-07-01,2014-06-21,INTU,Intuit
2014-07-01,2014-06-21,ISRG,Intuitive Surgical
2014-07-01,2014-06-21,KLAC,KLA Tencor
2014-07-01,2014-06-21,KRFT,Kraft Foods
2014-07-01,2014-06-21,LBTYA,Liberty Global
2014-07-01,2014-06-21,LINTA,Liberty Interactive
2014-07-01,2014-06-21,LMCA,Liberty Media
2014-07-01,2014-06-21,LLTC,Linear Technology
2014-07-01,2014-06-21,MAR,Marriott International
2014-07-01,2014-06-21,MAT,Mattel
2014-07-01,2014-06-21,MXIM,Maxim Integrated Products
2014-07-01,2014-06-21,MU,Micron Technology
2014-07-01,2014-06-21,MSFT,Microsoft
2014-07-01,2014-06-21,MDLZ,Mondelēz International
2014-07-01,2014-06-21,MNST,Monster Beverage
2014-07-01,2014-06-21,MYL,Mylan
2014-07-01,2014-06-21,NTAP,NetApp
2014-07-01,2014-06-21,NFLX,Netflix
2014-07-01,2014-06-21,NVDA,Nvidia
2014-07-01,2014-06-21,NXPI,NXP Semiconductors
2014-07-01,2014-06-21,ORLY,O'Reilly Auto Parts
2014-07-01,2014-06-21,PCAR,Paccar
2014-07-01,2014-06-21,PAYX,Paychex
2014-07-01,2014-06-21,PCLN,Priceline.com
2014-07-01,2014-06-21,QCOM,Qualcomm
2014-07-01,2014-06-21,REGN,Regeneron Pharmaceuticals
2014-07-01,2014-06-21,ROST,Ross Stores
2014-07-01,2014-06-21,SNDK,SanDisk
2014-07-01,2014-06-21,SBAC,SBA Communications
2014-07-01,2014-06-21,STX,Seagate Technology
2014-07-01,2014-06-21,SIAL,Sigma-Aldrich
2014-07-01,2014-06-21,SIRI,Sirius XM Radio
2014-07-01,2014-06-21,SPLS,Staples Inc.
2014-07-01,2014-06-21,SBUX,Starbucks
2014-07-01,2014-06-21,SRCL,Stericycle
2014-07-01,2014-06-21,SYMC,Symantec
2014-07-01,2014-06-21,TSLA,"Tesla Motors, Inc."
2014-07-01,2014-06-21,TXN,Texas Instruments
2014-07-01,2014-06-21,TSCO,Tractor Supply Company
2014-07-01,2014-06-21,TRIP,TripAdvisor
2014-07-01,2014-06-21,VRSK,Verisk Analytics
2014-07-01,2014-06-21,VRTX,Vertex Pharmaceuticals
2014-07-01,2014-06-21,VIAB,Viacom
2014-07-01,2014-06-21,VIP,VimpelCom Ltd.
2014-07-01,2014-06-21,VOD,Vodafone
2014-07-01,2014-06-21,WDC,Western Digital
2014-07-01,2014-06-21,WFM,Whole Foods Market
2014-07-01,2014-06-21,WYNN,Wynn Resorts
2014-07-01,2014-06-21,XLNX,Xilinx
2014-07-01,2014-06-21,YHOO,Yahoo!
2014-10-01,2014-09-21,FOXA,21st Century Fox
2014-10-01,2014-09-21,ATVI,Activision Blizzard
2014-10-01,2014-09-21,ADBE,Adobe Systems
2014-10-01,2014-09-21,AKAM,Akamai Technologies
2014-10-01,2014-09-21,ALXN,Alexion Pharmaceuticals
2014-10-01,2014-09-21,ALTR,Altera
2014-10-01,2014-09-21,AMZN,Amazon.com
2014-10-01,2014-09-21,AMGN,Amgen
2014-10-01,2014-09-21,ADI,Analog Devices
2014-10-01,2014-09-21,AAPL,Apple Inc.
2014-10-01,2014-09-21,AMAT,Applied Materials
2014-10-01,2014-09-21,ADSK,Autodesk
2014-10-01,2014-09-21,ADP,Automatic Data Processing
2014-10-01,2014-09-21,AVGO,Avago Technologies
2014-10-01,2014-09-21,BIDU,Baidu
2014-10-01,2014-09-21,BBBY,Bed Bath & Beyond
2014-10-01,2014-09-21,BIIB,Biogen Idec
2014-10-01,2014-09-21,BRCM,Broadcom
2014-10-01,2014-09-21,CHRW,C. H. Robinson Worldwide
2014-10-01,2014-09-21,CA,"CA, Inc."
2014-10-01,2014-09-21,CTRX,Catamaran Corporation
2014-10-01,2014-09-21,CELG,Celgene
2014-10-01,2014-09-21,CERN,Cerner
2014-10-01,2014-09-21,CHTR,Charter Communications
2014-10-01,2014-09-21,CHKP,Check Point
2014-10-01,2014-09-21,CSCO,Cisco Systems
2014-10-01,2014-09-21,CTXS,Citrix Systems
2014-10-01,2014-09-21,CTSH,Cognizant Technology Solutions
2014-10-01,2014-09-21,CMCSA,Comcast
2014-10-01,2014-09-21,COST,Costco
2014-10-01,2014-09-21,DTV,DirecTV
2014-10-01,2014-09-21,DISCA,Discovery Communications
2014-10-01,2014-09-21,DISH,Dish Network
2014-10-01,2014-09-21,DLTR,Dollar Tree
2014-10-01,2014-09-21,EBAY,eBay
2014-10-01,2014-09-21,EQIX,Equinix
2014-10-01,2014-09-21,EXPE,"Expedia, Inc."
2014-10-01,2014-09-21,EXPD,Expeditors International
2014-10-01,2014-09-21,ESRX,Express Scripts
2014-10-01,2014-09-21,FFIV,F5 Networks
2014-10-01,2014-09-21,FB,"Facebook, Inc."
2014-10-01,2014-09-21,FAST,Fastenal
2014-10-01,2014-09-21,FISV,Fiserv
2014-10-01,2014-09-21,GRMN,Garmin
2014-10-01,2014-09-21,GILD,Gilead Sciences
2014-10-01,2014-09-21,GOOGL,Google Inc.
2014-10-01,2014-09-21,GOOG,Google Inc.
2014-10-01,2014-09-21,GMCR,Green Mountain Coffee Roasters
2014-10-01,2014-09-21,HSIC,Henry Schein
2014-10-01,2014-09-21,ILMN,Illumina (company)
2014-10-01,2014-09-21,INTC,Intel Corporation
2014-10-01,2014-09-21,INTU,Intuit
2014-10-01,2014-09-21,ISRG,Intuitive Surgical
2014-10-01,2014-09-21,KLAC,KLA Tencor
2014-10-01,2014-09-21,KRFT,Kraft Foods
2014-10-01,2014-09-21,LBTYA,Liberty Global
2014-10-01,2014-09-21,LINTA,Liberty Interactive
2014-10-01,2014-09-21,LMCK,Liberty Media
2014-10-01,2014-09-21,LMCA,Liberty Media
2014-10-01,2014-09-21,LLTC,Linear Technology
2014-10-01,2014-09-21,MAR,Marriott International
2014-10-01,2014-09-21,MAT,Mattel
2014-10-01,2014-09-21,MXIM,Maxim Integrated Products
2014-10-01,2014-09-21,MU,Micron Technology
2014-10-01,2014-09-21,MSFT,Microsoft
2014-10-01,2014-09-21,MDLZ,Mondelēz International
2014-10-01,2014-09-21,MNST,Monster Beverage
2014-10-01,2014-09-21,MYL,Mylan
2014-10-01,2014-09-21,NTAP,NetApp
2014-10-01,2014-09-21,NFLX,Netflix
2014-10-01,2014-09-21,NVDA,Nvidia
2014-10-01,2014-09-21,NXPI,NXP Semiconductors
2014-10-01,2014-09-21,ORLY,O'Reilly Auto Parts
2014-10-01,2014-09-21,PCAR,Paccar
2014-10-01,2014-09-21,PAYX,Paychex
2014-10-01,2014-09-21,PCLN,Priceline.com
2014-10-01,2014-09-21,QCOM,Qualcomm
2014-10-01,2014-09-21,REGN,Regeneron Pharmaceuticals
2014-10-01,2014-09-21,ROST,Ross Stores
2014-10-01,2014-09-21,SNDK,SanDisk
2014-10-01,2014-09-21,SBAC,SBA Communications
2014-10-01,2014-09-21,STX,Seagate Technology
2014-10-01,2014-09-21,SIAL,Sigma-Aldrich
2014-10-01,2014-09-21,SIRI,Sirius XM Radio
2014-10-01,2014-09-21,SPLS,Staples Inc.
2014-10-01,2014-09-21,SBUX,Starbucks
2014-10-01,2014-09-21,SRCL,Stericycle
2014-10-01,2014-09-21,SYMC,Symantec
2014-10-01,2014-09-21,TSLA,"Tesla Motors, Inc."
2014-10-01,2014-09-21,TXN,Texas Instruments
2014-10-01,2014-09-21,TSCO,Tractor Supply Company
2014-10-01,2014-09-21,TRIP,TripAdvisor
2014-10-01,2014-09-21,VRSK,Verisk Analytics
2014-10-01,2014-09-21,VRTX,Vertex Pharmaceuticals
2014-10-01,2014-09-21,VIAB,Viacom
2014-10-01,2014-09-21,VIP,VimpelCom Ltd.
2014-10-01,2014-09-21,VOD,Vodafone
2014-10-01,2014-09-21,WDC,Western Digital
2014-10-01,2014-09-21,WFM,Whole Foods Market
2014-10-01,2014-09-21,WYNN,Wynn Resorts
2014-10-01,2014-09-21,XLNX,Xilinx
2014-10-01,2014-09-21,YHOO,Yahoo!
2015-01-01,2014-12-30,FOXA,21st Century Fox
2015-01-01,2014-12-30,FOX,21st Century Fox
2015-01-01,2014-12-30,ATVI,Activision Blizzard
2015-01-01,2014-12-30,ADBE,Adobe Systems
2015-01-01,2014-12-30,AKAM,Akamai Technologies
2015-01-01,2014-12-30,ALXN,Alexion Pharmaceuticals
2015-01-01,2014-12-30,ALTR,Altera
2015-01-01,2014-12-30,AMZN,Amazon.com
2015-01-01,2014-12-30,AAL,American Airlines
2015-01-01,2014-12-30,AMGN,Amgen
2015-01-01,2014-12-30,ADI,Analog Devices
2015-01-01,2014-12-30,AAPL,Apple Inc.
2015-01-01,2014-12-30,AMAT,Applied Materials
2015-01-01,2014-12-30,ADSK,Autodesk
2015-01-01,2014-12-30,ADP,Automatic Data Processing
2015-01-01,2014-12-30,AVGO,Avago Technologies
2015-01-01,2014-12-30,BIDU,Baidu
2015-01-01,2014-12-30,BBBY,Bed Bath & Beyond
2015-01-01,2014-12-30,BIIB,Biogen Idec
2015-01-01,2014-12-30,BRCM,Broadcom
2015-01-01,2014-12-30,CHRW,C. H. Robinson Worldwide
2015-01-01,2014-12-30,CA,"CA, Inc."
2015-01-01,2014-12-30,CTRX,Catamaran Corporation
2015-01-01,2014-12-30,CELG,Celgene
2015-01-01,2014-12-30,CERN,Cerner
2015-01-01,2014-12-30,CHTR,Charter Communications
2015-01-01,2014-12-30,CHKP,Check Point
2015-01-01,2014-12-30,CSCO,Cisco Systems
2015-01-01,2014-12-30,CTXS,Citrix Systems
2015-01-01,2014-12-30,CTSH,Cognizant Technology Solutions
2015-01-01,2014-12-30,CMCSK,Comcast
2015-01-01,2014-12-30,CMCSA,Comcast
2015-01-01,2014-12-30,COST,Costco
2015-01-01,2014-12-30,DTV,DirecTV
2015-01-01,2014-12-30,DISCA,Discovery Communications
2015-01-01,2014-12-30,DISCK,Discovery Communications
2015-01-01,2014-12-30,DISH,Dish Network
2015-01-01,2014-12-30,DLTR,Dollar Tree
2015-01-01,2014-12-30,EBAY,eBay
2015-01-01,2014-12-30,EA,Electronic Arts
2015-01-01,2014-12-30,EQIX,Equinix
2015-01-01,2014-12-30,EXPD,Expeditors International
2015-01-01,2014-12-30,ESRX,Express Scripts
2015-01-01,2014-12-30,FB,"Facebook, Inc."
2015-01-01,2014-12-30,FAST,Fastenal
2015-01-01,2014-12-30,FISV,Fiserv
2015-01-01,2014-12-30,GRMN,Garmin
2015-01-01,2014-12-30,GILD,Gilead Sciences
2015-01-01,2014-12-30,GOOGL,Google Inc.
2015-01-01,2014-12-30,GOOG,Google Inc.
2015-01-01,2014-12-30,HSIC,Henry Schein
2015-01-01,2014-12-30,ILMN,Illumina (company)
2015-01-01,2014-12-30,INTC,Intel Corporation
2015-01-01,2014-12-30,INTU,Intuit
2015-01-01,2014-12-30,ISRG,Intuitive Surgical
2015-01-01,2014-12-30,KLAC,KLA Tencor
2015-01-01,2014-12-30,GMCR,Keurig Green Mountain
2015-01-01,2014-12-30,KRFT,Kraft Foods
2015-01-01,2014-12-30,LRCX,Lam Research
2015-01-01,2014-12-30,LBTYA,Liberty Global
2015-01-01,2014-12-30,LBTYK,Liberty Global
2015-01-01,2014-12-30,QVCA,Liberty Interactive
2015-01-01,2014-12-30,LMCK,Liberty Media
2015-01-01,2014-12-30,LMCA,Liberty Media
2015-01-01,2014-12-30,LVNTA,Liberty Ventures
2015-01-01,2014-12-30,LLTC,Linear Technology
2015-01-01,2014-12-30,MAR,Marriott International
2015-01-01,2014-12-30,MAT,Mattel
2015-01-01,2014-12-30,MU,Micron Technology
2015-01-01,2014-12-30,MSFT,Microsoft
2015-01-01,2014-12-30,MDLZ,Mondelēz International
2015-01-01,2014-12-30,MNST,Monster Beverage
2015-01-01,2014-12-30,MYL,Mylan
2015-01-01,2014-12-30,NTAP,NetApp
2015-01-01,2014-12-30,NFLX,Netflix
2015-01-01,2014-12-30,NVDA,Nvidia
2015-01-01,2014-12-30,NXPI,NXP Semiconductors
2015-01-01,2014-12-30,ORLY,O'Reilly Auto Parts
2015-01-01,2014-12-30,PCAR,Paccar
2015-01-01,2014-12-30,PAYX,Paychex
2015-01-01,2014-12-30,QCOM,Qualcomm
2015-01-01,2014-12-30,REGN,Regeneron Pharmaceuticals
2015-01-01,2014-12-30,ROST,Ross Stores
2015-01-01,2014-12-30,SNDK,SanDisk
2015-01-01,2014-12-30,SBAC,SBA Communications
2015-01-01,2014-12-30,STX,Seagate Technology
2015-01-01,2014-12-30,SIAL,Sigma-Aldrich
2015-01-01,2014-12-30,SIRI,Sirius XM Radio
2015-01-01,2014-12-30,SPLS,Staples Inc.
2015-01-01,2014-12-30,SBUX,Starbucks
2015-01-01,2014-12-30,SRCL,Stericycle
2015-01-01,2014-12-30,SYMC,Symantec
2015-01-01,2014-12-30,TSLA,"Tesla Motors, Inc."
2015-01-01,2014-12-30,TXN,Texas Instruments
2015-01-01,2014-12-30,PCLN,The Priceline Group
2015-01-01,2014-12-30,TSCO,Tractor Supply Company
2015-01-01,2014-12-30,TRIP,TripAdvisor
2015-01-01,2014-12-30,VRSK,Verisk Analytics
2015-01-01,2014-12-30,VRTX,Vertex Pharmaceuticals
2015-01-01,2014-12-30,VIAB,Viacom
2015-01-01,2014-12-30,VIP,VimpelCom Ltd.
2015-01-01,2014-12-30,VOD,Vodafone
2015-01-01,2014-12-30,WDC,Western Digital
2015-01-01,2014-12-30,WFM,Whole Foods Market
2015-01-01,2014-12-30,WYNN,Wynn Resorts
2015-01-01,2014-12-30,XLNX,Xilinx
2015-01-01,2014-12-30,YHOO,Yahoo!
2015-04-01,2015-03-30,FOXA,21st Century Fox
2015-04-01,2015-03-30,FOX,21st Century Fox
2015-04-01,2015-03-30,ATVI,Activision Blizzard
2015-04-01,2015-03-30,ADBE,Adobe Systems
2015-04-01,2015-03-30,AKAM,Akamai Technologies
2015-04-01,2015-03-30,ALXN,Alexion Pharmaceuticals
2015-04-01,2015-03-30,ALTR,Altera
2015-04-01,2015-03-30,AMZN,Amazon.com
2015-04-01,2015-03-30,AAL,American Airlines Group
2015-04-01,2015-03-30,AMGN,Amgen
2015-04-01,2015-03-30,ADI,Analog Devices
2015-04-01,2015-03-30,AAPL,Apple Inc.
2015-04-01,2015-03-30,AMAT,Applied Materials
2015-04-01,2015-03-30,ADSK,Autodesk
2015-04-01,2015-03-30,ADP,Automatic Data Processing
2015-04-01,2015-03-30,AVGO,Avago Technologies
2015-04-01,2015-03-30,BIDU,Baidu
2015-04-01,2015-03-30,BBBY,Bed Bath & Beyond
2015-04-01,2015-03-30,BIIB,Biogen Idec
2015-04-01,2015-03-30,BRCM,Broadcom
2015-04-01,2015-03-30,CHRW,C. H. Robinson Worldwide
2015-04-01,2015-03-30,CA,"CA, Inc."
2015-04-01,2015-03-30,CTRX,Catamaran Corporation
2015-04-01,2015-03-30,CELG,Celgene
2015-04-01,2015-03-30,CERN,Cerner
2015-04-01,2015-03-30,CHTR,Charter Communications
2015-04-01,2015-03-30,CHKP,Check Point
2015-04-01,2015-03-30,CSCO,Cisco Systems
2015-04-01,2015-03-30,CTXS,Citrix Systems
2015-04-01,2015-03-30,CTSH,Cognizant Technology Solutions
2015-04-01,2015-03-30,CMCSK,Comcast
2015-04-01,2015-03-30,CMCSA,Comcast
2015-04-01,2015-03-30,COST,Costco
2015-04-01,2015-03-30,DTV,DirecTV
2015-04-01,2015-03-30,DISCA,Discovery Communications
2015-04-01,2015-03-30,DISCK,Discovery Communications
2015-04-01,2015-03-30,DISH,Dish Network
2015-04-01,2015-03-30,DLTR,Dollar Tree
2015-04-01,2015-03-30,EBAY,eBay
2015-04-01,2015-03-30,EA,Electronic Arts
2015-04-01,2015-03-30,EXPD,Expeditors International
2015-04-01,2015-03-30,ESRX,Express Scripts
2015-04-01,2015-03-30,FB,"Facebook, Inc."
2015-04-01,2015-03-30,FAST,Fastenal
2015-04-01,2015-03-30,FISV,Fiserv
2015-04-01,2015-03-30,GRMN,Garmin
2015-04-01,2015-03-30,GILD,Gilead Sciences
2015-04-01,2015-03-30,GOOGL,Google Inc.
2015-04-01,2015-03-30,GOOG,Google Inc.
2015-04-01,2015-03-30,HSIC,Henry Schein
2015-04-01,2015-03-30,ILMN,Illumina (company)
2015-04-01,2015-03-30,INTC,Intel Corporation
2015-04-01,2015-03-30,INTU,Intuit
2015-04-01,2015-03-30,ISRG,Intuitive Surgical
2015-04-01,2015-03-30,KLAC,KLA Tencor
2015-04-01,2015-03-30,GMCR,Keurig Green Mountain
2015-04-01,2015-03-30,KRFT,Kraft Foods
2015-04-01,2015-03-30,LRCX,Lam Research
2015-04-01,2015-03-30,LBTYA,Liberty Global
2015-04-01,2015-03-30,LBTYK,Liberty Global
2015-04-01,2015-03-30,QVCA,Liberty Interactive
2015-04-01,2015-03-30,LMCK,Liberty Media
2015-04-01,2015-03-30,LMCA,Liberty Media
2015-04-01,2015-03-30,LVNTA,Liberty Interactive
2015-04-01,2015-03-30,LLTC,Linear Technology
2015-04-01,2015-03-30,MAR,Marriott International
2015-04-01,2015-03-30,MAT,Mattel
2015-04-01,2015-03-30,MU,Micron Technology
2015-04-01,2015-03-30,MSFT,Microsoft
2015-04-01,2015-03-30,MDLZ,Mondelēz International
2015-04-01,2015-03-30,MNST,Monster Beverage
2015-04-01,2015-03-30,MYL,Mylan
2015-04-01,2015-03-30,NTAP,NetApp
2015-04-01,2015-03-30,NFLX,Netflix
2015-04-01,2015-03-30,NVDA,Nvidia
2015-04-01,2015-03-30,NXPI,NXP Semiconductors
2015-04-01,2015-03-30,ORLY,O'Reilly Auto Parts
2015-04-01,2015-03-30,PCAR,Paccar
2015-04-01,2015-03-30,PAYX,Paychex
2015-04-01,2015-03-30,QCOM,Qualcomm
2015-04-01,2015-03-30,REGN,Regeneron Pharmaceuticals
2015-04-01,2015-03-30,ROST,Ross Stores
2015-04-01,2015-03-30,SNDK,SanDisk
2015-04-01,2015-03-30,SBAC,SBA Communications
2015-04-01,2015-03-30,STX,Seagate Technology
2015-04-01,2015-03-30,SIAL,Sigma-Aldrich
2015-04-01,2015-03-30,SIRI,Sirius XM Radio
2015-04-01,2015-03-30,SPLS,Staples Inc.
2015-04-01,2015-03-30,SBUX,Starbucks
2015-04-01,2015-03-30,SRCL,Stericycle
2015-04-01,2015-03-30,SYMC,Symantec
2015-04-01,2015-03-30,TSLA,"Tesla Motors, Inc."
2015-04-01,2015-03-30,TXN,Texas Instruments
2015-04-01,2015-03-30,PCLN,The Priceline Group
2015-04-01,2015-03-30,TSCO,Tractor Supply Company
2015-04-01,2015-03-30,TRIP,TripAdvisor
2015-04-01,2015-03-30,VRSK,Verisk Analytics
2015-04-01,2015-03-30,VRTX,Vertex Pharmaceuticals
2015-04-01,2015-03-30,VIAB,Viacom
2015-04-01,2015-03-30,VIP,VimpelCom Ltd.
2015-04-01,2015-03-30,VOD,Vodafone
2015-04-01,2015-03-30,WBA,Walgreen Boots Alliance
2015-04-01,2015-03-30,WDC,Western Digital
2015-04-01,2015-03-30,WFM,Whole Foods Market
2015-04-01,2015-03-30,WYNN,Wynn Resorts
2015-04-01,2015-03-30,XLNX,Xilinx
2015-04-01,2015-03-30,YHOO,Yahoo!
2015-07-01,2015-06-10,FOXA,21st Century Fox
2015-07-01,2015-06-10,FOX,21st Century Fox
2015-07-01,2015-06-10,ATVI,Activision Blizzard
2015-07-01,2015-06-10,ADBE,Adobe Systems
2015-07-01,2015-06-10,AKAM,Akamai Technologies
2015-07-01,2015-06-10,ALXN,Alexion Pharmaceuticals
2015-07-01,2015-06-10,ALTR,Altera
2015-07-01,2015-06-10,AMZN,Amazon.com
2015-07-01,2015-06-10,AAL,American Airlines Group
2015-07-01,2015-06-10,AMGN,Amgen
2015-07-01,2015-06-10,ADI,Analog Devices
2015-07-01,2015-06-10,AAPL,Apple Inc.
2015-07-01,2015-06-10,AMAT,Applied Materials
2015-07-01,2015-06-10,ADSK,Autodesk
2015-07-01,2015-06-10,ADP,Automatic Data Processing
2015-07-01,2015-06-10,AVGO,Avago Technologies
2015-07-01,2015-06-10,BIDU,Baidu
2015-07-01,2015-06-10,BBBY,Bed Bath & Beyond
2015-07-01,2015-06-10,BIIB,Biogen Idec
2015-07-01,2015-06-10,BRCM,Broadcom
2015-07-01,2015-06-10,CHRW,C. H. Robinson Worldwide
2015-07-01,2015-06-10,CA,"CA, Inc."
2015-07-01,2015-06-10,CTRX,Catamaran Corporation
2015-07-01,2015-06-10,CELG,Celgene
2015-07-01,2015-06-10,CERN,Cerner
2015-07-01,2015-06-10,CHTR,Charter Communications
2015-07-01,2015-06-10,CHKP,Check Point
2015-07-01,2015-06-10,CSCO,Cisco Systems
2015-07-01,2015-06-10,CTXS,Citrix Systems
2015-07-01,2015-06-10,CTSH,Cognizant Technology Solutions
2015-07-01,2015-06-10,CMCSK,Comcast
2015-07-01,2015-06-10,CMCSA,Comcast
2015-07-01,2015-06-10,COST,Costco
2015-07-01,2015-06-10,DTV,DirecTV
2015-07-01,2015-06-10,DISCA,Discovery Communications
2015-07-01,2015-06-10,DISCK,Discovery Communications
2015-07-01,2015-06-10,DISH,Dish Network
2015-07-01,2015-06-10,DLTR,Dollar Tree
2015-07-01,2015-06-10,EBAY,eBay
2015-07-01,2015-06-10,EA,Electronic Arts
2015-07-01,2015-06-10,EXPD,Expeditors International
2015-07-01,2015-06-10,ESRX,Express Scripts
2015-07-01,2015-06-10,FB,"Facebook, Inc."
2015-07-01,2015-06-10,FAST,Fastenal
2015-07-01,2015-06-10,FISV,Fiserv
2015-07-01,2015-06-10,GRMN,Garmin
2015-07-01,2015-06-10,GILD,Gilead Sciences
2015-07-01,2015-06-10,GOOGL,Google Inc.
2015-07-01,2015-06-10,GOOG,Google Inc.
2015-07-01,2015-06-10,HSIC,Henry Schein
2015-07-01,2015-06-10,ILMN,Illumina (company)
2015-07-01,2015-06-10,INTC,Intel Corporation
2015-07-01,2015-06-10,INTU,Intuit
2015-07-01,2015-06-10,ISRG,Intuitive Surgical
2015-07-01,2015-06-10,KLAC,KLA Tencor
2015-07-01,2015-06-10,GMCR,Keurig Green Mountain
2015-07-01,2015-06-10,KRFT,Kraft Foods
2015-07-01,2015-06-10,LRCX,Lam Research
2015-07-01,2015-06-10,LBTYA,Liberty Global
2015-07-01,2015-06-10,LBTYK,Liberty Global
2015-07-01,2015-06-10,QVCA,Liberty Interactive
2015-07-01,2015-06-10,LMCK,Liberty Media
2015-07-01,2015-06-10,LMCA,Liberty Media
2015-07-01,2015-06-10,LVNTA,Liberty Interactive
2015-07-01,2015-06-10,LLTC,Linear Technology
2015-07-01,2015-06-10,MAR,Marriott International
2015-07-01,2015-06-10,MAT,Mattel
2015-07-01,2015-06-10,MU,Micron Technology
2015-07-01,2015-06-10,MSFT,Microsoft
2015-07-01,2015-06-10,MDLZ,Mondelēz International
2015-07-01,2015-06-10,MNST,Monster Beverage
2015-07-01,2015-06-10,MYL,Mylan
2015-07-01,2015-06-10,NTAP,NetApp
2015-07-01,2015-06-10,NFLX,Netflix
2015-07-01,2015-06-10,NVDA,Nvidia
2015-07-01,2015-06-10,NXPI,NXP Semiconductors
2015-07-01,2015-06-10,ORLY,O'Reilly Auto Parts
2015-07-01,2015-06-10,PCAR,Paccar
2015-07-01,2015-06-10,PAYX,Paychex
2015-07-01,2015-06-10,QCOM,Qualcomm
2015-07-01,2015-06-10,REGN,Regeneron Pharmaceuticals
2015-07-01,2015-06-10,ROST,Ross Stores
2015-07-01,2015-06-10,SNDK,SanDisk
2015-07-01,2015-06-10,SBAC,SBA Communications
2015-07-01,2015-06-10,STX,Seagate Technology
2015-07-01,2015-06-10,SIAL,Sigma-Aldrich
2015-07-01,2015-06-10,SIRI,Sirius XM Radio
2015-07-01,2015-06-10,SPLS,Staples Inc.
2015-07-01,2015-06-10,SBUX,Starbucks
2015-07-01,2015-06-10,SRCL,Stericycle
2015-07-01,2015-06-10,SYMC,Symantec
2015-07-01,2015-06-10,TSLA,"Tesla Motors, Inc."
2015-07-01,2015-06-10,TXN,Texas Instruments
2015-07-01,2015-06-10,PCLN,The Priceline Group
2015-07-01,2015-06-10,TSCO,Tractor Supply Company
2015-07-01,2015-06-10,TRIP,TripAdvisor
2015-07-01,2015-06-10,VRSK,Verisk Analytics
2015-07-01,2015-06-10,VRTX,Vertex Pharmaceuticals
2015-07-01,2015-06-10,VIAB,Viacom
2015-07-01,2015-06-10,VIP,VimpelCom Ltd.
2015-07-01,2015-06-10,VOD,Vodafone
2015-07-01,2015-06-10,WBA,Walgreen Boots Alliance
2015-07-01,2015-06-10,WDC,Western Digital
2015-07-01,2015-06-10,WFM,Whole Foods Market
2015-07-01,2015-06-10,WYNN,Wynn Resorts
2015-07-01,2015-06-10,XLNX,Xilinx
2015-07-01,2015-06-10,YHOO,Yahoo!
2015-10-01,2015-09-30,FOXA,21st Century Fox
2015-10-01,2015-09-30,FOX,21st Century Fox
2015-10-01,2015-09-30,ATVI,Activision Blizzard
2015-10-01,2015-09-30,ADBE,Adobe Systems
2015-10-01,2015-09-30,AKAM,Akamai Technologies
2015-10-01,2015-09-30,ALXN,Alexion Pharmaceuticals
2015-10-01,2015-09-30,ALTR,Altera
2015-10-01,2015-09-30,AMZN,Amazon.com
2015-10-01,2015-09-30,AAL,American Airlines Group
2015-10-01,2015-09-30,AMGN,Amgen
2015-10-01,2015-09-30,ADI,Analog Devices
2015-10-01,2015-09-30,AAPL,Apple Inc.
2015-10-01,2015-09-30,AMAT,Applied Materials
2015-10-01,2015-09-30,ADSK,Autodesk
2015-10-01,2015-09-30,ADP,Automatic Data Processing
2015-10-01,2015-09-30,AVGO,Avago Technologies
2015-10-01,2015-09-30,BIDU,Baidu
2015-10-01,2015-09-30,BBBY,Bed Bath & Beyond
2015-10-01,2015-09-30,BIIB,Biogen
2015-10-01,2015-09-30,BMRN,BioMarin Pharmaceutical
2015-10-01,2015-09-30,BRCM,Broadcom
2015-10-01,2015-09-30,CHRW,C. H. Robinson Worldwide
2015-10-01,2015-09-30,CA,"CA, Inc."
2015-10-01,2015-09-30,CELG,Celgene
2015-10-01,2015-09-30,CERN,Cerner
2015-10-01,2015-09-30,CHTR,Charter Communications
2015-10-01,2015-09-30,CHKP,Check Point
2015-10-01,2015-09-30,CSCO,Cisco Systems
2015-10-01,2015-09-30,CTXS,Citrix Systems
2015-10-01,2015-09-30,CTSH,Cognizant Technology Solutions
2015-10-01,2015-09-30,CMCSK,Comcast
2015-10-01,2015-09-30,CMCSA,Comcast
2015-10-01,2015-09-30,COST,Costco
2015-10-01,2015-09-30,DISCA,Discovery Communications
2015-10-01,2015-09-30,DISCK,Discovery Communications
2015-10-01,2015-09-30,DISH,Dish Network
2015-10-01,2015-09-30,DLTR,Dollar Tree
2015-10-01,2015-09-30,EBAY,eBay
2015-10-01,2015-09-30,EA,Electronic Arts
2015-10-01,2015-09-30,EXPD,Expeditors International
2015-10-01,2015-09-30,ESRX,Express Scripts
2015-10-01,2015-09-30,FB,"Facebook, Inc."
2015-10-01,2015-09-30,FAST,Fastenal
2015-10-01,2015-09-30,FISV,Fiserv
2015-10-01,2015-09-30,GRMN,Garmin
2015-10-01,2015-09-30,GILD,Gilead Sciences
2015-10-01,2015-09-30,GOOGL,Google Inc.
2015-10-01,2015-09-30,GOOG,Google Inc.
2015-10-01,2015-09-30,HSIC,Henry Schein
2015-10-01,2015-09-30,ILMN,Illumina (company)
2015-10-01,2015-09-30,INTC,Intel Corporation
2015-10-01,2015-09-30,INTU,Intuit
2015-10-01,2015-09-30,ISRG,Intuitive Surgical
2015-10-01,2015-09-30,JD,JD.com
2015-10-01,2015-09-30,KLAC,KLA Tencor
2015-10-01,2015-09-30,GMCR,Keurig Green Mountain
2015-10-01,2015-09-30,KHC,Kraft Heinz Company
2015-10-01,2015-09-30,LRCX,Lam Research
2015-10-01,2015-09-30,LBTYA,Liberty Global
2015-10-01,2015-09-30,LBTYK,Liberty Global
2015-10-01,2015-09-30,QVCA,Liberty Interactive
2015-10-01,2015-09-30,LILA,Liberty Interactive
2015-10-01,2015-09-30,LILAK,Liberty Interactive
2015-10-01,2015-09-30,LMCK,Liberty Media
2015-10-01,2015-09-30,LMCA,Liberty Media
2015-10-01,2015-09-30,LVNTA,Liberty Interactive
2015-10-01,2015-09-30,LLTC,Linear Technology
2015-10-01,2015-09-30,MAR,Marriott International
2015-10-01,2015-09-30,MAT,Mattel
2015-10-01,2015-09-30,MU,Micron Technology
2015-10-01,2015-09-30,MSFT,Microsoft
2015-10-01,2015-09-30,MDLZ,Mondelēz International
2015-10-01,2015-09-30,MNST,Monster Beverage
2015-10-01,2015-09-30,MYL,Mylan
2015-10-01,2015-09-30,NTAP,NetApp
2015-10-01,2015-09-30,NFLX,Netflix
2015-10-01,2015-09-30,NVDA,Nvidia
2015-10-01,2015-09-30,NXPI,NXP Semiconductors
2015-10-01,2015-09-30,ORLY,O'Reilly Auto Parts
2015-10-01,2015-09-30,PCAR,Paccar
2015-10-01,2015-09-30,PAYX,Paychex
2015-10-01,2015-09-30,QCOM,Qualcomm
2015-10-01,2015-09-30,REGN,Regeneron Pharmaceuticals
2015-10-01,2015-09-30,ROST,Ross Stores
2015-10-01,2015-09-30,SNDK,SanDisk
2015-10-01,2015-09-30,SBAC,SBA Communications
2015-10-01,2015-09-30,STX,Seagate Technology
2015-10-01,2015-09-30,SIRI,Sirius XM Radio
2015-10-01,2015-09-30,SWKS,Skyworks Solutions
2015-10-01,2015-09-30,SPLS,Staples Inc.
2015-10-01,2015-09-30,SBUX,Starbucks
2015-10-01,2015-09-30,SRCL,Stericycle
2015-10-01,2015-09-30,SYMC,Symantec
2015-10-01,2015-09-30,TSLA,"Tesla Motors, Inc."
2015-10-01,2015-09-30,TXN,Texas Instruments
2015-10-01,2015-09-30,PCLN,The Priceline Group
2015-10-01,2015-09-30,TSCO,Tractor Supply Company
2015-10-01,2015-09-30,TRIP,TripAdvisor
2015-10-01,2015-09-30,VRSK,Verisk Analytics
2015-10-01,2015-09-30,VRTX,Vertex Pharmaceuticals
2015-10-01,2015-09-30,VIAB,Viacom
2015-10-01,2015-09-30,VIP,VimpelCom Ltd.
2015-10-01,2015-09-30,VOD,Vodafone
2015-10-01,2015-09-30,WBA,Walgreens Boots Alliance
2015-10-01,2015-09-30,WDC,Western Digital
2015-10-01,2015-09-30,WFM,Whole Foods Market
2015-10-01,2015-09-30,WYNN,Wynn Resorts
2015-10-01,2015-09-30,XLNX,Xilinx
2015-10-01,2015-09-30,YHOO,Yahoo!
2016-01-01,2015-12-30,FOXA,21st Century Fox
2016-01-01,2015-12-30,FOX,21st Century Fox
2016-01-01,2015-12-30,ATVI,Activision Blizzard
2016-01-01,2015-12-30,ADBE,Adobe Systems
2016-01-01,2015-12-30,AKAM,Akamai Technologies
2016-01-01,2015-12-30,ALXN,Alexion Pharmaceuticals
2016-01-01,2015-12-30,GOOGL,Alphabet Inc.
2016-01-01,2015-12-30,GOOG,Alphabet Inc.
2016-01-01,2015-12-30,AMZN,Amazon.com
2016-01-01,2015-12-30,AAL,American Airlines Group
2016-01-01,2015-12-30,AMGN,Amgen
2016-01-01,2015-12-30,ADI,Analog Devices
2016-01-01,2015-12-30,AAPL,Apple Inc.
2016-01-01,2015-12-30,AMAT,Applied Materials
2016-01-01,2015-12-30,ADSK,Autodesk
2016-01-01,2015-12-30,ADP,Automatic Data Processing
2016-01-01,2015-12-30,AVGO,Avago Technologies
2016-01-01,2015-12-30,BIDU,Baidu
2016-01-01,2015-12-30,BBBY,Bed Bath & Beyond
2016-01-01,2015-12-30,BIIB,Biogen
2016-01-01,2015-12-30,BMRN,BioMarin Pharmaceutical
2016-01-01,2015-12-30,CA,CA Technologies
2016-01-01,2015-12-30,CELG,Celgene
2016-01-01,2015-12-30,CERN,Cerner
2016-01-01,2015-12-30,CHTR,Charter Communications
2016-01-01,2015-12-30,CHKP,Check Point
2016-01-01,2015-12-30,CSCO,Cisco Systems
2016-01-01,2015-12-30,CTXS,Citrix Systems
2016-01-01,2015-12-30,CTSH,Cognizant Technology Solutions
2016-01-01,2015-12-30,CMCSA,Comcast
2016-01-01,2015-12-30,COST,Costco
2016-01-01,2015-12-30,CTRP,Ctrip
2016-01-01,2015-12-30,DISCA,Discovery Communications
2016-01-01,2015-12-30,DISCK,Discovery Communications
2016-01-01,2015-12-30,DISH,Dish Network
2016-01-01,2015-12-30,DLTR,Dollar Tree
2016-01-01,2015-12-30,EBAY,eBay
2016-01-01,2015-12-30,EA,Electronic Arts
2016-01-01,2015-12-30,ENDP,Endo International
2016-01-01,2015-12-30,EXPE,"Expedia, Inc."
2016-01-01,2015-12-30,ESRX,Express Scripts
2016-01-01,2015-12-30,FB,"Facebook, Inc."
2016-01-01,2015-12-30,FAST,Fastenal
2016-01-01,2015-12-30,FISV,Fiserv
2016-01-01,2015-12-30,GILD,Gilead Sciences
2016-01-01,2015-12-30,HSIC,Henry Schein
2016-01-01,2015-12-30,ILMN,Illumina (company)
2016-01-01,2015-12-30,INCY,Incyte
2016-01-01,2015-12-30,INTC,Intel Corporation
2016-01-01,2015-12-30,INTU,Intuit
2016-01-01,2015-12-30,ISRG,Intuitive Surgical
2016-01-01,2015-12-30,JD,JD.com
2016-01-01,2015-12-30,KLAC,KLA Tencor
2016-01-01,2015-12-30,KHC,Kraft Heinz Company
2016-01-01,2015-12-30,LRCX,Lam Research
2016-01-01,2015-12-30,LBTYA,Liberty Global
2016-01-01,2015-12-30,LBTYK,Liberty Global
2016-01-01,2015-12-30,QVCA,Liberty Interactive
2016-01-01,2015-12-30,LMCK,Liberty Media
2016-01-01,2015-12-30,LMCA,Liberty Media
2016-01-01,2015-12-30,LVNTA,Liberty Interactive
2016-01-01,2015-12-30,LLTC,Linear Technology
2016-01-01,2015-12-30,MAR,Marriott International
2016-01-01,2015-12-30,MAT,Mattel
2016-01-01,2015-12-30,MXIM,Maxim Integrated Products
2016-01-01,2015-12-30,MU,Micron Technology
2016-01-01,2015-12-30,MSFT,Microsoft
2016-01-01,2015-12-30,MDLZ,Mondelēz International
2016-01-01,2015-12-30,MNST,Monster Beverage
2016-01-01,2015-12-30,MYL,Mylan
2016-01-01,2015-12-30,NTAP,NetApp
2016-01-01,2015-12-30,NFLX,Netflix
2016-01-01,2015-12-30,NCLH,Norwegian Cruise Line
2016-01-01,2015-12-30,NVDA,Nvidia
2016-01-01,2015-12-30,NXPI,NXP Semiconductors
2016-01-01,2015-12-30,ORLY,O'Reilly Auto Parts
2016-01-01,2015-12-30,PCAR,Paccar
2016-01-01,2015-12-30,PYPL,PayPal
2016-01-01,2015-12-30,PAYX,Paychex
2016-01-01,2015-12-30,QCOM,Qualcomm
2016-01-01,2015-12-30,REGN,Regeneron Pharmaceuticals
2016-01-01,2015-12-30,ROST,Ross Stores
2016-01-01,2015-12-30,SNDK,SanDisk
2016-01-01,2015-12-30,SBAC,SBA Communications
2016-01-01,2015-12-30,STX,Seagate Technology
2016-01-01,2015-12-30,SIRI,Sirius XM Radio
2016-01-01,2015-12-30,SWKS,Skyworks Solutions
2016-01-01,2015-12-30,SBUX,Starbucks
2016-01-01,2015-12-30,SRCL,Stericycle
2016-01-01,2015-12-30,SYMC,Symantec
2016-01-01,2015-12-30,TSLA,"Tesla Motors, Inc."
2016-01-01,2015-12-30,TXN,Texas Instruments
2016-01-01,2015-12-30,PCLN,The Priceline Group
2016-01-01,2015-12-30,TMUS,T-Mobile US
2016-01-01,2015-12-30,TSCO,Tractor Supply Company
2016-01-01,2015-12-30,TRIP,TripAdvisor
2016-01-01,2015-12-30,ULTA,Ulta Beauty
2016-01-01,2015-12-30,VRSK,Verisk Analytics
2016-01-01,2015-12-30,VRTX,Vertex Pharmaceuticals
2016-01-01,2015-12-30,VIAB,Viacom
2016-01-01,2015-12-30,VOD,Vodafone
2016-01-01,2015-12-30,WBA,Walgreens Boots Alliance
2016-01-01,2015-12-30,WDC,Western Digital
2016-01-01,2015-12-30,WFM,Whole Foods Market
2016-01-01,2015-12-30,XLNX,Xilinx
2016-01-01,2015-12-30,YHOO,Yahoo!
2016-04-01,2016-03-28,FOXA,21st Century Fox
2016-04-01,2016-03-28,FOX,21st Century Fox
2016-04-01,2016-03-28,ATVI,Activision Blizzard
2016-04-01,2016-03-28,ADBE,Adobe Systems
2016-04-01,2016-03-28,AKAM,Akamai Technologies
2016-04-01,2016-03-28,ALXN,Alexion Pharmaceuticals
2016-04-01,2016-03-28,GOOGL,Alphabet Inc.
2016-04-01,2016-03-28,GOOG,Alphabet Inc.
2016-04-01,2016-03-28,AMZN,Amazon.com
2016-04-01,2016-03-28,AAL,American Airlines Group
2016-04-01,2016-03-28,AMGN,Amgen
2016-04-01,2016-03-28,ADI,Analog Devices
2016-04-01,2016-03-28,AAPL,Apple Inc.
2016-04-01,2016-03-28,AMAT,Applied Materials
2016-04-01,2016-03-28,ADSK,Autodesk
2016-04-01,2016-03-28,ADP,Automatic Data Processing
2016-04-01,2016-03-28,BIDU,Baidu
2016-04-01,2016-03-28,BBBY,Bed Bath & Beyond
2016-04-01,2016-03-28,BIIB,Biogen
2016-04-01,2016-03-28,BMRN,BioMarin Pharmaceutical
2016-04-01,2016-03-28,AVGO,Broadcom Limited
2016-04-01,2016-03-28,CA,CA Technologies
2016-04-01,2016-03-28,CELG,Celgene
2016-04-01,2016-03-28,CERN,Cerner
2016-04-01,2016-03-28,CHTR,Charter Communications
2016-04-01,2016-03-28,CHKP,Check Point
2016-04-01,2016-03-28,CSCO,Cisco Systems
2016-04-01,2016-03-28,CTXS,Citrix Systems
2016-04-01,2016-03-28,CTSH,Cognizant Technology Solutions
2016-04-01,2016-03-28,CMCSA,Comcast
2016-04-01,2016-03-28,COST,Costco
2016-04-01,2016-03-28,CSX,CSX Corporation
2016-04-01,2016-03-28,CTRP,Ctrip
2016-04-01,2016-03-28,DISCA,Discovery Communications
2016-04-01,2016-03-28,DISCK,Discovery Communications
2016-04-01,2016-03-28,DISH,Dish Network
2016-04-01,2016-03-28,DLTR,Dollar Tree
2016-04-01,2016-03-28,EBAY,eBay
2016-04-01,2016-03-28,EA,Electronic Arts
2016-04-01,2016-03-28,ENDP,Endo International
2016-04-01,2016-03-28,EXPE,"Expedia, Inc."
2016-04-01,2016-03-28,ESRX,Express Scripts
2016-04-01,2016-03-28,FB,"Facebook, Inc."
2016-04-01,2016-03-28,FAST,Fastenal
2016-04-01,2016-03-28,FISV,Fiserv
2016-04-01,2016-03-28,GILD,Gilead Sciences
2016-04-01,2016-03-28,HSIC,Henry Schein
2016-04-01,2016-03-28,ILMN,Illumina (company)
2016-04-01,2016-03-28,INCY,Incyte
2016-04-01,2016-03-28,INTC,Intel Corporation
2016-04-01,2016-03-28,INTU,Intuit
2016-04-01,2016-03-28,ISRG,Intuitive Surgical
2016-04-01,2016-03-28,JD,JD.com
2016-04-01,2016-03-28,KHC,Kraft Heinz Company
2016-04-01,2016-03-28,LRCX,Lam Research
2016-04-01,2016-03-28,LBTYA,Liberty Global
2016-04-01,2016-03-28,LBTYK,Liberty Global
2016-04-01,2016-03-28,QVCA,Liberty Interactive
2016-04-01,2016-03-28,LMCK,Liberty Media
2016-04-01,2016-03-28,LMCA,Liberty Media
2016-04-01,2016-03-28,LVNTA,Liberty Interactive
2016-04-01,2016-03-28,LLTC,Linear Technology
2016-04-01,2016-03-28,MAR,Marriott International
2016-04-01,2016-03-28,MAT,Mattel
2016-04-01,2016-03-28,MXIM,Maxim Integrated Products
2016-04-01,2016-03-28,MU,Micron Technology
2016-04-01,2016-03-28,MSFT,Microsoft
2016-04-01,2016-03-28,MDLZ,Mondelēz International
2016-04-01,2016-03-28,MNST,Monster Beverage
2016-04-01,2016-03-28,MYL,Mylan
2016-04-01,2016-03-28,NTAP,NetApp
2016-04-01,2016-03-28,NTES,NetEase
2016-04-01,2016-03-28,NFLX,Netflix
2016-04-01,2016-03-28,NCLH,Norwegian Cruise Line
2016-04-01,2016-03-28,NVDA,Nvidia
2016-04-01,2016-03-28,NXPI,NXP Semiconductors
2016-04-01,2016-03-28,ORLY,O'Reilly Auto Parts
2016-04-01,2016-03-28,PCAR,Paccar
2016-04-01,2016-03-28,PYPL,PayPal
2016-04-01,2016-03-28,PAYX,Paychex
2016-04-01,2016-03-28,QCOM,Qualcomm
2016-04-01,2016-03-28,REGN,Regeneron Pharmaceuticals
2016-04-01,2016-03-28,ROST,Ross Stores
2016-04-01,2016-03-28,SBAC,SBA Communications
2016-04-01,2016-03-28,STX,Seagate Technology
2016-04-01,2016-03-28,SIRI,Sirius XM Radio
2016-04-01,2016-03-28,SWKS,Skyworks Solutions
2016-04-01,2016-03-28,SBUX,Starbucks
2016-04-01,2016-03-28,SRCL,Stericycle
2016-04-01,2016-03-28,SYMC,Symantec
2016-04-01,2016-03-28,TSLA,"Tesla Motors, Inc."
2016-04-01,2016-03-28,TXN,Texas Instruments
2016-04-01,2016-03-28,PCLN,The Priceline Group
2016-04-01,2016-03-28,TMUS,T-Mobile US
2016-04-01,2016-03-28,TSCO,Tractor Supply Company
2016-04-01,2016-03-28,TRIP,TripAdvisor
2016-04-01,2016-03-28,ULTA,Ulta Beauty
2016-04-01,2016-03-28,VRSK,Verisk Analytics
2016-04-01,2016-03-28,VRTX,Vertex Pharmaceuticals
2016-04-01,2016-03-28,VIAB,Viacom
2016-04-01,2016-03-28,VOD,Vodafone
2016-04-01,2016-03-28,WBA,Walgreens Boots Alliance
2016-04-01,2016-03-28,WDC,Western Digital
2016-04-01,2016-03-28,WFM,Whole Foods Market
2016-04-01,2016-03-28,XLNX,Xilinx
2016-04-01,2016-03-28,YHOO,Yahoo!
2016-07-01,2016-06-11,FOXA,21st Century Fox
2016-07-01,2016-06-11,FOX,21st Century Fox
2016-07-01,2016-06-11,ATVI,Activision Blizzard
2016-07-01,2016-06-11,ADBE,Adobe Systems
2016-07-01,2016-06-11,AKAM,Akamai Technologies
2016-07-01,2016-06-11,ALXN,Alexion Pharmaceuticals
2016-07-01,2016-06-11,GOOGL,Alphabet Inc.
2016-07-01,2016-06-11,GOOG,Alphabet Inc.
2016-07-01,2016-06-11,AMZN,Amazon.com
2016-07-01,2016-06-11,AAL,American Airlines Group
2016-07-01,2016-06-11,AMGN,Amgen
2016-07-01,2016-06-11,ADI,Analog Devices
2016-07-01,2016-06-11,AAPL,Apple Inc.
2016-07-01,2016-06-11,AMAT,Applied Materials
2016-07-01,2016-06-11,ADSK,Autodesk
2016-07-01,2016-06-11,ADP,Automatic Data Processing
2016-07-01,2016-06-11,BIDU,Baidu
2016-07-01,2016-06-11,BBBY,Bed Bath & Beyond
2016-07-01,2016-06-11,BIIB,Biogen
2016-07-01,2016-06-11,BMRN,BioMarin Pharmaceutical
2016-07-01,2016-06-11,AVGO,Broadcom Limited
2016-07-01,2016-06-11,CA,CA Technologies
2016-07-01,2016-06-11,CELG,Celgene
2016-07-01,2016-06-11,CERN,Cerner
2016-07-01,2016-06-11,CHTR,Charter Communications
2016-07-01,2016-06-11,CHKP,Check Point
2016-07-01,2016-06-11,CSCO,Cisco Systems
2016-07-01,2016-06-11,CTXS,Citrix Systems
2016-07-01,2016-06-11,CTSH,Cognizant Technology Solutions
2016-07-01,2016-06-11,CMCSA,Comcast
2016-07-01,2016-06-11,COST,Costco
2016-07-01,2016-06-11,CSX,CSX Corporation
2016-07-01,2016-06-11,CTRP,Ctrip
2016-07-01,2016-06-11,DISCA,Discovery Communications
2016-07-01,2016-06-11,DISCK,Discovery Communications
2016-07-01,2016-06-11,DISH,Dish Network
2016-07-01,2016-06-11,DLTR,Dollar Tree
2016-07-01,2016-06-11,EBAY,eBay
2016-07-01,2016-06-11,EA,Electronic Arts
2016-07-01,2016-06-11,ENDP,Endo International
2016-07-01,2016-06-11,EXPE,"Expedia, Inc."
2016-07-01,2016-06-11,ESRX,Express Scripts
2016-07-01,2016-06-11,FB,"Facebook, Inc."
2016-07-01,2016-06-11,FAST,Fastenal
2016-07-01,2016-06-11,FISV,Fiserv
2016-07-01,2016-06-11,GILD,Gilead Sciences
2016-07-01,2016-06-11,HSIC,Henry Schein
2016-07-01,2016-06-11,ILMN,Illumina (company)
2016-07-01,2016-06-11,INCY,Incyte
2016-07-01,2016-06-11,INTC,Intel Corporation
2016-07-01,2016-06-11,INTU,Intuit
2016-07-01,2016-06-11,ISRG,Intuitive Surgical
2016-07-01,2016-06-11,JD,JD.com
2016-07-01,2016-06-11,KHC,Kraft Heinz Company
2016-07-01,2016-06-11,LRCX,Lam Research
2016-07-01,2016-06-11,BATRA,Atlanta Braves
2016-07-01,2016-06-11,BATRK,Atlanta Braves
2016-07-01,2016-06-11,LBTYA,Liberty Global
2016-07-01,2016-06-11,LBTYK,Liberty Global
2016-07-01,2016-06-11,QVCA,Liberty Interactive
2016-07-01,2016-06-11,LMCK,Liberty Media
2016-07-01,2016-06-11,LMCA,Liberty Media
2016-07-01,2016-06-11,LVNTA,Liberty Interactive
2016-07-01,2016-06-11,LLTC,Linear Technology
2016-07-01,2016-06-11,MAR,Marriott International
2016-07-01,2016-06-11,MAT,Mattel
2016-07-01,2016-06-11,MXIM,Maxim Integrated Products
2016-07-01,2016-06-11,MU,Micron Technology
2016-07-01,2016-06-11,MSFT,Microsoft
2016-07-01,2016-06-11,MDLZ,Mondelēz International
2016-07-01,2016-06-11,MNST,Monster Beverage
2016-07-01,2016-06-11,MYL,Mylan
2016-07-01,2016-06-11,NTAP,NetApp
2016-07-01,2016-06-11,NTES,NetEase
2016-07-01,2016-06-11,NFLX,Netflix
2016-07-01,2016-06-11,NCLH,Norwegian Cruise Line
2016-07-01,2016-06-11,NVDA,Nvidia
2016-07-01,2016-06-11,NXPI,NXP Semiconductors
2016-07-01,2016-06-11,ORLY,O'Reilly Auto Parts
2016-07-01,2016-06-11,PCAR,Paccar
2016-07-01,2016-06-11,PYPL,PayPal
2016-07-01,2016-06-11,PAYX,Paychex
2016-07-01,2016-06-11,QCOM,Qualcomm
2016-07-01,2016-06-11,REGN,Regeneron Pharmaceuticals
2016-07-01,2016-06-11,ROST,Ross Stores
2016-07-01,2016-06-11,SBAC,SBA Communications
2016-07-01,2016-06-11,STX,Seagate Technology
2016-07-01,2016-06-11,SIRI,Sirius XM Radio
2016-07-01,2016-06-11,SWKS,Skyworks Solutions
2016-07-01,2016-06-11,SBUX,Starbucks
2016-07-01,2016-06-11,SRCL,Stericycle
2016-07-01,2016-06-11,SYMC,Symantec
2016-07-01,2016-06-11,TSLA,"Tesla Motors, Inc."
2016-07-01,2016-06-11,TXN,Texas Instruments
2016-07-01,2016-06-11,PCLN,The Priceline Group
2016-07-01,2016-06-11,TMUS,T-Mobile US
2016-07-01,2016-06-11,TSCO,Tractor Supply Company
2016-07-01,2016-06-11,TRIP,TripAdvisor
2016-07-01,2016-06-11,ULTA,Ulta Beauty
2016-07-01,2016-06-11,VRSK,Verisk Analytics
2016-07-01,2016-06-11,VRTX,Vertex Pharmaceuticals
2016-07-01,2016-06-11,VIAB,Viacom
2016-07-01,2016-06-11,VOD,Vodafone
2016-07-01,2016-06-11,WBA,Walgreens Boots Alliance
2016-07-01,2016-06-11,WDC,Western Digital
2016-07-01,2016-06-11,WFM,Whole Foods Market
2016-07-01,2016-06-11,XLNX,Xilinx
2016-07-01,2016-06-11,YHOO,Yahoo!
2016-10-01,2016-09-23,FOXA,21st Century Fox
2016-10-01,2016-09-23,FOX,21st Century Fox
2016-10-01,2016-09-23,ATVI,Activision Blizzard
2016-10-01,2016-09-23,ADBE,Adobe Systems
2016-10-01,2016-09-23,AKAM,Akamai Technologies
2016-10-01,2016-09-23,ALXN,Alexion Pharmaceuticals
2016-10-01,2016-09-23,GOOGL,Alphabet Inc.
2016-10-01,2016-09-23,GOOG,Alphabet Inc.
2016-10-01,2016-09-23,AMZN,Amazon.com
2016-10-01,2016-09-23,AAL,American Airlines Group
2016-10-01,2016-09-23,AMGN,Amgen
2016-10-01,2016-09-23,ADI,Analog Devices
2016-10-01,2016-09-23,AAPL,Apple Inc.
2016-10-01,2016-09-23,AMAT,Applied Materials
2016-10-01,2016-09-23,ADSK,Autodesk
2016-10-01,2016-09-23,ADP,Automatic Data Processing
2016-10-01,2016-09-23,BIDU,Baidu
2016-10-01,2016-09-23,BBBY,Bed Bath & Beyond
2016-10-01,2016-09-23,BIIB,Biogen
2016-10-01,2016-09-23,BMRN,BioMarin Pharmaceutical
2016-10-01,2016-09-23,AVGO,Broadcom Limited
2016-10-01,2016-09-23,CA,CA Technologies
2016-10-01,2016-09-23,CELG,Celgene
2016-10-01,2016-09-23,CERN,Cerner
2016-10-01,2016-09-23,CHTR,Charter Communications
2016-10-01,2016-09-23,CHKP,Check Point
2016-10-01,2016-09-23,CSCO,Cisco Systems
2016-10-01,2016-09-23,CTXS,Citrix Systems
2016-10-01,2016-09-23,CTSH,Cognizant Technology Solutions
2016-10-01,2016-09-23,CMCSA,Comcast
2016-10-01,2016-09-23,COST,Costco
2016-10-01,2016-09-23,CSX,CSX Corporation
2016-10-01,2016-09-23,CTRP,Ctrip
2016-10-01,2016-09-23,DISCA,Discovery Communications
2016-10-01,2016-09-23,DISCK,Discovery Communications
2016-10-01,2016-09-23,DISH,Dish Network
2016-10-01,2016-09-23,DLTR,Dollar Tree
2016-10-01,2016-09-23,EBAY,eBay
2016-10-01,2016-09-23,EA,Electronic Arts
2016-10-01,2016-09-23,ENDP,Endo International
2016-10-01,2016-09-23,EXPE,"Expedia, Inc."
2016-10-01,2016-09-23,ESRX,Express Scripts
2016-10-01,2016-09-23,FB,"Facebook, Inc."
2016-10-01,2016-09-23,FAST,Fastenal
2016-10-01,2016-09-23,FISV,Fiserv
2016-10-01,2016-09-23,GILD,Gilead Sciences
2016-10-01,2016-09-23,HSIC,Henry Schein
2016-10-01,2016-09-23,ILMN,Illumina (company)
2016-10-01,2016-09-23,INCY,Incyte
2016-10-01,2016-09-23,INTC,Intel Corporation
2016-10-01,2016-09-23,INTU,Intuit
2016-10-01,2016-09-23,ISRG,Intuitive Surgical
2016-10-01,2016-09-23,JD,JD.com
2016-10-01,2016-09-23,KHC,Kraft Heinz Company
2016-10-01,2016-09-23,LRCX,Lam Research
2016-10-01,2016-09-23,BATRA,Atlanta Braves
2016-10-01,2016-09-23,BATRK,Atlanta Braves
2016-10-01,2016-09-23,LBTYA,Liberty Global
2016-10-01,2016-09-23,LBTYK,Liberty Global
2016-10-01,2016-09-23,QVCA,Liberty Interactive
2016-10-01,2016-09-23,LMCK,Liberty Media
2016-10-01,2016-09-23,LMCA,Liberty Media
2016-10-01,2016-09-23,LVNTA,Liberty Interactive
2016-10-01,2016-09-23,LLTC,Linear Technology
2016-10-01,2016-09-23,MAR,Marriott International
2016-10-01,2016-09-23,MAT,Mattel
2016-10-01,2016-09-23,MXIM,Maxim Integrated Products
2016-10-01,2016-09-23,MU,Micron Technology
2016-10-01,2016-09-23,MSFT,Microsoft
2016-10-01,2016-09-23,MDLZ,Mondelēz International
2016-10-01,2016-09-23,MNST,Monster Beverage
2016-10-01,2016-09-23,MYL,Mylan
2016-10-01,2016-09-23,NTAP,NetApp
2016-10-01,2016-09-23,NTES,NetEase
2016-10-01,2016-09-23,NFLX,Netflix
2016-10-01,2016-09-23,NCLH,Norwegian Cruise Line
2016-10-01,2016-09-23,NVDA,Nvidia
2016-10-01,2016-09-23,NXPI,NXP Semiconductors
2016-10-01,2016-09-23,ORLY,O'Reilly Auto Parts
2016-10-01,2016-09-23,PCAR,Paccar
2016-10-01,2016-09-23,PYPL,PayPal
2016-10-01,2016-09-23,PAYX,Paychex
2016-10-01,2016-09-23,QCOM,Qualcomm
2016-10-01,2016-09-23,REGN,Regeneron Pharmaceuticals
2016-10-01,2016-09-23,ROST,Ross Stores
2016-10-01,2016-09-23,SBAC,SBA Communications
2016-10-01,2016-09-23,STX,Seagate Technology
2016-10-01,2016-09-23,SIRI,Sirius XM Radio
2016-10-01,2016-09-23,SWKS,Skyworks Solutions
2016-10-01,2016-09-23,SBUX,Starbucks
2016-10-01,2016-09-23,SRCL,Stericycle
2016-10-01,2016-09-23,SYMC,Symantec
2016-10-01,2016-09-23,TSLA,"Tesla Motors, Inc."
2016-10-01,2016-09-23,TXN,Texas Instruments
2016-10-01,2016-09-23,PCLN,The Priceline Group
2016-10-01,2016-09-23,TMUS,T-Mobile US
2016-10-01,2016-09-23,TSCO,Tractor Supply Company
2016-10-01,2016-09-23,TRIP,TripAdvisor
2016-10-01,2016-09-23,ULTA,Ulta Beauty
2016-10-01,2016-09-23,VRSK,Verisk Analytics
2016-10-01,2016-09-23,VRTX,Vertex Pharmaceuticals
2016-10-01,2016-09-23,VIAB,Viacom
2016-10-01,2016-09-23,VOD,Vodafone
2016-10-01,2016-09-23,WBA,Walgreens Boots Alliance
2016-10-01,2016-09-23,WDC,Western Digital
2016-10-01,2016-09-23,WFM,Whole Foods Market
2016-10-01,2016-09-23,XLNX,Xilinx
2016-10-01,2016-09-23,YHOO,Yahoo!
2017-01-01,2016-12-28,ATVI,Activision Blizzard
2017-01-01,2016-12-28,ADBE,Adobe Systems
2017-01-01,2016-12-28,AKAM,Akamai Technologies
2017-01-01,2016-12-28,ALXN,Alexion Pharmaceuticals
2017-01-01,2016-12-28,GOOGL,Alphabet Inc.
2017-01-01,2016-12-28,GOOG,Alphabet Inc.
2017-01-01,2016-12-28,AMZN,Amazon.com
2017-01-01,2016-12-28,AAL,American Airlines Group
2017-01-01,2016-12-28,AMGN,Amgen
2017-01-01,2016-12-28,ADI,Analog Devices
2017-01-01,2016-12-28,AAPL,Apple Inc.
2017-01-01,2016-12-28,AMAT,Applied Materials
2017-01-01,2016-12-28,ADSK,Autodesk
2017-01-01,2016-12-28,ADP,Automatic Data Processing
2017-01-01,2016-12-28,BIDU,Baidu
2017-01-01,2016-12-28,BIIB,Biogen
2017-01-01,2016-12-28,BMRN,BioMarin Pharmaceutical
2017-01-01,2016-12-28,AVGO,Broadcom Limited
2017-01-01,2016-12-28,CA,CA Technologies
2017-01-01,2016-12-28,CELG,Celgene
2017-01-01,2016-12-28,CERN,Cerner
2017-01-01,2016-12-28,CHTR,Charter Communications
2017-01-01,2016-12-28,CHKP,Check Point
2017-01-01,2016-12-28,CTAS,Cintas
2017-01-01,2016-12-28,CSCO,Cisco Systems
2017-01-01,2016-12-28,CTXS,Citrix Systems
2017-01-01,2016-12-28,CTSH,Cognizant Technology Solutions
2017-01-01,2016-12-28,CMCSA,Comcast
2017-01-01,2016-12-28,COST,Costco
2017-01-01,2016-12-28,CSX,CSX Corporation
2017-01-01,2016-12-28,CTRP,Ctrip
2017-01-01,2016-12-28,XRAY,Dentsply Sirona
2017-01-01,2016-12-28,DISCA,Discovery Communications
2017-01-01,2016-12-28,DISCK,Discovery Communications
2017-01-01,2016-12-28,DISH,Dish Network
2017-01-01,2016-12-28,DLTR,Dollar Tree
2017-01-01,2016-12-28,EBAY,eBay
2017-01-01,2016-12-28,EA,Electronic Arts
2017-01-01,2016-12-28,EXPE,"Expedia, Inc."
2017-01-01,2016-12-28,ESRX,Express Scripts
2017-01-01,2016-12-28,FB,"Facebook, Inc."
2017-01-01,2016-12-28,FAST,Fastenal
2017-01-01,2016-12-28,FISV,Fiserv
2017-01-01,2016-12-28,GILD,Gilead Sciences
2017-01-01,2016-12-28,HAS,Hasbro
2017-01-01,2016-12-28,HSIC,Henry Schein
2017-01-01,2016-12-28,HOLX,Hologic
2017-01-01,2016-12-28,ILMN,Illumina (company)
2017-01-01,2016-12-28,INCY,Incyte
2017-01-01,2016-12-28,INTC,Intel Corporation
2017-01-01,2016-12-28,INTU,Intuit
2017-01-01,2016-12-28,ISRG,Intuitive Surgical
2017-01-01,2016-12-28,JD,JD.com
2017-01-01,2016-12-28,KLAC,KLA-Tencor
2017-01-01,2016-12-28,LRCX,Lam Research
2017-01-01,2016-12-28,LBTYA,Liberty Global
2017-01-01,2016-12-28,LBTYK,Liberty Global
2017-01-01,2016-12-28,LVNTA,Liberty Interactive
2017-01-01,2016-12-28,QVCA,Liberty Interactive
2017-01-01,2016-12-28,MAR,Marriott International
2017-01-01,2016-12-28,MAT,Mattel
2017-01-01,2016-12-28,MXIM,Maxim Integrated Products
2017-01-01,2016-12-28,MCHP,Microchip Technology
2017-01-01,2016-12-28,MU,Micron Technology
2017-01-01,2016-12-28,MSFT,Microsoft
2017-01-01,2016-12-28,MDLZ,Mondelēz International
2017-01-01,2016-12-28,MNST,Monster Beverage
2017-01-01,2016-12-28,MYL,Mylan
2017-01-01,2016-12-28,NTES,NetEase
2017-01-01,2016-12-28,NFLX,Netflix
2017-01-01,2016-12-28,NCLH,Norwegian Cruise Line
2017-01-01,2016-12-28,NVDA,Nvidia
2017-01-01,2016-12-28,NXPI,NXP Semiconductors
2017-01-01,2016-12-28,ORLY,O'Reilly Auto Parts
2017-01-01,2016-12-28,PCAR,Paccar
2017-01-01,2016-12-28,PAYX,Paychex
2017-01-01,2016-12-28,PYPL,PayPal
2017-01-01,2016-12-28,QCOM,Qualcomm
2017-01-01,2016-12-28,REGN,Regeneron Pharmaceuticals
2017-01-01,2016-12-28,ROST,Ross Stores
2017-01-01,2016-12-28,SBAC,SBA Communications
2017-01-01,2016-12-28,STX,Seagate Technology
2017-01-01,2016-12-28,SHPG,Shire plc
2017-01-01,2016-12-28,SIRI,Sirius XM Radio
2017-01-01,2016-12-28,SWKS,Skyworks Solutions
2017-01-01,2016-12-28,SBUX,Starbucks
2017-01-01,2016-12-28,SYMC,Symantec
2017-01-01,2016-12-28,TMUS,T-Mobile US
2017-01-01,2016-12-28,TSLA,"Tesla Motors, Inc."
2017-01-01,2016-12-28,TXN,Texas Instruments
2017-01-01,2016-12-28,KHC,The Kraft Heinz Company
2017-01-01,2016-12-28,PCLN,The Priceline Group
2017-01-01,2016-12-28,TSCO,Tractor Supply Company
2017-01-01,2016-12-28,TRIP,TripAdvisor
2017-01-01,2016-12-28,FOXA,Twenty-First Century Fox
2017-01-01,2016-12-28,FOX,Twenty-First Century Fox
2017-01-01,2016-12-28,ULTA,Ulta Beauty
2017-01-01,2016-12-28,VRSK,Verisk Analytics
2017-01-01,2016-12-28,VRTX,Vertex Pharmaceuticals
2017-01-01,2016-12-28,VIAB,Viacom
2017-01-01,2016-12-28,VOD,Vodafone
2017-01-01,2016-12-28,WBA,Walgreens Boots Alliance
2017-01-01,2016-12-28,WDC,Western Digital
2017-01-01,2016-12-28,XLNX,Xilinx
2017-01-01,2016-12-28,YHOO,Yahoo!
2017-04-01,2017-03-31,ATVI,Activision Blizzard
2017-04-01,2017-03-31,ADBE,Adobe Systems
2017-04-01,2017-03-31,AKAM,Akamai Technologies
2017-04-01,2017-03-31,ALXN,Alexion Pharmaceuticals
2017-04-01,2017-03-31,GOOGL,Alphabet Inc.
2017-04-01,2017-03-31,GOOG,Alphabet Inc.
2017-04-01,2017-03-31,AMZN,Amazon.com
2017-04-01,2017-03-31,AAL,American Airlines Group
2017-04-01,2017-03-31,AMGN,Amgen
2017-04-01,2017-03-31,ADI,Analog Devices
2017-04-01,2017-03-31,AAPL,Apple Inc.
2017-04-01,2017-03-31,AMAT,Applied Materials
2017-04-01,2017-03-31,ADSK,Autodesk
2017-04-01,2017-03-31,ADP,Automatic Data Processing
2017-04-01,2017-03-31,BIDU,Baidu
2017-04-01,2017-03-31,BIIB,Biogen
2017-04-01,2017-03-31,BMRN,BioMarin Pharmaceutical
2017-04-01,2017-03-31,AVGO,Broadcom Limited
2017-04-01,2017-03-31,CA,CA Technologies
2017-04-01,2017-03-31,CELG,Celgene
2017-04-01,2017-03-31,CERN,Cerner
2017-04-01,2017-03-31,CHTR,Charter Communications
2017-04-01,2017-03-31,CHKP,Check Point
2017-04-01,2017-03-31,CTAS,Cintas
2017-04-01,2017-03-31,CSCO,Cisco Systems
2017-04-01,2017-03-31,CTXS,Citrix Systems
2017-04-01,2017-03-31,CTSH,Cognizant Technology Solutions
2017-04-01,2017-03-31,CMCSA,Comcast
2017-04-01,2017-03-31,COST,Costco
2017-04-01,2017-03-31,CSX,CSX Corporation
2017-04-01,2017-03-31,CTRP,Ctrip
2017-04-01,2017-03-31,XRAY,Dentsply Sirona
2017-04-01,2017-03-31,DISCA,Discovery Communications
2017-04-01,2017-03-31,DISCK,Discovery Communications
2017-04-01,2017-03-31,DISH,Dish Network
2017-04-01,2017-03-31,DLTR,Dollar Tree
2017-04-01,2017-03-31,EBAY,eBay
2017-04-01,2017-03-31,EA,Electronic Arts
2017-04-01,2017-03-31,EXPE,"Expedia, Inc."
2017-04-01,2017-03-31,ESRX,Express Scripts
2017-04-01,2017-03-31,FB,"Facebook, Inc."
2017-04-01,2017-03-31,FAST,Fastenal
2017-04-01,2017-03-31,FISV,Fiserv
2017-04-01,2017-03-31,GILD,Gilead Sciences
2017-04-01,2017-03-31,HAS,Hasbro
2017-04-01,2017-03-31,HSIC,Henry Schein
2017-04-01,2017-03-31,HOLX,Hologic
2017-04-01,2017-03-31,ILMN,Illumina (company)
2017-04-01,2017-03-31,INCY,Incyte
2017-04-01,2017-03-31,INTC,Intel Corporation
2017-04-01,2017-03-31,INTU,Intuit
2017-04-01,2017-03-31,ISRG,Intuitive Surgical
2017-04-01,2017-03-31,JD,JD.com
2017-04-01,2017-03-31,KLAC,KLA-Tencor
2017-04-01,2017-03-31,LRCX,Lam Research
2017-04-01,2017-03-31,LBTYA,Liberty Global
2017-04-01,2017-03-31,LBTYK,Liberty Global
2017-04-01,2017-03-31,LVNTA,Liberty Interactive
2017-04-01,2017-03-31,QVCA,Liberty Interactive
2017-04-01,2017-03-31,MAR,Marriott International
2017-04-01,2017-03-31,MAT,Mattel
2017-04-01,2017-03-31,MXIM,Maxim Integrated Products
2017-04-01,2017-03-31,MCHP,Microchip Technology
2017-04-01,2017-03-31,MU,Micron Technology
2017-04-01,2017-03-31,MSFT,Microsoft
2017-04-01,2017-03-31,MDLZ,Mondelēz International
2017-04-01,2017-03-31,MNST,Monster Beverage
2017-04-01,2017-03-31,MYL,Mylan
2017-04-01,2017-03-31,NTES,NetEase
2017-04-01,2017-03-31,NFLX,Netflix
2017-04-01,2017-03-31,NCLH,Norwegian Cruise Line
2017-04-01,2017-03-31,NVDA,Nvidia
2017-04-01,2017-03-31,NXPI,NXP Semiconductors
2017-04-01,2017-03-31,ORLY,O'Reilly Auto Parts
2017-04-01,2017-03-31,PCAR,Paccar
2017-04-01,2017-03-31,PAYX,Paychex
2017-04-01,2017-03-31,PYPL,PayPal
2017-04-01,2017-03-31,QCOM,Qualcomm
2017-04-01,2017-03-31,REGN,Regeneron Pharmaceuticals
2017-04-01,2017-03-31,ROST,Ross Stores
2017-04-01,2017-03-31,SBAC,SBA Communications
2017-04-01,2017-03-31,STX,Seagate Technology
2017-04-01,2017-03-31,SHPG,Shire plc
2017-04-01,2017-03-31,SIRI,Sirius XM Radio
2017-04-01,2017-03-31,SWKS,Skyworks Solutions
2017-04-01,2017-03-31,SBUX,Starbucks
2017-04-01,2017-03-31,SYMC,Symantec
2017-04-01,2017-03-31,TMUS,T-Mobile US
2017-04-01,2017-03-31,TSLA,"Tesla Motors, Inc."
2017-04-01,2017-03-31,TXN,Texas Instruments
2017-04-01,2017-03-31,KHC,The Kraft Heinz Company
2017-04-01,2017-03-31,PCLN,The Priceline Group
2017-04-01,2017-03-31,TSCO,Tractor Supply Company
2017-04-01,2017-03-31,TRIP,TripAdvisor
2017-04-01,2017-03-31,FOXA,Twenty-First Century Fox
2017-04-01,2017-03-31,FOX,Twenty-First Century Fox
2017-04-01,2017-03-31,ULTA,Ulta Beauty
2017-04-01,2017-03-31,VRSK,Verisk Analytics
2017-04-01,2017-03-31,VRTX,Vertex Pharmaceuticals
2017-04-01,2017-03-31,VIAB,Viacom
2017-04-01,2017-03-31,VOD,Vodafone
2017-04-01,2017-03-31,WBA,Walgreens Boots Alliance
2017-04-01,2017-03-31,WDC,Western Digital
2017-04-01,2017-03-31,XLNX,Xilinx
2017-04-01,2017-03-31,YHOO,Yahoo!
2017-07-01,2017-06-20,ATVI,Activision Blizzard
2017-07-01,2017-06-20,ADBE,Adobe Systems
2017-07-01,2017-06-20,AKAM,Akamai Technologies
2017-07-01,2017-06-20,ALXN,Alexion Pharmaceuticals
2017-07-01,2017-06-20,GOOGL,Alphabet Inc.
2017-07-01,2017-06-20,GOOG,Alphabet Inc.
2017-07-01,2017-06-20,AMZN,Amazon.com
2017-07-01,2017-06-20,AAL,American Airlines Group
2017-07-01,2017-06-20,AMGN,Amgen
2017-07-01,2017-06-20,ADI,Analog Devices
2017-07-01,2017-06-20,AAPL,Apple Inc.
2017-07-01,2017-06-20,AMAT,Applied Materials
2017-07-01,2017-06-20,ADSK,Autodesk
2017-07-01,2017-06-20,ADP,Automatic Data Processing
2017-07-01,2017-06-20,BIDU,Baidu
2017-07-01,2017-06-20,BIIB,Biogen
2017-07-01,2017-06-20,BMRN,BioMarin Pharmaceutical
2017-07-01,2017-06-20,AVGO,Broadcom Limited
2017-07-01,2017-06-20,CA,CA Technologies
2017-07-01,2017-06-20,CELG,Celgene
2017-07-01,2017-06-20,CERN,Cerner
2017-07-01,2017-06-20,CHTR,Charter Communications
2017-07-01,2017-06-20,CHKP,Check Point
2017-07-01,2017-06-20,CTAS,Cintas
2017-07-01,2017-06-20,CSCO,Cisco Systems
2017-07-01,2017-06-20,CTXS,Citrix Systems
2017-07-01,2017-06-20,CTSH,Cognizant Technology Solutions
2017-07-01,2017-06-20,CMCSA,Comcast
2017-07-01,2017-06-20,COST,Costco
2017-07-01,2017-06-20,CSX,CSX Corporation
2017-07-01,2017-06-20,CTRP,Ctrip
2017-07-01,2017-06-20,XRAY,Dentsply Sirona
2017-07-01,2017-06-20,DISCA,Discovery Communications
2017-07-01,2017-06-20,DISCK,Discovery Communications
2017-07-01,2017-06-20,DISH,Dish Network
2017-07-01,2017-06-20,DLTR,Dollar Tree
2017-07-01,2017-06-20,EBAY,eBay
2017-07-01,2017-06-20,EA,Electronic Arts
2017-07-01,2017-06-20,EXPE,"Expedia, Inc."
2017-07-01,2017-06-20,ESRX,Express Scripts
2017-07-01,2017-06-20,FB,"Facebook, Inc."
2017-07-01,2017-06-20,FAST,Fastenal
2017-07-01,2017-06-20,FISV,Fiserv
2017-07-01,2017-06-20,GILD,Gilead Sciences
2017-07-01,2017-06-20,HAS,Hasbro
2017-07-01,2017-06-20,HSIC,Henry Schein
2017-07-01,2017-06-20,HOLX,Hologic
2017-07-01,2017-06-20,IDXX,Idexx Laboratories
2017-07-01,2017-06-20,ILMN,Illumina (company)
2017-07-01,2017-06-20,INCY,Incyte
2017-07-01,2017-06-20,INTC,Intel Corporation
2017-07-01,2017-06-20,INTU,Intuit
2017-07-01,2017-06-20,ISRG,Intuitive Surgical
2017-07-01,2017-06-20,JBHT,J. B. Hunt
2017-07-01,2017-06-20,JD,JD.com
2017-07-01,2017-06-20,KLAC,KLA-Tencor
2017-07-01,2017-06-20,LRCX,Lam Research
2017-07-01,2017-06-20,LBTYA,Liberty Global
2017-07-01,2017-06-20,LBTYK,Liberty Global
2017-07-01,2017-06-20,LILA,Liberty Global
2017-07-01,2017-06-20,LILAK,Liberty Global
2017-07-01,2017-06-20,LVNTA,Liberty Interactive
2017-07-01,2017-06-20,QVCA,Liberty Interactive
2017-07-01,2017-06-20,MAR,Marriott International
2017-07-01,2017-06-20,MAT,Mattel
2017-07-01,2017-06-20,MXIM,Maxim Integrated Products
2017-07-01,2017-06-20,MELI,MercadoLibre
2017-07-01,2017-06-20,MCHP,Microchip Technology
2017-07-01,2017-06-20,MU,Micron Technology
2017-07-01,2017-06-20,MSFT,Microsoft
2017-07-01,2017-06-20,MDLZ,Mondelēz International
2017-07-01,2017-06-20,MNST,Monster Beverage
2017-07-01,2017-06-20,MYL,Mylan
2017-07-01,2017-06-20,NTES,NetEase
2017-07-01,2017-06-20,NFLX,Netflix
2017-07-01,2017-06-20,NCLH,Norwegian Cruise Line
2017-07-01,2017-06-20,NVDA,Nvidia
2017-07-01,2017-06-20,ORLY,O'Reilly Auto Parts
2017-07-01,2017-06-20,PCAR,Paccar
2017-07-01,2017-06-20,PAYX,Paychex
2017-07-01,2017-06-20,PYPL,PayPal
2017-07-01,2017-06-20,QCOM,Qualcomm
2017-07-01,2017-06-20,REGN,Regeneron Pharmaceuticals
2017-07-01,2017-06-20,ROST,Ross Stores
2017-07-01,2017-06-20,STX,Seagate Technology
2017-07-01,2017-06-20,SHPG,Shire plc
2017-07-01,2017-06-20,SIRI,Sirius XM Radio
2017-07-01,2017-06-20,SWKS,Skyworks Solutions
2017-07-01,2017-06-20,SBUX,Starbucks
2017-07-01,2017-06-20,SYMC,Symantec
2017-07-01,2017-06-20,TMUS,T-Mobile US
2017-07-01,2017-06-20,TSLA,"Tesla Motors, Inc."
2017-07-01,2017-06-20,TXN,Texas Instruments
2017-07-01,2017-06-20,KHC,The Kraft Heinz Company
2017-07-01,2017-06-20,PCLN,The Priceline Group
2017-07-01,2017-06-20,TSCO,Tractor Supply Company
2017-07-01,2017-06-20,FOXA,Twenty-First Century Fox
2017-07-01,2017-06-20,FOX,Twenty-First Century Fox
2017-07-01,2017-06-20,ULTA,Ulta Beauty
2017-07-01,2017-06-20,VRSK,Verisk Analytics
2017-07-01,2017-06-20,VRTX,Vertex Pharmaceuticals
2017-07-01,2017-06-20,VIAB,Viacom
2017-07-01,2017-06-20,VOD,Vodafone
2017-07-01,2017-06-20,WBA,Walgreens Boots Alliance
2017-07-01,2017-06-20,WDC,Western Digital
2017-07-01,2017-06-20,WYNN,Wynn Resorts
2017-07-01,2017-06-20,XLNX,"Xilinx, Inc."
2017-10-01,2017-09-29,ATVI,Activision Blizzard
2017-10-01,2017-09-29,ADBE,Adobe Systems
2017-10-01,2017-09-29,AKAM,Akamai Technologies
2017-10-01,2017-09-29,ALXN,Alexion Pharmaceuticals
2017-10-01,2017-09-29,GOOGL,Alphabet Inc.
2017-10-01,2017-09-29,GOOG,Alphabet Inc.
2017-10-01,2017-09-29,AMZN,Amazon.com
2017-10-01,2017-09-29,AAL,American Airlines Group
2017-10-01,2017-09-29,AMGN,Amgen
2017-10-01,2017-09-29,ADI,Analog Devices
2017-10-01,2017-09-29,AAPL,Apple Inc.
2017-10-01,2017-09-29,AMAT,Applied Materials
2017-10-01,2017-09-29,ADSK,Autodesk
2017-10-01,2017-09-29,ADP,Automatic Data Processing
2017-10-01,2017-09-29,BIDU,Baidu
2017-10-01,2017-09-29,BIIB,Biogen
2017-10-01,2017-09-29,BMRN,BioMarin Pharmaceutical
2017-10-01,2017-09-29,AVGO,Broadcom Limited
2017-10-01,2017-09-29,CA,CA Technologies
2017-10-01,2017-09-29,CELG,Celgene
2017-10-01,2017-09-29,CERN,Cerner
2017-10-01,2017-09-29,CHTR,Charter Communications
2017-10-01,2017-09-29,CHKP,Check Point
2017-10-01,2017-09-29,CTAS,Cintas
2017-10-01,2017-09-29,CSCO,Cisco Systems
2017-10-01,2017-09-29,CTXS,Citrix Systems
2017-10-01,2017-09-29,CTSH,Cognizant Technology Solutions
2017-10-01,2017-09-29,CMCSA,Comcast
2017-10-01,2017-09-29,COST,Costco
2017-10-01,2017-09-29,CSX,CSX Corporation
2017-10-01,2017-09-29,CTRP,Ctrip
2017-10-01,2017-09-29,XRAY,Dentsply Sirona
2017-10-01,2017-09-29,DISCA,Discovery Communications
2017-10-01,2017-09-29,DISCK,Discovery Communications
2017-10-01,2017-09-29,DISH,Dish Network
2017-10-01,2017-09-29,DLTR,Dollar Tree
2017-10-01,2017-09-29,EBAY,eBay
2017-10-01,2017-09-29,EA,Electronic Arts
2017-10-01,2017-09-29,EXPE,"Expedia, Inc."
2017-10-01,2017-09-29,ESRX,Express Scripts
2017-10-01,2017-09-29,FB,"Facebook, Inc."
2017-10-01,2017-09-29,FAST,Fastenal
2017-10-01,2017-09-29,FISV,Fiserv
2017-10-01,2017-09-29,GILD,Gilead Sciences
2017-10-01,2017-09-29,HAS,Hasbro
2017-10-01,2017-09-29,HSIC,Henry Schein
2017-10-01,2017-09-29,HOLX,Hologic
2017-10-01,2017-09-29,IDXX,Idexx Laboratories
2017-10-01,2017-09-29,ILMN,Illumina (company)
2017-10-01,2017-09-29,INCY,Incyte
2017-10-01,2017-09-29,INTC,Intel Corporation
2017-10-01,2017-09-29,INTU,Intuit
2017-10-01,2017-09-29,ISRG,Intuitive Surgical
2017-10-01,2017-09-29,JBHT,J. B. Hunt
2017-10-01,2017-09-29,JD,JD.com
2017-10-01,2017-09-29,KLAC,KLA-Tencor
2017-10-01,2017-09-29,LRCX,Lam Research
2017-10-01,2017-09-29,LBTYA,Liberty Global
2017-10-01,2017-09-29,LBTYK,Liberty Global
2017-10-01,2017-09-29,LILA,Liberty Global
2017-10-01,2017-09-29,LILAK,Liberty Global
2017-10-01,2017-09-29,LVNTA,Liberty Interactive
2017-10-01,2017-09-29,QVCA,Liberty Interactive
2017-10-01,2017-09-29,MAR,Marriott International
2017-10-01,2017-09-29,MAT,Mattel
2017-10-01,2017-09-29,MXIM,Maxim Integrated Products
2017-10-01,2017-09-29,MELI,MercadoLibre
2017-10-01,2017-09-29,MCHP,Microchip Technology
2017-10-01,2017-09-29,MU,Micron Technology
2017-10-01,2017-09-29,MSFT,Microsoft
2017-10-01,2017-09-29,MDLZ,Mondelēz International
2017-10-01,2017-09-29,MNST,Monster Beverage
2017-10-01,2017-09-29,MYL,Mylan
2017-10-01,2017-09-29,NTES,NetEase
2017-10-01,2017-09-29,NFLX,Netflix
2017-10-01,2017-09-29,NCLH,Norwegian Cruise Line
2017-10-01,2017-09-29,NVDA,Nvidia
2017-10-01,2017-09-29,ORLY,O'Reilly Auto Parts
2017-10-01,2017-09-29,PCAR,Paccar
2017-10-01,2017-09-29,PAYX,Paychex
2017-10-01,2017-09-29,PYPL,PayPal
2017-10-01,2017-09-29,QCOM,Qualcomm
2017-10-01,2017-09-29,REGN,Regeneron Pharmaceuticals
2017-10-01,2017-09-29,ROST,Ross Stores
2017-10-01,2017-09-29,STX,Seagate Technology
2017-10-01,2017-09-29,SHPG,Shire plc
2017-10-01,2017-09-29,SIRI,Sirius XM Radio
2017-10-01,2017-09-29,SWKS,Skyworks Solutions
2017-10-01,2017-09-29,SBUX,Starbucks
2017-10-01,2017-09-29,SYMC,Symantec
2017-10-01,2017-09-29,TMUS,T-Mobile US
2017-10-01,2017-09-29,TSLA,"Tesla Motors, Inc."
2017-10-01,2017-09-29,TXN,Texas Instruments
2017-10-01,2017-09-29,KHC,The Kraft Heinz Company
2017-10-01,2017-09-29,PCLN,The Priceline Group
2017-10-01,2017-09-29,TSCO,Tractor Supply Company
2017-10-01,2017-09-29,FOXA,Twenty-First Century Fox
2017-10-01,2017-09-29,FOX,Twenty-First Century Fox
2017-10-01,2017-09-29,ULTA,Ulta Beauty
2017-10-01,2017-09-29,VRSK,Verisk Analytics
2017-10-01,2017-09-29,VRTX,Vertex Pharmaceuticals
2017-10-01,2017-09-29,VIAB,Viacom
2017-10-01,2017-09-29,VOD,Vodafone
2017-10-01,2017-09-29,WBA,Walgreens Boots Alliance
2017-10-01,2017-09-29,WDC,Western Digital
2017-10-01,2017-09-29,WYNN,Wynn Resorts
2017-10-01,2017-09-29,XLNX,"Xilinx, Inc."
2018-01-01,2017-12-24,ATVI,Activision Blizzard
2018-01-01,2017-12-24,ADBE,Adobe Systems
2018-01-01,2017-12-24,ALXN,Alexion Pharmaceuticals
2018-01-01,2017-12-24,ALGN,Align Technology
2018-01-01,2017-12-24,GOOGL,Alphabet Inc.
2018-01-01,2017-12-24,GOOG,Alphabet Inc.
2018-01-01,2017-12-24,AMZN,Amazon.com
2018-01-01,2017-12-24,AAL,American Airlines Group
2018-01-01,2017-12-24,AMGN,Amgen
2018-01-01,2017-12-24,ADI,Analog Devices
2018-01-01,2017-12-24,AAPL,Apple Inc.
2018-01-01,2017-12-24,AMAT,Applied Materials
2018-01-01,2017-12-24,ASML,ASML Holding
2018-01-01,2017-12-24,ADSK,Autodesk
2018-01-01,2017-12-24,ADP,Automatic Data Processing
2018-01-01,2017-12-24,BIDU,Baidu
2018-01-01,2017-12-24,BIIB,Biogen
2018-01-01,2017-12-24,BMRN,BioMarin Pharmaceutical
2018-01-01,2017-12-24,AVGO,Broadcom Limited
2018-01-01,2017-12-24,CA,CA Technologies
2018-01-01,2017-12-24,CDNS,Cadence Design Systems
2018-01-01,2017-12-24,CELG,Celgene
2018-01-01,2017-12-24,CERN,Cerner
2018-01-01,2017-12-24,CHTR,Charter Communications
2018-01-01,2017-12-24,CHKP,Check Point
2018-01-01,2017-12-24,CTAS,Cintas
2018-01-01,2017-12-24,CSCO,Cisco Systems
2018-01-01,2017-12-24,CTXS,Citrix Systems
2018-01-01,2017-12-24,CTSH,Cognizant Technology Solutions
2018-01-01,2017-12-24,CMCSA,Comcast
2018-01-01,2017-12-24,COST,Costco
2018-01-01,2017-12-24,CSX,CSX Corporation
2018-01-01,2017-12-24,CTRP,Ctrip
2018-01-01,2017-12-24,XRAY,Dentsply Sirona
2018-01-01,2017-12-24,DISH,Dish Network
2018-01-01,2017-12-24,DLTR,Dollar Tree
2018-01-01,2017-12-24,EBAY,eBay
2018-01-01,2017-12-24,EA,Electronic Arts
2018-01-01,2017-12-24,EXPE,"Expedia, Inc."
2018-01-01,2017-12-24,ESRX,Express Scripts
2018-01-01,2017-12-24,FB,"Facebook, Inc."
2018-01-01,2017-12-24,FAST,Fastenal
2018-01-01,2017-12-24,FISV,Fiserv
2018-01-01,2017-12-24,GILD,Gilead Sciences
2018-01-01,2017-12-24,HAS,Hasbro
2018-01-01,2017-12-24,HSIC,Henry Schein
2018-01-01,2017-12-24,HOLX,Hologic
2018-01-01,2017-12-24,IDXX,Idexx Laboratories
2018-01-01,2017-12-24,ILMN,Illumina (company)
2018-01-01,2017-12-24,INCY,Incyte
2018-01-01,2017-12-24,INTC,Intel Corporation
2018-01-01,2017-12-24,INTU,Intuit
2018-01-01,2017-12-24,ISRG,Intuitive Surgical
2018-01-01,2017-12-24,JBHT,J. B. Hunt
2018-01-01,2017-12-24,JD,JD.com
2018-01-01,2017-12-24,KLAC,KLA-Tencor
2018-01-01,2017-12-24,LRCX,Lam Research
2018-01-01,2017-12-24,LBTYA,Liberty Global
2018-01-01,2017-12-24,LBTYK,Liberty Global
2018-01-01,2017-12-24,LILA,Liberty Global
2018-01-01,2017-12-24,LILAK,Liberty Global
2018-01-01,2017-12-24,LVNTA,Liberty Interactive
2018-01-01,2017-12-24,QVCA,Liberty Interactive
2018-01-01,2017-12-24,MAR,Marriott International
2018-01-01,2017-12-24,MXIM,Maxim Integrated Products
2018-01-01,2017-12-24,MELI,MercadoLibre
2018-01-01,2017-12-24,MCHP,Microchip Technology
2018-01-01,2017-12-24,MU,Micron Technology
2018-01-01,2017-12-24,MSFT,Microsoft
2018-01-01,2017-12-24,MDLZ,Mondelēz International
2018-01-01,2017-12-24,MNST,Monster Beverage
2018-01-01,2017-12-24,MYL,Mylan
2018-01-01,2017-12-24,NTES,NetEase
2018-01-01,2017-12-24,NFLX,Netflix
2018-01-01,2017-12-24,NVDA,Nvidia
2018-01-01,2017-12-24,ORLY,O'Reilly Auto Parts
2018-01-01,2017-12-24,PCAR,Paccar
2018-01-01,2017-12-24,PAYX,Paychex
2018-01-01,2017-12-24,PYPL,PayPal
2018-01-01,2017-12-24,QCOM,Qualcomm
2018-01-01,2017-12-24,REGN,Regeneron Pharmaceuticals
2018-01-01,2017-12-24,ROST,Ross Stores
2018-01-01,2017-12-24,STX,Seagate Technology
2018-01-01,2017-12-24,SHPG,Shire plc
2018-01-01,2017-12-24,SIRI,Sirius XM Radio
2018-01-01,2017-12-24,SWKS,Skyworks Solutions
2018-01-01,2017-12-24,SBUX,Starbucks
2018-01-01,2017-12-24,SYMC,Symantec
2018-01-01,2017-12-24,SNPS,Synopsys
2018-01-01,2017-12-24,TMUS,T-Mobile US
2018-01-01,2017-12-24,TTWO,Take-Two Interactive
2018-01-01,2017-12-24,TSLA,"Tesla, Inc."
2018-01-01,2017-12-24,TXN,Texas Instruments
2018-01-01,2017-12-24,KHC,The Kraft Heinz Company
2018-01-01,2017-12-24,PCLN,The Priceline Group
2018-01-01,2017-12-24,FOXA,Twenty-First Century Fox
2018-01-01,2017-12-24,FOX,Twenty-First Century Fox
2018-01-01,2017-12-24,ULTA,Ulta Beauty
2018-01-01,2017-12-24,VRSK,Verisk Analytics
2018-01-01,2017-12-24,VRTX,Vertex Pharmaceuticals
2018-01-01,2017-12-24,VOD,Vodafone
2018-01-01,2017-12-24,WBA,Walgreens Boots Alliance
2018-01-01,2017-12-24,WDC,Western Digital
2018-01-01,2017-12-24,WDAY,Workday
2018-01-01,2017-12-24,WYNN,Wynn Resorts
2018-01-01,2017-12-24,XLNX,"Xilinx, Inc."
2018-04-01,2018-03-22,ATVI,Activision Blizzard
2018-04-01,2018-03-22,ADBE,Adobe Systems
2018-04-01,2018-03-22,ALXN,Alexion Pharmaceuticals
2018-04-01,2018-03-22,ALGN,Align Technology
2018-04-01,2018-03-22,GOOGL,Alphabet Inc.
2018-04-01,2018-03-22,GOOG,Alphabet Inc.
2018-04-01,2018-03-22,AMZN,Amazon.com
2018-04-01,2018-03-22,AAL,American Airlines Group
2018-04-01,2018-03-22,AMGN,Amgen
2018-04-01,2018-03-22,ADI,Analog Devices
2018-04-01,2018-03-22,AAPL,Apple Inc.
2018-04-01,2018-03-22,AMAT,Applied Materials
2018-04-01,2018-03-22,ASML,ASML Holding
2018-04-01,2018-03-22,ADSK,Autodesk
2018-04-01,2018-03-22,ADP,Automatic Data Processing
2018-04-01,2018-03-22,BIDU,Baidu
2018-04-01,2018-03-22,BIIB,Biogen
2018-04-01,2018-03-22,BMRN,BioMarin Pharmaceutical
2018-04-01,2018-03-22,BKNG,Booking Holdings
2018-04-01,2018-03-22,AVGO,Broadcom Limited
2018-04-01,2018-03-22,CA,CA Technologies
2018-04-01,2018-03-22,CDNS,Cadence Design Systems
2018-04-01,2018-03-22,CELG,Celgene
2018-04-01,2018-03-22,CERN,Cerner
2018-04-01,2018-03-22,CHTR,Charter Communications
2018-04-01,2018-03-22,CHKP,Check Point
2018-04-01,2018-03-22,CTAS,Cintas
2018-04-01,2018-03-22,CSCO,Cisco Systems
2018-04-01,2018-03-22,CTXS,Citrix Systems
2018-04-01,2018-03-22,CTSH,Cognizant Technology Solutions
2018-04-01,2018-03-22,CMCSA,Comcast
2018-04-01,2018-03-22,COST,Costco
2018-04-01,2018-03-22,CSX,CSX Corporation
2018-04-01,2018-03-22,CTRP,Ctrip
2018-04-01,2018-03-22,XRAY,Dentsply Sirona
2018-04-01,2018-03-22,DISH,Dish Network
2018-04-01,2018-03-22,DLTR,Dollar Tree
2018-04-01,2018-03-22,EBAY,eBay
2018-04-01,2018-03-22,EA,Electronic Arts
2018-04-01,2018-03-22,EXPE,"Expedia, Inc."
2018-04-01,2018-03-22,ESRX,Express Scripts
2018-04-01,2018-03-22,FB,"Facebook, Inc."
2018-04-01,2018-03-22,FAST,Fastenal
2018-04-01,2018-03-22,FISV,Fiserv
2018-04-01,2018-03-22,GILD,Gilead Sciences
2018-04-01,2018-03-22,HAS,Hasbro
2018-04-01,2018-03-22,HSIC,Henry Schein
2018-04-01,2018-03-22,HOLX,Hologic
2018-04-01,2018-03-22,IDXX,Idexx Laboratories
2018-04-01,2018-03-22,ILMN,Illumina (company)
2018-04-01,2018-03-22,INCY,Incyte
2018-04-01,2018-03-22,INTC,Intel Corporation
2018-04-01,2018-03-22,INTU,Intuit
2018-04-01,2018-03-22,ISRG,Intuitive Surgical
2018-04-01,2018-03-22,JBHT,J. B. Hunt
2018-04-01,2018-03-22,JD,JD.com
2018-04-01,2018-03-22,KLAC,KLA-Tencor
2018-04-01,2018-03-22,LRCX,Lam Research
2018-04-01,2018-03-22,LBTYA,Liberty Global
2018-04-01,2018-03-22,LBTYK,Liberty Global
2018-04-01,2018-03-22,LVNTA,Liberty Interactive
2018-04-01,2018-03-22,QVCA,Liberty Interactive
2018-04-01,2018-03-22,MAR,Marriott International
2018-04-01,2018-03-22,MXIM,Maxim Integrated Products
2018-04-01,2018-03-22,MELI,MercadoLibre
2018-04-01,2018-03-22,MCHP,Microchip Technology
2018-04-01,2018-03-22,MU,Micron Technology
2018-04-01,2018-03-22,MSFT,Microsoft
2018-04-01,2018-03-22,MDLZ,Mondelēz International
2018-04-01,2018-03-22,MNST,Monster Beverage
2018-04-01,2018-03-22,MYL,Mylan
2018-04-01,2018-03-22,NTES,NetEase
2018-04-01,2018-03-22,NFLX,Netflix
2018-04-01,2018-03-22,NVDA,Nvidia
2018-04-01,2018-03-22,ORLY,O'Reilly Auto Parts
2018-04-01,2018-03-22,PCAR,Paccar
2018-04-01,2018-03-22,PAYX,Paychex
2018-04-01,2018-03-22,PYPL,PayPal
2018-04-01,2018-03-22,QCOM,Qualcomm
2018-04-01,2018-03-22,REGN,Regeneron Pharmaceuticals
2018-04-01,2018-03-22,ROST,Ross Stores
2018-04-01,2018-03-22,STX,Seagate Technology
2018-04-01,2018-03-22,SHPG,Shire plc
2018-04-01,2018-03-22,SIRI,Sirius XM Radio
2018-04-01,2018-03-22,SWKS,Skyworks Solutions
2018-04-01,2018-03-22,SBUX,Starbucks
2018-04-01,2018-03-22,SYMC,Symantec
2018-04-01,2018-03-22,SNPS,Synopsys
2018-04-01,2018-03-22,TMUS,T-Mobile US
2018-04-01,2018-03-22,TTWO,Take-Two Interactive
2018-04-01,2018-03-22,TSLA,"Tesla, Inc."
2018-04-01,2018-03-22,TXN,Texas Instruments
2018-04-01,2018-03-22,KHC,The Kraft Heinz Company
2018-04-01,2018-03-22,FOXA,Twenty-First Century Fox
2018-04-01,2018-03-22,FOX,Twenty-First Century Fox
2018-04-01,2018-03-22,ULTA,Ulta Beauty
2018-04-01,2018-03-22,VRSK,Verisk Analytics
2018-04-01,2018-03-22,VRTX,Vertex Pharmaceuticals
2018-04-01,2018-03-22,VOD,Vodafone
2018-04-01,2018-03-22,WBA,Walgreens Boots Alliance
2018-04-01,2018-03-22,WDC,Western Digital
2018-04-01,2018-03-22,WDAY,"Workday, Inc."
2018-04-01,2018-03-22,WYNN,Wynn Resorts
2018-04-01,2018-03-22,XLNX,"Xilinx, Inc."
2018-07-01,2018-06-27,ATVI,Activision Blizzard
2018-07-01,2018-06-27,ADBE,Adobe Systems
2018-07-01,2018-06-27,ALXN,Alexion Pharmaceuticals
2018-07-01,2018-06-27,ALGN,Align Technology
2018-07-01,2018-06-27,GOOGL,Alphabet Inc.
2018-07-01,2018-06-27,GOOG,Alphabet Inc.
2018-07-01,2018-06-27,AMZN,Amazon.com
2018-07-01,2018-06-27,AAL,American Airlines Group
2018-07-01,2018-06-27,AMGN,Amgen
2018-07-01,2018-06-27,ADI,Analog Devices
2018-07-01,2018-06-27,AAPL,Apple Inc.
2018-07-01,2018-06-27,AMAT,Applied Materials
2018-07-01,2018-06-27,ASML,ASML Holding
2018-07-01,2018-06-27,ADSK,Autodesk
2018-07-01,2018-06-27,ADP,Automatic Data Processing
2018-07-01,2018-06-27,BIDU,Baidu
2018-07-01,2018-06-27,BIIB,Biogen
2018-07-01,2018-06-27,BMRN,BioMarin Pharmaceutical
2018-07-01,2018-06-27,BKNG,Booking Holdings
2018-07-01,2018-06-27,AVGO,Broadcom Inc.
2018-07-01,2018-06-27,CA,CA Technologies
2018-07-01,2018-06-27,CDNS,Cadence Design Systems
2018-07-01,2018-06-27,CELG,Celgene
2018-07-01,2018-06-27,CERN,Cerner
2018-07-01,2018-06-27,CHTR,Charter Communications
2018-07-01,2018-06-27,CHKP,Check Point
2018-07-01,2018-06-27,CTAS,Cintas
2018-07-01,2018-06-27,CSCO,Cisco Systems
2018-07-01,2018-06-27,CTXS,Citrix Systems
2018-07-01,2018-06-27,CTSH,Cognizant Technology Solutions
2018-07-01,2018-06-27,CMCSA,Comcast
2018-07-01,2018-06-27,COST,Costco
2018-07-01,2018-06-27,CSX,CSX Corporation
2018-07-01,2018-06-27,CTRP,Ctrip
2018-07-01,2018-06-27,XRAY,Dentsply Sirona
2018-07-01,2018-06-27,DISH,Dish Network
2018-07-01,2018-06-27,DLTR,Dollar Tree
2018-07-01,2018-06-27,EBAY,eBay
2018-07-01,2018-06-27,EA,Electronic Arts
2018-07-01,2018-06-27,EXPE,"Expedia, Inc."
2018-07-01,2018-06-27,ESRX,Express Scripts
2018-07-01,2018-06-27,FB,"Facebook, Inc."
2018-07-01,2018-06-27,FAST,Fastenal
2018-07-01,2018-06-27,FISV,Fiserv
2018-07-01,2018-06-27,GILD,Gilead Sciences
2018-07-01,2018-06-27,HAS,Hasbro
2018-07-01,2018-06-27,HSIC,Henry Schein
2018-07-01,2018-06-27,HOLX,Hologic
2018-07-01,2018-06-27,IDXX,Idexx Laboratories
2018-07-01,2018-06-27,ILMN,Illumina (company)
2018-07-01,2018-06-27,INCY,Incyte
2018-07-01,2018-06-27,INTC,Intel Corporation
2018-07-01,2018-06-27,INTU,Intuit
2018-07-01,2018-06-27,ISRG,Intuitive Surgical
2018-07-01,2018-06-27,JBHT,J. B. Hunt
2018-07-01,2018-06-27,JD,JD.com
2018-07-01,2018-06-27,KLAC,KLA-Tencor
2018-07-01,2018-06-27,LRCX,Lam Research
2018-07-01,2018-06-27,LBTYA,Liberty Global
2018-07-01,2018-06-27,LBTYK,Liberty Global
2018-07-01,2018-06-27,MAR,Marriott International
2018-07-01,2018-06-27,MXIM,Maxim Integrated Products
2018-07-01,2018-06-27,MELI,MercadoLibre
2018-07-01,2018-06-27,MCHP,Microchip Technology
2018-07-01,2018-06-27,MU,Micron Technology
2018-07-01,2018-06-27,MSFT,Microsoft
2018-07-01,2018-06-27,MDLZ,Mondelēz International
2018-07-01,2018-06-27,MNST,Monster Beverage
2018-07-01,2018-06-27,MYL,Mylan
2018-07-01,2018-06-27,NTES,NetEase
2018-07-01,2018-06-27,NFLX,Netflix
2018-07-01,2018-06-27,NVDA,Nvidia
2018-07-01,2018-06-27,ORLY,O'Reilly Auto Parts
2018-07-01,2018-06-27,PCAR,Paccar
2018-07-01,2018-06-27,PAYX,Paychex
2018-07-01,2018-06-27,PYPL,PayPal
2018-07-01,2018-06-27,QCOM,Qualcomm
2018-07-01,2018-06-27,QRTEA,Qurate Retail Group
2018-07-01,2018-06-27,REGN,Regeneron Pharmaceuticals
2018-07-01,2018-06-27,ROST,Ross Stores
2018-07-01,2018-06-27,STX,Seagate Technology
2018-07-01,2018-06-27,SHPG,Shire plc
2018-07-01,2018-06-27,SIRI,Sirius XM Radio
2018-07-01,2018-06-27,SWKS,Skyworks Solutions
2018-07-01,2018-06-27,SBUX,Starbucks
2018-07-01,2018-06-27,SYMC,Symantec
2018-07-01,2018-06-27,SNPS,Synopsys
2018-07-01,2018-06-27,TMUS,T-Mobile US
2018-07-01,2018-06-27,TTWO,Take-Two Interactive
2018-07-01,2018-06-27,TSLA,"Tesla, Inc."
2018-07-01,2018-06-27,TXN,Texas Instruments
2018-07-01,2018-06-27,KHC,The Kraft Heinz Company
2018-07-01,2018-06-27,FOXA,Twenty-First Century Fox
2018-07-01,2018-06-27,FOX,Twenty-First Century Fox
2018-07-01,2018-06-27,ULTA,Ulta Beauty
2018-07-01,2018-06-27,VRSK,Verisk Analytics
2018-07-01,2018-06-27,VRTX,Vertex Pharmaceuticals
2018-07-01,2018-06-27,VOD,Vodafone
2018-07-01,2018-06-27,WBA,Walgreens Boots Alliance
2018-07-01,2018-06-27,WDC,Western Digital
2018-07-01,2018-06-27,WDAY,"Workday, Inc."
2018-07-01,2018-06-27,WYNN,Wynn Resorts
2018-07-01,2018-06-27,XLNX,"Xilinx, Inc."
2018-10-01,2018-09-09,ATVI,Activision Blizzard
2018-10-01,2018-09-09,ADBE,Adobe Systems
2018-10-01,2018-09-09,ALXN,Alexion Pharmaceuticals
2018-10-01,2018-09-09,ALGN,Align Technology
2018-10-01,2018-09-09,GOOGL,Alphabet Inc.
2018-10-01,2018-09-09,GOOG,Alphabet Inc.
2018-10-01,2018-09-09,AMZN,Amazon.com
2018-10-01,2018-09-09,AAL,American Airlines Group
2018-10-01,2018-09-09,AMGN,Amgen
2018-10-01,2018-09-09,ADI,Analog Devices
2018-10-01,2018-09-09,AAPL,Apple Inc.
2018-10-01,2018-09-09,AMAT,Applied Materials
2018-10-01,2018-09-09,ASML,ASML Holding
2018-10-01,2018-09-09,ADSK,Autodesk
2018-10-01,2018-09-09,ADP,Automatic Data Processing
2018-10-01,2018-09-09,BIDU,Baidu
2018-10-01,2018-09-09,BIIB,Biogen
2018-10-01,2018-09-09,BMRN,BioMarin Pharmaceutical
2018-10-01,2018-09-09,BKNG,Booking Holdings
2018-10-01,2018-09-09,AVGO,Broadcom Inc.
2018-10-01,2018-09-09,CA,CA Technologies
2018-10-01,2018-09-09,CDNS,Cadence Design Systems
2018-10-01,2018-09-09,CELG,Celgene
2018-10-01,2018-09-09,CERN,Cerner
2018-10-01,2018-09-09,CHTR,Charter Communications
2018-10-01,2018-09-09,CHKP,Check Point
2018-10-01,2018-09-09,CTAS,Cintas
2018-10-01,2018-09-09,CSCO,Cisco Systems
2018-10-01,2018-09-09,CTXS,Citrix Systems
2018-10-01,2018-09-09,CTSH,Cognizant Technology Solutions
2018-10-01,2018-09-09,CMCSA,Comcast
2018-10-01,2018-09-09,COST,Costco
2018-10-01,2018-09-09,CSX,CSX Corporation
2018-10-01,2018-09-09,CTRP,Ctrip
2018-10-01,2018-09-09,XRAY,Dentsply Sirona
2018-10-01,2018-09-09,DLTR,Dollar Tree
2018-10-01,2018-09-09,EBAY,eBay
2018-10-01,2018-09-09,EA,Electronic Arts
2018-10-01,2018-09-09,EXPE,Expedia Group
2018-10-01,2018-09-09,ESRX,Express Scripts
2018-10-01,2018-09-09,FB,"Facebook, Inc."
2018-10-01,2018-09-09,FAST,Fastenal
2018-10-01,2018-09-09,FISV,Fiserv
2018-10-01,2018-09-09,GILD,Gilead Sciences
2018-10-01,2018-09-09,HAS,Hasbro
2018-10-01,2018-09-09,HSIC,Henry Schein
2018-10-01,2018-09-09,HOLX,Hologic
2018-10-01,2018-09-09,IDXX,Idexx Laboratories
2018-10-01,2018-09-09,ILMN,Illumina (company)
2018-10-01,2018-09-09,INCY,Incyte
2018-10-01,2018-09-09,INTC,Intel Corporation
2018-10-01,2018-09-09,INTU,Intuit
2018-10-01,2018-09-09,ISRG,Intuitive Surgical
2018-10-01,2018-09-09,JBHT,J. B. Hunt
2018-10-01,2018-09-09,JD,JD.com
2018-10-01,2018-09-09,KLAC,KLA-Tencor
2018-10-01,2018-09-09,LRCX,Lam Research
2018-10-01,2018-09-09,LBTYA,Liberty Global
2018-10-01,2018-09-09,LBTYK,Liberty Global
2018-10-01,2018-09-09,MAR,Marriott International
2018-10-01,2018-09-09,MXIM,Maxim Integrated Products
2018-10-01,2018-09-09,MELI,MercadoLibre
2018-10-01,2018-09-09,MCHP,Microchip Technology
2018-10-01,2018-09-09,MU,Micron Technology
2018-10-01,2018-09-09,MSFT,Microsoft
2018-10-01,2018-09-09,MDLZ,Mondelēz International
2018-10-01,2018-09-09,MNST,Monster Beverage
2018-10-01,2018-09-09,MYL,Mylan
2018-10-01,2018-09-09,NTES,NetEase
2018-10-01,2018-09-09,NFLX,Netflix
2018-10-01,2018-09-09,NVDA,Nvidia
2018-10-01,2018-09-09,ORLY,O'Reilly Auto Parts
2018-10-01,2018-09-09,PCAR,Paccar
2018-10-01,2018-09-09,PAYX,Paychex
2018-10-01,2018-09-09,PYPL,PayPal
2018-10-01,2018-09-09,PEP,PepsiCo
2018-10-01,2018-09-09,QCOM,Qualcomm
2018-10-01,2018-09-09,QRTEA,Qurate Retail Group
2018-10-01,2018-09-09,REGN,Regeneron Pharmaceuticals
2018-10-01,2018-09-09,ROST,Ross Stores
2018-10-01,2018-09-09,STX,Seagate Technology
2018-10-01,2018-09-09,SHPG,Shire plc
2018-10-01,2018-09-09,SIRI,Sirius XM Radio
2018-10-01,2018-09-09,SWKS,Skyworks Solutions
2018-10-01,2018-09-09,SBUX,Starbucks
2018-10-01,2018-09-09,SYMC,Symantec
2018-10-01,2018-09-09,SNPS,Synopsys
2018-10-01,2018-09-09,TMUS,T-Mobile US
2018-10-01,2018-09-09,TTWO,Take-Two Interactive
2018-10-01,2018-09-09,TSLA,"Tesla, Inc."
2018-10-01,2018-09-09,TXN,Texas Instruments
2018-10-01,2018-09-09,KHC,The Kraft Heinz Company
2018-10-01,2018-09-09,FOXA,Twenty-First Century Fox
2018-10-01,2018-09-09,FOX,Twenty-First Century Fox
2018-10-01,2018-09-09,ULTA,Ulta Beauty
2018-10-01,2018-09-09,VRSK,Verisk Analytics
2018-10-01,2018-09-09,VRTX,Vertex Pharmaceuticals
2018-10-01,2018-09-09,VOD,Vodafone
2018-10-01,2018-09-09,WBA,Walgreens Boots Alliance
2018-10-01,2018-09-09,WDC,Western Digital
2018-10-01,2018-09-09,WDAY,"Workday, Inc."
2018-10-01,2018-09-09,WYNN,Wynn Resorts
2018-10-01,2018-09-09,XLNX,"Xilinx, Inc."
2019-01-01,2018-12-25,ATVI,Activision Blizzard
2019-01-01,2018-12-25,ADBE,Adobe Systems
2019-01-01,2018-12-25,AMD,Advanced Micro Devices
2019-01-01,2018-12-25,ALXN,Alexion Pharmaceuticals
2019-01-01,2018-12-25,ALGN,Align Technology
2019-01-01,2018-12-25,GOOGL,Alphabet Inc.
2019-01-01,2018-12-25,GOOG,Alphabet Inc.
2019-01-01,2018-12-25,AMZN,Amazon.com
2019-01-01,2018-12-25,AAL,American Airlines Group
2019-01-01,2018-12-25,AMGN,Amgen
2019-01-01,2018-12-25,ADI,Analog Devices
2019-01-01,2018-12-25,AAPL,Apple Inc.
2019-01-01,2018-12-25,AMAT,Applied Materials
2019-01-01,2018-12-25,ASML,ASML Holding
2019-01-01,2018-12-25,ADSK,Autodesk
2019-01-01,2018-12-25,ADP,Automatic Data Processing
2019-01-01,2018-12-25,BIDU,Baidu
2019-01-01,2018-12-25,BIIB,Biogen
2019-01-01,2018-12-25,BMRN,BioMarin Pharmaceutical
2019-01-01,2018-12-25,BKNG,Booking Holdings
2019-01-01,2018-12-25,AVGO,Broadcom Inc.
2019-01-01,2018-12-25,CDNS,Cadence Design Systems
2019-01-01,2018-12-25,CELG,Celgene
2019-01-01,2018-12-25,CERN,Cerner
2019-01-01,2018-12-25,CHTR,Charter Communications
2019-01-01,2018-12-25,CHKP,Check Point
2019-01-01,2018-12-25,CTAS,Cintas
2019-01-01,2018-12-25,CSCO,Cisco Systems
2019-01-01,2018-12-25,CTXS,Citrix Systems
2019-01-01,2018-12-25,CTSH,Cognizant
2019-01-01,2018-12-25,CMCSA,Comcast
2019-01-01,2018-12-25,COST,Costco
2019-01-01,2018-12-25,CSX,CSX Corporation
2019-01-01,2018-12-25,CTRP,Ctrip
2019-01-01,2018-12-25,DLTR,Dollar Tree
2019-01-01,2018-12-25,EBAY,eBay
2019-01-01,2018-12-25,EA,Electronic Arts
2019-01-01,2018-12-25,EXPE,Expedia Group
2019-01-01,2018-12-25,FB,"Facebook, Inc."
2019-01-01,2018-12-25,FAST,Fastenal
2019-01-01,2018-12-25,FISV,Fiserv
2019-01-01,2018-12-25,GILD,Gilead Sciences
2019-01-01,2018-12-25,HAS,Hasbro
2019-01-01,2018-12-25,HSIC,Henry Schein
2019-01-01,2018-12-25,IDXX,Idexx Laboratories
2019-01-01,2018-12-25,ILMN,Illumina (company)
2019-01-01,2018-12-25,INCY,Incyte
2019-01-01,2018-12-25,INTC,Intel Corporation
2019-01-01,2018-12-25,INTU,Intuit
2019-01-01,2018-12-25,ISRG,Intuitive Surgical
2019-01-01,2018-12-25,JBHT,J. B. Hunt
2019-01-01,2018-12-25,JD,JD.com
2019-01-01,2018-12-25,KLAC,KLA-Tencor
2019-01-01,2018-12-25,LRCX,Lam Research
2019-01-01,2018-12-25,LBTYA,Liberty Global
2019-01-01,2018-12-25,LBTYK,Liberty Global
2019-01-01,2018-12-25,LULU,Lululemon athletica
2019-01-01,2018-12-25,MAR,Marriott International
2019-01-01,2018-12-25,MXIM,Maxim Integrated Products
2019-01-01,2018-12-25,MELI,MercadoLibre
2019-01-01,2018-12-25,MCHP,Microchip Technology
2019-01-01,2018-12-25,MU,Micron Technology
2019-01-01,2018-12-25,MSFT,Microsoft
2019-01-01,2018-12-25,MDLZ,Mondelez International
2019-01-01,2018-12-25,MNST,Monster Beverage
2019-01-01,2018-12-25,MYL,Mylan
2019-01-01,2018-12-25,NTAP,NetApp
2019-01-01,2018-12-25,NTES,NetEase
2019-01-01,2018-12-25,NFLX,Netflix
2019-01-01,2018-12-25,NVDA,Nvidia
2019-01-01,2018-12-25,NXPI,NXP Semiconductors
2019-01-01,2018-12-25,ORLY,O'Reilly Auto Parts
2019-01-01,2018-12-25,PCAR,Paccar
2019-01-01,2018-12-25,PAYX,Paychex
2019-01-01,2018-12-25,PYPL,PayPal
2019-01-01,2018-12-25,PEP,PepsiCo
2019-01-01,2018-12-25,QCOM,Qualcomm
2019-01-01,2018-12-25,REGN,Regeneron Pharmaceuticals
2019-01-01,2018-12-25,ROST,Ross Stores
2019-01-01,2018-12-25,SIRI,Sirius XM Satellite Radio
2019-01-01,2018-12-25,SWKS,Skyworks Solutions
2019-01-01,2018-12-25,SBUX,Starbucks
2019-01-01,2018-12-25,SYMC,Symantec
2019-01-01,2018-12-25,SNPS,Synopsys
2019-01-01,2018-12-25,TMUS,T-Mobile US
2019-01-01,2018-12-25,TTWO,Take-Two Interactive
2019-01-01,2018-12-25,TSLA,"Tesla, Inc."
2019-01-01,2018-12-25,TXN,Texas Instruments
2019-01-01,2018-12-25,KHC,The Kraft Heinz Company
2019-01-01,2018-12-25,FOXA,21st_Century_Fox
2019-01-01,2018-12-25,FOX,21st_Century_Fox
2019-01-01,2018-12-25,ULTA,Ulta Beauty
2019-01-01,2018-12-25,UAL,United Continental Holdings
2019-01-01,2018-12-25,VRSN,VeriSign
2019-01-01,2018-12-25,VRSK,Verisk Analytics
2019-01-01,2018-12-25,VRTX,Vertex Pharmaceuticals
2019-01-01,2018-12-25,WBA,Walgreens Boots Alliance
2019-01-01,2018-12-25,WDC,Western Digital
2019-01-01,2018-12-25,WLTW,Willis Towers Watson
2019-01-01,2018-12-25,WDAY,"Workday, Inc."
2019-01-01,2018-12-25,WYNN,Wynn Resorts
2019-01-01,2018-12-25,XEL,Xcel Energy
2019-01-01,2018-12-25,XLNX,"Xilinx, Inc."
2019-04-01,2019-03-19,ATVI,Activision Blizzard
2019-04-01,2019-03-19,ADBE,Adobe Inc.
2019-04-01,2019-03-19,AMD,Advanced Micro Devices
2019-04-01,2019-03-19,ALXN,Alexion Pharmaceuticals
2019-04-01,2019-03-19,ALGN,Align Technology
2019-04-01,2019-03-19,GOOGL,Alphabet Inc.
2019-04-01,2019-03-19,GOOG,Alphabet Inc.
2019-04-01,2019-03-19,AMZN,Amazon.com
2019-04-01,2019-03-19,AAL,American Airlines Group
2019-04-01,2019-03-19,AMGN,Amgen
2019-04-01,2019-03-19,ADI,Analog Devices
2019-04-01,2019-03-19,AAPL,Apple Inc.
2019-04-01,2019-03-19,AMAT,Applied Materials
2019-04-01,2019-03-19,ASML,ASML Holding
2019-04-01,2019-03-19,ADSK,Autodesk
2019-04-01,2019-03-19,ADP,Automatic Data Processing
2019-04-01,2019-03-19,BIDU,Baidu
2019-04-01,2019-03-19,BIIB,Biogen
2019-04-01,2019-03-19,BMRN,BioMarin Pharmaceutical
2019-04-01,2019-03-19,BKNG,Booking Holdings
2019-04-01,2019-03-19,AVGO,Broadcom Inc.
2019-04-01,2019-03-19,CDNS,Cadence Design Systems
2019-04-01,2019-03-19,CELG,Celgene
2019-04-01,2019-03-19,CERN,Cerner
2019-04-01,2019-03-19,CHTR,Charter Communications
2019-04-01,2019-03-19,CHKP,Check Point
2019-04-01,2019-03-19,CTAS,Cintas
2019-04-01,2019-03-19,CSCO,Cisco Systems
2019-04-01,2019-03-19,CTXS,Citrix Systems
2019-04-01,2019-03-19,CTSH,Cognizant
2019-04-01,2019-03-19,CMCSA,Comcast
2019-04-01,2019-03-19,COST,Costco
2019-04-01,2019-03-19,CSX,CSX Corporation
2019-04-01,2019-03-19,CTRP,Ctrip
2019-04-01,2019-03-19,DLTR,Dollar Tree
2019-04-01,2019-03-19,EBAY,eBay
2019-04-01,2019-03-19,EA,Electronic Arts
2019-04-01,2019-03-19,EXPE,Expedia Group
2019-04-01,2019-03-19,FB,"Facebook, Inc."
2019-04-01,2019-03-19,FAST,Fastenal
2019-04-01,2019-03-19,FISV,Fiserv
2019-04-01,2019-03-19,FOX,Fox Corporation
2019-04-01,2019-03-19,FOXA,Fox Corporation
2019-04-01,2019-03-19,GILD,Gilead Sciences
2019-04-01,2019-03-19,HAS,Hasbro
2019-04-01,2019-03-19,HSIC,Henry Schein
2019-04-01,2019-03-19,IDXX,Idexx Laboratories
2019-04-01,2019-03-19,ILMN,Illumina (company)
2019-04-01,2019-03-19,INCY,Incyte
2019-04-01,2019-03-19,INTC,Intel Corporation
2019-04-01,2019-03-19,INTU,Intuit
2019-04-01,2019-03-19,ISRG,Intuitive Surgical
2019-04-01,2019-03-19,JBHT,J. B. Hunt
2019-04-01,2019-03-19,JD,JD.com
2019-04-01,2019-03-19,KLAC,KLA-Tencor
2019-04-01,2019-03-19,LRCX,Lam Research
2019-04-01,2019-03-19,LBTYA,Liberty Global
2019-04-01,2019-03-19,LBTYK,Liberty Global
2019-04-01,2019-03-19,LULU,Lululemon athletica
2019-04-01,2019-03-19,MAR,Marriott International
2019-04-01,2019-03-19,MXIM,Maxim Integrated Products
2019-04-01,2019-03-19,MELI,MercadoLibre
2019-04-01,2019-03-19,MCHP,Microchip Technology
2019-04-01,2019-03-19,MU,Micron Technology
2019-04-01,2019-03-19,MSFT,Microsoft
2019-04-01,2019-03-19,MDLZ,Mondelez International
2019-04-01,2019-03-19,MNST,Monster Beverage
2019-04-01,2019-03-19,MYL,Mylan
2019-04-01,2019-03-19,NTAP,NetApp
2019-04-01,2019-03-19,NTES,NetEase
2019-04-01,2019-03-19,NFLX,Netflix
2019-04-01,2019-03-19,NVDA,Nvidia
2019-04-01,2019-03-19,NXPI,NXP Semiconductors
2019-04-01,2019-03-19,ORLY,O'Reilly Auto Parts
2019-04-01,2019-03-19,PCAR,Paccar
2019-04-01,2019-03-19,PAYX,Paychex
2019-04-01,2019-03-19,PYPL,PayPal
2019-04-01,2019-03-19,PEP,PepsiCo
2019-04-01,2019-03-19,QCOM,Qualcomm
2019-04-01,2019-03-19,REGN,Regeneron Pharmaceuticals
2019-04-01,2019-03-19,ROST,Ross Stores
2019-04-01,2019-03-19,SIRI,Sirius XM Satellite Radio
2019-04-01,2019-03-19,SWKS,Skyworks Solutions
2019-04-01,2019-03-19,SBUX,Starbucks
2019-04-01,2019-03-19,SYMC,Symantec
2019-04-01,2019-03-19,SNPS,Synopsys
2019-04-01,2019-03-19,TMUS,T-Mobile US
2019-04-01,2019-03-19,TTWO,Take-Two Interactive
2019-04-01,2019-03-19,TSLA,"Tesla, Inc."
2019-04-01,2019-03-19,TXN,Texas Instruments
2019-04-01,2019-03-19,KHC,The Kraft Heinz Company
2019-04-01,2019-03-19,TFCFA,21st_Century_Fox
2019-04-01,2019-03-19,TFCF,21st_Century_Fox
2019-04-01,2019-03-19,ULTA,Ulta Beauty
2019-04-01,2019-03-19,UAL,United Continental Holdings
2019-04-01,2019-03-19,VRSN,VeriSign
2019-04-01,2019-03-19,VRSK,Verisk Analytics
2019-04-01,2019-03-19,VRTX,Vertex Pharmaceuticals
2019-04-01,2019-03-19,WBA,Walgreens Boots Alliance
2019-04-01,2019-03-19,WDC,Western Digital
2019-04-01,2019-03-19,WLTW,Willis Towers Watson
2019-04-01,2019-03-19,WDAY,"Workday, Inc."
2019-04-01,2019-03-19,WYNN,Wynn Resorts
2019-04-01,2019-03-19,XEL,Xcel Energy
2019-04-01,2019-03-19,XLNX,"Xilinx, Inc."
2019-07-01,2019-05-31,ATVI,Activision Blizzard
2019-07-01,2019-05-31,ADBE,Adobe Inc.
2019-07-01,2019-05-31,AMD,Advanced Micro Devices
2019-07-01,2019-05-31,ALXN,Alexion Pharmaceuticals
2019-07-01,2019-05-31,ALGN,Align Technology
2019-07-01,2019-05-31,GOOGL,Alphabet Inc.
2019-07-01,2019-05-31,GOOG,Alphabet Inc.
2019-07-01,2019-05-31,AMZN,Amazon.com
2019-07-01,2019-05-31,AAL,American Airlines Group
2019-07-01,2019-05-31,AMGN,Amgen
2019-07-01,2019-05-31,ADI,Analog Devices
2019-07-01,2019-05-31,AAPL,Apple Inc.
2019-07-01,2019-05-31,AMAT,Applied Materials
2019-07-01,2019-05-31,ASML,ASML Holding
2019-07-01,2019-05-31,ADSK,Autodesk
2019-07-01,2019-05-31,ADP,Automatic Data Processing
2019-07-01,2019-05-31,BIDU,Baidu
2019-07-01,2019-05-31,BIIB,Biogen
2019-07-01,2019-05-31,BMRN,BioMarin Pharmaceutical
2019-07-01,2019-05-31,BKNG,Booking Holdings
2019-07-01,2019-05-31,AVGO,Broadcom Inc.
2019-07-01,2019-05-31,CDNS,Cadence Design Systems
2019-07-01,2019-05-31,CELG,Celgene
2019-07-01,2019-05-31,CERN,Cerner
2019-07-01,2019-05-31,CHTR,Charter Communications
2019-07-01,2019-05-31,CHKP,Check Point
2019-07-01,2019-05-31,CTAS,Cintas
2019-07-01,2019-05-31,CSCO,Cisco Systems
2019-07-01,2019-05-31,CTXS,Citrix Systems
2019-07-01,2019-05-31,CTSH,Cognizant
2019-07-01,2019-05-31,CMCSA,Comcast
2019-07-01,2019-05-31,COST,Costco
2019-07-01,2019-05-31,CSX,CSX Corporation
2019-07-01,2019-05-31,CTRP,Ctrip
2019-07-01,2019-05-31,DLTR,Dollar Tree
2019-07-01,2019-05-31,EBAY,eBay
2019-07-01,2019-05-31,EA,Electronic Arts
2019-07-01,2019-05-31,EXPE,Expedia Group
2019-07-01,2019-05-31,FB,"Facebook, Inc."
2019-07-01,2019-05-31,FAST,Fastenal
2019-07-01,2019-05-31,FISV,Fiserv
2019-07-01,2019-05-31,FOX,Fox Corporation
2019-07-01,2019-05-31,FOXA,Fox Corporation
2019-07-01,2019-05-31,GILD,Gilead Sciences
2019-07-01,2019-05-31,HAS,Hasbro
2019-07-01,2019-05-31,HSIC,Henry Schein
2019-07-01,2019-05-31,IDXX,Idexx Laboratories
2019-07-01,2019-05-31,ILMN,Illumina (company)
2019-07-01,2019-05-31,INCY,Incyte
2019-07-01,2019-05-31,INTC,Intel Corporation
2019-07-01,2019-05-31,INTU,Intuit
2019-07-01,2019-05-31,ISRG,Intuitive Surgical
2019-07-01,2019-05-31,JBHT,J. B. Hunt
2019-07-01,2019-05-31,JD,JD.com
2019-07-01,2019-05-31,KLAC,KLA-Tencor
2019-07-01,2019-05-31,LRCX,Lam Research
2019-07-01,2019-05-31,LBTYA,Liberty Global
2019-07-01,2019-05-31,LBTYK,Liberty Global
2019-07-01,2019-05-31,LULU,Lululemon athletica
2019-07-01,2019-05-31,MAR,Marriott International
2019-07-01,2019-05-31,MXIM,Maxim Integrated Products
2019-07-01,2019-05-31,MELI,MercadoLibre
2019-07-01,2019-05-31,MCHP,Microchip Technology
2019-07-01,2019-05-31,MU,Micron Technology
2019-07-01,2019-05-31,MSFT,Microsoft
2019-07-01,2019-05-31,MDLZ,Mondelez International
2019-07-01,2019-05-31,MNST,Monster Beverage
2019-07-01,2019-05-31,MYL,Mylan
2019-07-01,2019-05-31,NTAP,NetApp
2019-07-01,2019-05-31,NTES,NetEase
2019-07-01,2019-05-31,NFLX,Netflix
2019-07-01,2019-05-31,NVDA,Nvidia
2019-07-01,2019-05-31,NXPI,NXP
2019-07-01,2019-05-31,ORLY,O'Reilly Auto Parts
2019-07-01,2019-05-31,PCAR,Paccar
2019-07-01,2019-05-31,PAYX,Paychex
2019-07-01,2019-05-31,PYPL,PayPal
2019-07-01,2019-05-31,PEP,PepsiCo
2019-07-01,2019-05-31,QCOM,Qualcomm
2019-07-01,2019-05-31,REGN,Regeneron Pharmaceuticals
2019-07-01,2019-05-31,ROST,Ross Stores
2019-07-01,2019-05-31,SIRI,Sirius XM Satellite Radio
2019-07-01,2019-05-31,SWKS,Skyworks Solutions
2019-07-01,2019-05-31,SBUX,Starbucks
2019-07-01,2019-05-31,SYMC,Symantec
2019-07-01,2019-05-31,SNPS,Synopsys
2019-07-01,2019-05-31,TMUS,T-Mobile US
2019-07-01,2019-05-31,TTWO,Take-Two Interactive
2019-07-01,2019-05-31,TSLA,"Tesla, Inc."
2019-07-01,2019-05-31,TXN,Texas Instruments
2019-07-01,2019-05-31,KHC,The Kraft Heinz Company
2019-07-01,2019-05-31,ULTA,Ulta Beauty
2019-07-01,2019-05-31,UAL,United Continental Holdings
2019-07-01,2019-05-31,VRSN,VeriSign
2019-07-01,2019-05-31,VRSK,Verisk Analytics
2019-07-01,2019-05-31,VRTX,Vertex Pharmaceuticals
2019-07-01,2019-05-31,WBA,Walgreen Boots Alliance
2019-07-01,2019-05-31,WDAY,"Workday, Inc."
2019-07-01,2019-05-31,WDC,Western Digital
2019-07-01,2019-05-31,WLTW,Willis Towers Watson
2019-07-01,2019-05-31,WYNN,Wynn Resorts
2019-07-01,2019-05-31,XEL,Xcel Energy
2019-07-01,2019-05-31,XLNX,"Xilinx, Inc."
2019-10-01,2019-09-25,ATVI,Activision Blizzard
2019-10-01,2019-09-25,ADBE,Adobe Inc.
2019-10-01,2019-09-25,AMD,Advanced Micro Devices
2019-10-01,2019-09-25,ALXN,Alexion Pharmaceuticals
2019-10-01,2019-09-25,ALGN,Align Technology
2019-10-01,2019-09-25,GOOGL,Alphabet Inc.
2019-10-01,2019-09-25,GOOG,Alphabet Inc.
2019-10-01,2019-09-25,AMZN,Amazon.com
2019-10-01,2019-09-25,AAL,American Airlines Group
2019-10-01,2019-09-25,AMGN,Amgen
2019-10-01,2019-09-25,ADI,Analog Devices
2019-10-01,2019-09-25,AAPL,Apple Inc.
2019-10-01,2019-09-25,AMAT,Applied Materials
2019-10-01,2019-09-25,ASML,ASML Holding
2019-10-01,2019-09-25,ADSK,Autodesk
2019-10-01,2019-09-25,ADP,Automatic Data Processing
2019-10-01,2019-09-25,BIDU,Baidu
2019-10-01,2019-09-25,BIIB,Biogen
2019-10-01,2019-09-25,BMRN,BioMarin Pharmaceutical
2019-10-01,2019-09-25,BKNG,Booking Holdings
2019-10-01,2019-09-25,AVGO,Broadcom Inc.
2019-10-01,2019-09-25,CDNS,Cadence Design Systems
2019-10-01,2019-09-25,CELG,Celgene
2019-10-01,2019-09-25,CERN,Cerner
2019-10-01,2019-09-25,CHTR,Charter Communications
2019-10-01,2019-09-25,CHKP,Check Point
2019-10-01,2019-09-25,CTAS,Cintas
2019-10-01,2019-09-25,CSCO,Cisco Systems
2019-10-01,2019-09-25,CTXS,Citrix Systems
2019-10-01,2019-09-25,CTSH,Cognizant
2019-10-01,2019-09-25,CMCSA,Comcast
2019-10-01,2019-09-25,COST,Costco
2019-10-01,2019-09-25,CSX,CSX Corporation
2019-10-01,2019-09-25,CTRP,Ctrip
2019-10-01,2019-09-25,DLTR,Dollar Tree
2019-10-01,2019-09-25,EBAY,eBay
2019-10-01,2019-09-25,EA,Electronic Arts
2019-10-01,2019-09-25,EXPE,Expedia Group
2019-10-01,2019-09-25,FB,"Facebook, Inc."
2019-10-01,2019-09-25,FAST,Fastenal
2019-10-01,2019-09-25,FISV,Fiserv
2019-10-01,2019-09-25,FOXA,Fox Corporation
2019-10-01,2019-09-25,FOX,Fox Corporation
2019-10-01,2019-09-25,GILD,Gilead Sciences
2019-10-01,2019-09-25,HAS,Hasbro
2019-10-01,2019-09-25,HSIC,Henry Schein
2019-10-01,2019-09-25,IDXX,Idexx Laboratories
2019-10-01,2019-09-25,ILMN,"Illumina, Inc."
2019-10-01,2019-09-25,INCY,Incyte
2019-10-01,2019-09-25,INTC,Intel Corporation
2019-10-01,2019-09-25,INTU,Intuit
2019-10-01,2019-09-25,ISRG,Intuitive Surgical
2019-10-01,2019-09-25,JBHT,J. B. Hunt
2019-10-01,2019-09-25,JD,JD.com
2019-10-01,2019-09-25,KLAC,KLA Corporation
2019-10-01,2019-09-25,KHC,Kraft Heinz
2019-10-01,2019-09-25,LRCX,Lam Research
2019-10-01,2019-09-25,LBTYA,Liberty Global
2019-10-01,2019-09-25,LBTYK,Liberty Global
2019-10-01,2019-09-25,LULU,Lululemon athletica
2019-10-01,2019-09-25,MAR,Marriott International
2019-10-01,2019-09-25,MXIM,Maxim Integrated Products
2019-10-01,2019-09-25,MELI,MercadoLibre
2019-10-01,2019-09-25,MCHP,Microchip Technology
2019-10-01,2019-09-25,MU,Micron Technology
2019-10-01,2019-09-25,MSFT,Microsoft
2019-10-01,2019-09-25,MDLZ,Mondelez International
2019-10-01,2019-09-25,MNST,Monster Beverage
2019-10-01,2019-09-25,MYL,Mylan
2019-10-01,2019-09-25,NTAP,NetApp
2019-10-01,2019-09-25,NTES,NetEase
2019-10-01,2019-09-25,NFLX,Netflix
2019-10-01,2019-09-25,NVDA,Nvidia
2019-10-01,2019-09-25,NXPI,NXP
2019-10-01,2019-09-25,ORLY,O'Reilly Auto Parts
2019-10-01,2019-09-25,PCAR,Paccar
2019-10-01,2019-09-25,PAYX,Paychex
2019-10-01,2019-09-25,PYPL,PayPal
2019-10-01,2019-09-25,PEP,PepsiCo
2019-10-01,2019-09-25,QCOM,Qualcomm
2019-10-01,2019-09-25,REGN,Regeneron Pharmaceuticals
2019-10-01,2019-09-25,ROST,Ross Stores
2019-10-01,2019-09-25,SIRI,Sirius XM Satellite Radio
2019-10-01,2019-09-25,SWKS,Skyworks Solutions
2019-10-01,2019-09-25,SBUX,Starbucks
2019-10-01,2019-09-25,SYMC,Symantec
2019-10-01,2019-09-25,SNPS,Synopsys
2019-10-01,2019-09-25,TMUS,T-Mobile US
2019-10-01,2019-09-25,TTWO,Take-Two Interactive
2019-10-01,2019-09-25,TSLA,"Tesla, Inc."
2019-10-01,2019-09-25,TXN,Texas Instruments
2019-10-01,2019-09-25,ULTA,Ulta Beauty
2019-10-01,2019-09-25,UAL,United Airlines Holdings
2019-10-01,2019-09-25,VRSN,VeriSign
2019-10-01,2019-09-25,VRSK,Verisk Analytics
2019-10-01,2019-09-25,VRTX,Vertex Pharmaceuticals
2019-10-01,2019-09-25,WBA,Walgreen Boots Alliance
2019-10-01,2019-09-25,WDAY,"Workday, Inc."
2019-10-01,2019-09-25,WDC,Western Digital
2019-10-01,2019-09-25,WLTW,Willis Towers Watson
2019-10-01,2019-09-25,WYNN,Wynn Resorts
2019-10-01,2019-09-25,XEL,Xcel Energy
2019-10-01,2019-09-25,XLNX,"Xilinx, Inc."
2020-01-01,2019-12-31,ATVI,Activision Blizzard
2020-01-01,2019-12-31,ADBE,Adobe Inc.
2020-01-01,2019-12-31,AMD,Advanced Micro Devices
2020-01-01,2019-12-31,ALXN,Alexion Pharmaceuticals
2020-01-01,2019-12-31,ALGN,Align Technology
2020-01-01,2019-12-31,GOOGL,Alphabet Inc.
2020-01-01,2019-12-31,GOOG,Alphabet Inc.
2020-01-01,2019-12-31,AMZN,Amazon.com
2020-01-01,2019-12-31,AAL,American Airlines Group
2020-01-01,2019-12-31,AMGN,Amgen
2020-01-01,2019-12-31,ADI,Analog Devices
2020-01-01,2019-12-31,ANSS,ANSYS
2020-01-01,2019-12-31,AAPL,Apple Inc.
2020-01-01,2019-12-31,AMAT,Applied Materials
2020-01-01,2019-12-31,ASML,ASML Holding
2020-01-01,2019-12-31,ADSK,Autodesk
2020-01-01,2019-12-31,ADP,Automatic Data Processing
2020-01-01,2019-12-31,BIDU,Baidu
2020-01-01,2019-12-31,BIIB,Biogen
2020-01-01,2019-12-31,BMRN,BioMarin Pharmaceutical
2020-01-01,2019-12-31,BKNG,Booking Holdings
2020-01-01,2019-12-31,AVGO,Broadcom Inc.
2020-01-01,2019-12-31,CDNS,Cadence Design Systems
2020-01-01,2019-12-31,CDW,CDW
2020-01-01,2019-12-31,CERN,Cerner
2020-01-01,2019-12-31,CHTR,Charter Communications
2020-01-01,2019-12-31,CHKP,Check Point
2020-01-01,2019-12-31,CTAS,Cintas
2020-01-01,2019-12-31,CSCO,Cisco Systems
2020-01-01,2019-12-31,CTXS,Citrix Systems
2020-01-01,2019-12-31,CTSH,Cognizant
2020-01-01,2019-12-31,CMCSA,Comcast
2020-01-01,2019-12-31,CPRT,Copart
2020-01-01,2019-12-31,CSGP,CoStar Group
2020-01-01,2019-12-31,COST,Costco
2020-01-01,2019-12-31,CSX,CSX Corporation
2020-01-01,2019-12-31,DLTR,Dollar Tree
2020-01-01,2019-12-31,EBAY,eBay
2020-01-01,2019-12-31,EA,Electronic Arts
2020-01-01,2019-12-31,EXC,Exelon
2020-01-01,2019-12-31,EXPE,Expedia Group
2020-01-01,2019-12-31,FB,"Facebook, Inc."
2020-01-01,2019-12-31,FAST,Fastenal
2020-01-01,2019-12-31,FISV,Fiserv
2020-01-01,2019-12-31,FOXA,Fox Corporation
2020-01-01,2019-12-31,FOX,Fox Corporation
2020-01-01,2019-12-31,GILD,Gilead Sciences
2020-01-01,2019-12-31,IDXX,IDEXX Laboratories
2020-01-01,2019-12-31,ILMN,"Illumina, Inc."
2020-01-01,2019-12-31,INCY,Incyte
2020-01-01,2019-12-31,INTC,Intel Corporation
2020-01-01,2019-12-31,INTU,Intuit
2020-01-01,2019-12-31,ISRG,Intuitive Surgical
2020-01-01,2019-12-31,JD,JD.com
2020-01-01,2019-12-31,KLAC,KLA Corporation
2020-01-01,2019-12-31,KHC,Kraft Heinz
2020-01-01,2019-12-31,LRCX,Lam Research
2020-01-01,2019-12-31,LBTYA,Liberty Global
2020-01-01,2019-12-31,LBTYK,Liberty Global
2020-01-01,2019-12-31,LULU,Lululemon athletica
2020-01-01,2019-12-31,MAR,Marriott International
2020-01-01,2019-12-31,MXIM,Maxim Integrated Products
2020-01-01,2019-12-31,MELI,MercadoLibre
2020-01-01,2019-12-31,MCHP,Microchip Technology
2020-01-01,2019-12-31,MU,Micron Technology
2020-01-01,2019-12-31,MSFT,Microsoft
2020-01-01,2019-12-31,MDLZ,Mondelez International
2020-01-01,2019-12-31,MNST,Monster Beverage
2020-01-01,2019-12-31,NTAP,NetApp
2020-01-01,2019-12-31,NTES,NetEase
2020-01-01,2019-12-31,NFLX,Netflix
2020-01-01,2019-12-31,NVDA,Nvidia
2020-01-01,2019-12-31,NXPI,NXP
2020-01-01,2019-12-31,ORLY,O'Reilly Auto Parts
2020-01-01,2019-12-31,PCAR,Paccar
2020-01-01,2019-12-31,PAYX,Paychex
2020-01-01,2019-12-31,PYPL,PayPal
2020-01-01,2019-12-31,PEP,PepsiCo
2020-01-01,2019-12-31,QCOM,Qualcomm
2020-01-01,2019-12-31,REGN,Regeneron Pharmaceuticals
2020-01-01,2019-12-31,ROST,Ross Stores
2020-01-01,2019-12-31,SGEN,Seattle Genetics
2020-01-01,2019-12-31,SIRI,Sirius XM Satellite Radio
2020-01-01,2019-12-31,SWKS,Skyworks Solutions
2020-01-01,2019-12-31,SPLK,Splunk
2020-01-01,2019-12-31,SBUX,Starbucks
2020-01-01,2019-12-31,SNPS,Synopsys
2020-01-01,2019-12-31,TMUS,T-Mobile US
2020-01-01,2019-12-31,TTWO,Take-Two Interactive
2020-01-01,2019-12-31,TSLA,"Tesla, Inc."
2020-01-01,2019-12-31,TXN,Texas Instruments
2020-01-01,2019-12-31,TCOM,Trip.com Group
2020-01-01,2019-12-31,ULTA,Ulta Beauty
2020-01-01,2019-12-31,UAL,United Airlines Holdings
2020-01-01,2019-12-31,VRSN,VeriSign
2020-01-01,2019-12-31,VRSK,Verisk Analytics
2020-01-01,2019-12-31,VRTX,Vertex Pharmaceuticals
2020-01-01,2019-12-31,WBA,Walgreen Boots Alliance
2020-01-01,2019-12-31,WDAY,"Workday, Inc."
2020-01-01,2019-12-31,WDC,Western Digital
2020-01-01,2019-12-31,WLTW,Willis Towers Watson
2020-01-01,2019-12-31,XEL,Xcel Energy
2020-01-01,2019-12-31,XLNX,"Xilinx, Inc."
2020-04-01,2020-03-07,ATVI,Activision Blizzard
2020-04-01,2020-03-07,ADBE,Adobe Inc.
2020-04-01,2020-03-07,AMD,Advanced Micro Devices
2020-04-01,2020-03-07,ALXN,Alexion Pharmaceuticals
2020-04-01,2020-03-07,ALGN,Align Technology
2020-04-01,2020-03-07,GOOGL,Alphabet Inc.
2020-04-01,2020-03-07,GOOG,Alphabet Inc.
2020-04-01,2020-03-07,AMZN,Amazon.com
2020-04-01,2020-03-07,AAL,American Airlines Group
2020-04-01,2020-03-07,AMGN,Amgen
2020-04-01,2020-03-07,ADI,Analog Devices
2020-04-01,2020-03-07,ANSS,ANSYS
2020-04-01,2020-03-07,AAPL,Apple Inc.
2020-04-01,2020-03-07,AMAT,Applied Materials
2020-04-01,2020-03-07,ASML,ASML Holding
2020-04-01,2020-03-07,ADSK,Autodesk
2020-04-01,2020-03-07,ADP,Automatic Data Processing
2020-04-01,2020-03-07,BIDU,Baidu
2020-04-01,2020-03-07,BIIB,Biogen
2020-04-01,2020-03-07,BMRN,BioMarin Pharmaceutical
2020-04-01,2020-03-07,BKNG,Booking Holdings
2020-04-01,2020-03-07,AVGO,Broadcom Inc.
2020-04-01,2020-03-07,CDNS,Cadence Design Systems
2020-04-01,2020-03-07,CDW,CDW
2020-04-01,2020-03-07,CERN,Cerner
2020-04-01,2020-03-07,CHTR,Charter Communications
2020-04-01,2020-03-07,CHKP,Check Point
2020-04-01,2020-03-07,CTAS,Cintas
2020-04-01,2020-03-07,CSCO,Cisco Systems
2020-04-01,2020-03-07,CTXS,Citrix Systems
2020-04-01,2020-03-07,CTSH,Cognizant
2020-04-01,2020-03-07,CMCSA,Comcast
2020-04-01,2020-03-07,CPRT,Copart
2020-04-01,2020-03-07,CSGP,CoStar Group
2020-04-01,2020-03-07,COST,Costco
2020-04-01,2020-03-07,CSX,CSX Corporation
2020-04-01,2020-03-07,DLTR,Dollar Tree
2020-04-01,2020-03-07,EBAY,eBay
2020-04-01,2020-03-07,EA,Electronic Arts
2020-04-01,2020-03-07,EXC,Exelon
2020-04-01,2020-03-07,EXPE,Expedia Group
2020-04-01,2020-03-07,FB,"Facebook, Inc."
2020-04-01,2020-03-07,FAST,Fastenal
2020-04-01,2020-03-07,FISV,Fiserv
2020-04-01,2020-03-07,FOXA,Fox Corporation
2020-04-01,2020-03-07,FOX,Fox Corporation
2020-04-01,2020-03-07,GILD,Gilead Sciences
2020-04-01,2020-03-07,IDXX,IDEXX Laboratories
2020-04-01,2020-03-07,ILMN,"Illumina, Inc."
2020-04-01,2020-03-07,INCY,Incyte
2020-04-01,2020-03-07,INTC,Intel Corporation
2020-04-01,2020-03-07,INTU,Intuit
2020-04-01,2020-03-07,ISRG,Intuitive Surgical
2020-04-01,2020-03-07,JD,JD.com
2020-04-01,2020-03-07,KLAC,KLA Corporation
2020-04-01,2020-03-07,KHC,Kraft Heinz
2020-04-01,2020-03-07,LRCX,Lam Research
2020-04-01,2020-03-07,LBTYA,Liberty Global
2020-04-01,2020-03-07,LBTYK,Liberty Global
2020-04-01,2020-03-07,LULU,Lululemon athletica
2020-04-01,2020-03-07,MAR,Marriott International
2020-04-01,2020-03-07,MXIM,Maxim Integrated Products
2020-04-01,2020-03-07,MELI,MercadoLibre
2020-04-01,2020-03-07,MCHP,Microchip Technology
2020-04-01,2020-03-07,MU,Micron Technology
2020-04-01,2020-03-07,MSFT,Microsoft
2020-04-01,2020-03-07,MDLZ,Mondelez International
2020-04-01,2020-03-07,MNST,Monster Beverage
2020-04-01,2020-03-07,NTAP,NetApp
2020-04-01,2020-03-07,NTES,NetEase
2020-04-01,2020-03-07,NFLX,Netflix
2020-04-01,2020-03-07,NVDA,Nvidia
2020-04-01,2020-03-07,NXPI,NXP
2020-04-01,2020-03-07,ORLY,O'Reilly Auto Parts
2020-04-01,2020-03-07,PCAR,Paccar
2020-04-01,2020-03-07,PAYX,Paychex
2020-04-01,2020-03-07,PYPL,PayPal
2020-04-01,2020-03-07,PEP,PepsiCo
2020-04-01,2020-03-07,QCOM,Qualcomm
2020-04-01,2020-03-07,REGN,Regeneron Pharmaceuticals
2020-04-01,2020-03-07,ROST,Ross Stores
2020-04-01,2020-03-07,SGEN,Seattle Genetics
2020-04-01,2020-03-07,SIRI,Sirius XM Satellite Radio
2020-04-01,2020-03-07,SWKS,Skyworks Solutions
2020-04-01,2020-03-07,SPLK,Splunk
2020-04-01,2020-03-07,SBUX,Starbucks
2020-04-01,2020-03-07,SNPS,Synopsys
2020-04-01,2020-03-07,TMUS,T-Mobile US
2020-04-01,2020-03-07,TTWO,Take-Two Interactive
2020-04-01,2020-03-07,TSLA,"Tesla, Inc."
2020-04-01,2020-03-07,TXN,Texas Instruments
2020-04-01,2020-03-07,TCOM,Trip.com Group
2020-04-01,2020-03-07,ULTA,Ulta Beauty
2020-04-01,2020-03-07,UAL,United Airlines Holdings
2020-04-01,2020-03-07,VRSN,VeriSign
2020-04-01,2020-03-07,VRSK,Verisk Analytics
2020-04-01,2020-03-07,VRTX,Vertex Pharmaceuticals
2020-04-01,2020-03-07,WBA,Walgreen Boots Alliance
2020-04-01,2020-03-07,WDAY,"Workday, Inc."
2020-04-01,2020-03-07,WDC,Western Digital
2020-04-01,2020-03-07,WLTW,Willis Towers Watson
2020-04-01,2020-03-07,XEL,Xcel Energy
2020-04-01,2020-03-07,XLNX,"Xilinx, Inc."
2020-07-01,2020-06-29,ATVI,Activision Blizzard
2020-07-01,2020-06-29,ADBE,Adobe Inc.
2020-07-01,2020-06-29,AMD,Advanced Micro Devices
2020-07-01,2020-06-29,ALXN,Alexion Pharmaceuticals
2020-07-01,2020-06-29,ALGN,Align Technology
2020-07-01,2020-06-29,GOOGL,Alphabet Inc.
2020-07-01,2020-06-29,GOOG,Alphabet Inc.
2020-07-01,2020-06-29,AMZN,Amazon (company)
2020-07-01,2020-06-29,AMGN,Amgen
2020-07-01,2020-06-29,ADI,Analog Devices
2020-07-01,2020-06-29,ANSS,ANSYS
2020-07-01,2020-06-29,AAPL,Apple Inc.
2020-07-01,2020-06-29,AMAT,Applied Materials
2020-07-01,2020-06-29,ASML,ASML Holding
2020-07-01,2020-06-29,ADSK,Autodesk
2020-07-01,2020-06-29,ADP,Automatic Data Processing
2020-07-01,2020-06-29,BIDU,Baidu
2020-07-01,2020-06-29,BIIB,Biogen
2020-07-01,2020-06-29,BMRN,BioMarin Pharmaceutical
2020-07-01,2020-06-29,BKNG,Booking Holdings
2020-07-01,2020-06-29,AVGO,Broadcom Inc.
2020-07-01,2020-06-29,CDNS,Cadence Design Systems
2020-07-01,2020-06-29,CDW,CDW
2020-07-01,2020-06-29,CERN,Cerner
2020-07-01,2020-06-29,CHTR,Charter Communications
2020-07-01,2020-06-29,CHKP,Check Point
2020-07-01,2020-06-29,CTAS,Cintas
2020-07-01,2020-06-29,CSCO,Cisco Systems
2020-07-01,2020-06-29,CTXS,Citrix Systems
2020-07-01,2020-06-29,CTSH,Cognizant
2020-07-01,2020-06-29,CMCSA,Comcast
2020-07-01,2020-06-29,CPRT,Copart
2020-07-01,2020-06-29,CSGP,CoStar Group
2020-07-01,2020-06-29,COST,Costco
2020-07-01,2020-06-29,CSX,CSX Corporation
2020-07-01,2020-06-29,DXCM,Dexcom
2020-07-01,2020-06-29,DLTR,Dollar Tree
2020-07-01,2020-06-29,EBAY,eBay
2020-07-01,2020-06-29,EA,Electronic Arts
2020-07-01,2020-06-29,EXC,Exelon
2020-07-01,2020-06-29,EXPE,Expedia Group
2020-07-01,2020-06-29,FB,"Facebook, Inc."
2020-07-01,2020-06-29,FAST,Fastenal
2020-07-01,2020-06-29,FISV,Fiserv
2020-07-01,2020-06-29,FOXA,Fox Corporation
2020-07-01,2020-06-29,FOX,Fox Corporation
2020-07-01,2020-06-29,GILD,Gilead Sciences
2020-07-01,2020-06-29,IDXX,IDEXX Laboratories
2020-07-01,2020-06-29,ILMN,"Illumina, Inc."
2020-07-01,2020-06-29,INCY,Incyte
2020-07-01,2020-06-29,INTC,Intel Corporation
2020-07-01,2020-06-29,INTU,Intuit
2020-07-01,2020-06-29,ISRG,Intuitive Surgical
2020-07-01,2020-06-29,JD,JD.com
2020-07-01,2020-06-29,KLAC,KLA Corporation
2020-07-01,2020-06-29,KHC,Kraft Heinz
2020-07-01,2020-06-29,LRCX,Lam Research
2020-07-01,2020-06-29,LBTYA,Liberty Global
2020-07-01,2020-06-29,LBTYK,Liberty Global
2020-07-01,2020-06-29,LULU,Lululemon Athletica
2020-07-01,2020-06-29,MAR,Marriott International
2020-07-01,2020-06-29,MXIM,Maxim Integrated Products
2020-07-01,2020-06-29,MELI,MercadoLibre
2020-07-01,2020-06-29,MCHP,Microchip Technology
2020-07-01,2020-06-29,MU,Micron Technology
2020-07-01,2020-06-29,MSFT,Microsoft
2020-07-01,2020-06-29,MDLZ,Mondelez International
2020-07-01,2020-06-29,MNST,Monster Beverage
2020-07-01,2020-06-29,NTAP,NetApp
2020-07-01,2020-06-29,NTES,NetEase
2020-07-01,2020-06-29,NFLX,Netflix
2020-07-01,2020-06-29,NVDA,Nvidia
2020-07-01,2020-06-29,NXPI,NXP
2020-07-01,2020-06-29,ORLY,O'Reilly Auto Parts
2020-07-01,2020-06-29,PCAR,Paccar
2020-07-01,2020-06-29,PAYX,Paychex
2020-07-01,2020-06-29,PYPL,PayPal
2020-07-01,2020-06-29,PEP,PepsiCo
2020-07-01,2020-06-29,QCOM,Qualcomm
2020-07-01,2020-06-29,REGN,Regeneron Pharmaceuticals
2020-07-01,2020-06-29,ROST,Ross Stores
2020-07-01,2020-06-29,SGEN,Seattle Genetics
2020-07-01,2020-06-29,SIRI,Sirius XM Satellite Radio
2020-07-01,2020-06-29,SWKS,Skyworks Solutions
2020-07-01,2020-06-29,SPLK,Splunk
2020-07-01,2020-06-29,SBUX,Starbucks
2020-07-01,2020-06-29,SNPS,Synopsys
2020-07-01,2020-06-29,TMUS,T-Mobile US
2020-07-01,2020-06-29,TTWO,Take-Two Interactive
2020-07-01,2020-06-29,TSLA,"Tesla, Inc."
2020-07-01,2020-06-29,TXN,Texas Instruments
2020-07-01,2020-06-29,TCOM,Trip.com Group
2020-07-01,2020-06-29,ULTA,Ulta Beauty
2020-07-01,2020-06-29,UAL,United Airlines Holdings
2020-07-01,2020-06-29,VRSN,VeriSign
2020-07-01,2020-06-29,VRSK,Verisk Analytics
2020-07-01,2020-06-29,VRTX,Vertex Pharmaceuticals
2020-07-01,2020-06-29,WBA,Walgreen Boots Alliance
2020-07-01,2020-06-29,WDAY,"Workday, Inc."
2020-07-01,2020-06-29,WDC,Western Digital
2020-07-01,2020-06-29,XEL,Xcel Energy
2020-07-01,2020-06-29,XLNX,"Xilinx, Inc."
2020-07-01,2020-06-29,ZM,Zoom Video Communications
2020-10-01,2020-09-27,ATVI,Activision Blizzard
2020-10-01,2020-09-27,ADBE,Adobe Inc.
2020-10-01,2020-09-27,AMD,Advanced Micro Devices
2020-10-01,2020-09-27,ALXN,Alexion Pharmaceuticals
2020-10-01,2020-09-27,ALGN,Align Technology
2020-10-01,2020-09-27,GOOGL,Alphabet Inc.
2020-10-01,2020-09-27,GOOG,Alphabet Inc.
2020-10-01,2020-09-27,AMZN,Amazon (company)
2020-10-01,2020-09-27,AMGN,Amgen
2020-10-01,2020-09-27,ADI,Analog Devices
2020-10-01,2020-09-27,ANSS,ANSYS
2020-10-01,2020-09-27,AAPL,Apple Inc.
2020-10-01,2020-09-27,AMAT,Applied Materials
2020-10-01,2020-09-27,ASML,ASML Holding
2020-10-01,2020-09-27,ADSK,Autodesk
2020-10-01,2020-09-27,ADP,Automatic Data Processing
2020-10-01,2020-09-27,BIDU,Baidu
2020-10-01,2020-09-27,BIIB,Biogen
2020-10-01,2020-09-27,BMRN,BioMarin Pharmaceutical
2020-10-01,2020-09-27,BKNG,Booking Holdings
2020-10-01,2020-09-27,AVGO,Broadcom Inc.
2020-10-01,2020-09-27,CDNS,Cadence Design Systems
2020-10-01,2020-09-27,CDW,CDW
2020-10-01,2020-09-27,CERN,Cerner
2020-10-01,2020-09-27,CHTR,Charter Communications
2020-10-01,2020-09-27,CHKP,Check Point
2020-10-01,2020-09-27,CTAS,Cintas
2020-10-01,2020-09-27,CSCO,Cisco Systems
2020-10-01,2020-09-27,CTXS,Citrix Systems
2020-10-01,2020-09-27,CTSH,Cognizant
2020-10-01,2020-09-27,CMCSA,Comcast
2020-10-01,2020-09-27,CPRT,Copart
2020-10-01,2020-09-27,COST,Costco
2020-10-01,2020-09-27,CSX,CSX Corporation
2020-10-01,2020-09-27,DXCM,DexCom
2020-10-01,2020-09-27,DOCU,DocuSign
2020-10-01,2020-09-27,DLTR,Dollar Tree
2020-10-01,2020-09-27,EBAY,eBay
2020-10-01,2020-09-27,EA,Electronic Arts
2020-10-01,2020-09-27,EXC,Exelon
2020-10-01,2020-09-27,EXPE,Expedia Group
2020-10-01,2020-09-27,FB,"Facebook, Inc."
2020-10-01,2020-09-27,FAST,Fastenal
2020-10-01,2020-09-27,FISV,Fiserv
2020-10-01,2020-09-27,FOXA,Fox Corporation
2020-10-01,2020-09-27,FOX,Fox Corporation
2020-10-01,2020-09-27,GILD,Gilead Sciences
2020-10-01,2020-09-27,IDXX,IDEXX Laboratories
2020-10-01,2020-09-27,ILMN,"Illumina, Inc."
2020-10-01,2020-09-27,INCY,Incyte
2020-10-01,2020-09-27,INTC,Intel Corporation
2020-10-01,2020-09-27,INTU,Intuit
2020-10-01,2020-09-27,ISRG,Intuitive Surgical
2020-10-01,2020-09-27,JD,JD.com
2020-10-01,2020-09-27,KLAC,KLA Corporation
2020-10-01,2020-09-27,KHC,Kraft Heinz Co
2020-10-01,2020-09-27,LRCX,Lam Research
2020-10-01,2020-09-27,LBTYA,Liberty Global
2020-10-01,2020-09-27,LBTYK,Liberty Global
2020-10-01,2020-09-27,LULU,Lululemon Athletica
2020-10-01,2020-09-27,MAR,Marriott International
2020-10-01,2020-09-27,MXIM,Maxim Integrated Products
2020-10-01,2020-09-27,MELI,MercadoLibre
2020-10-01,2020-09-27,MCHP,Microchip Technology
2020-10-01,2020-09-27,MU,Micron Technology
2020-10-01,2020-09-27,MSFT,Microsoft
2020-10-01,2020-09-27,MRNA,Moderna
2020-10-01,2020-09-27,MDLZ,Mondelez International
2020-10-01,2020-09-27,MNST,Monster Beverage
2020-10-01,2020-09-27,NTES,NetEase
2020-10-01,2020-09-27,NFLX,Netflix
2020-10-01,2020-09-27,NVDA,Nvidia
2020-10-01,2020-09-27,NXPI,NXP
2020-10-01,2020-09-27,ORLY,O'Reilly Auto Parts
2020-10-01,2020-09-27,PCAR,Paccar
2020-10-01,2020-09-27,PAYX,Paychex
2020-10-01,2020-09-27,PYPL,PayPal
2020-10-01,2020-09-27,PEP,PepsiCo
2020-10-01,2020-09-27,PDD,Pinduoduo
2020-10-01,2020-09-27,QCOM,Qualcomm
2020-10-01,2020-09-27,REGN,Regeneron Pharmaceuticals
2020-10-01,2020-09-27,ROST,Ross Stores
2020-10-01,2020-09-27,SGEN,Seattle Genetics
2020-10-01,2020-09-27,SIRI,Sirius XM Satellite Radio
2020-10-01,2020-09-27,SWKS,Skyworks Solutions
2020-10-01,2020-09-27,SPLK,Splunk
2020-10-01,2020-09-27,SBUX,Starbucks
2020-10-01,2020-09-27,SNPS,Synopsys
2020-10-01,2020-09-27,TMUS,T-Mobile US
2020-10-01,2020-09-27,TTWO,Take-Two Interactive
2020-10-01,2020-09-27,TSLA,"Tesla, Inc."
2020-10-01,2020-09-27,TXN,Texas Instruments
2020-10-01,2020-09-27,TCOM,Trip.com Group
2020-10-01,2020-09-27,ULTA,Ulta Beauty
2020-10-01,2020-09-27,VRSN,Verisign
2020-10-01,2020-09-27,VRSK,Verisk Analytics
2020-10-01,2020-09-27,VRTX,Vertex Pharmaceuticals
2020-10-01,2020-09-27,WBA,Walgreen Boots Alliance
2020-10-01,2020-09-27,WDAY,"Workday, Inc."
2020-10-01,2020-09-27,WDC,Western Digital
2020-10-01,2020-09-27,XEL,Xcel Energy
2020-10-01,2020-09-27,XLNX,"Xilinx, Inc."
2020-10-01,2020-09-27,ZM,Zoom Video Communications
2021-01-01,2020-12-31,ATVI,Activision Blizzard
2021-01-01,2020-12-31,ADBE,Adobe Inc.
2021-01-01,2020-12-31,AMD,Advanced Micro Devices
2021-01-01,2020-12-31,ALXN,Alexion Pharmaceuticals
2021-01-01,2020-12-31,ALGN,Align Technology
2021-01-01,2020-12-31,GOOGL,Alphabet Inc.
2021-01-01,2020-12-31,GOOG,Alphabet Inc.
2021-01-01,2020-12-31,AMZN,Amazon (company)
2021-01-01,2020-12-31,AEP,American Electric Power
2021-01-01,2020-12-31,AMGN,Amgen
2021-01-01,2020-12-31,ADI,Analog Devices
2021-01-01,2020-12-31,ANSS,ANSYS
2021-01-01,2020-12-31,AAPL,Apple Inc.
2021-01-01,2020-12-31,AMAT,Applied Materials
2021-01-01,2020-12-31,ASML,ASML Holding
2021-01-01,2020-12-31,TEAM,Atlassian
2021-01-01,2020-12-31,ADSK,Autodesk
2021-01-01,2020-12-31,ADP,Automatic Data Processing
2021-01-01,2020-12-31,BIDU,Baidu
2021-01-01,2020-12-31,BIIB,Biogen
2021-01-01,2020-12-31,BKNG,Booking Holdings
2021-01-01,2020-12-31,AVGO,Broadcom Inc.
2021-01-01,2020-12-31,CDNS,Cadence Design Systems
2021-01-01,2020-12-31,CDW,CDW
2021-01-01,2020-12-31,CERN,Cerner
2021-01-01,2020-12-31,CHTR,Charter Communications
2021-01-01,2020-12-31,CHKP,Check Point
2021-01-01,2020-12-31,CTAS,Cintas
2021-01-01,2020-12-31,CSCO,Cisco Systems
2021-01-01,2020-12-31,CTSH,Cognizant
2021-01-01,2020-12-31,CMCSA,Comcast
2021-01-01,2020-12-31,CPRT,Copart
2021-01-01,2020-12-31,COST,Costco
2021-01-01,2020-12-31,CSX,CSX Corporation
2021-01-01,2020-12-31,DXCM,DexCom
2021-01-01,2020-12-31,DOCU,DocuSign
2021-01-01,2020-12-31,DLTR,Dollar Tree
2021-01-01,2020-12-31,EBAY,eBay
2021-01-01,2020-12-31,EA,Electronic Arts
2021-01-01,2020-12-31,EXC,Exelon
2021-01-01,2020-12-31,FB,"Facebook, Inc."
2021-01-01,2020-12-31,FAST,Fastenal
2021-01-01,2020-12-31,FISV,Fiserv
2021-01-01,2020-12-31,FOXA,Fox Corporation
2021-01-01,2020-12-31,FOX,Fox Corporation
2021-01-01,2020-12-31,GILD,Gilead Sciences
2021-01-01,2020-12-31,IDXX,IDEXX Laboratories
2021-01-01,2020-12-31,ILMN,"Illumina, Inc."
2021-01-01,2020-12-31,INCY,Incyte
2021-01-01,2020-12-31,INTC,Intel Corporation
2021-01-01,2020-12-31,INTU,Intuit
2021-01-01,2020-12-31,ISRG,Intuitive Surgical
2021-01-01,2020-12-31,JD,JD.com
2021-01-01,2020-12-31,KDP,Keurig Dr Pepper
2021-01-01,2020-12-31,KLAC,KLA Corporation
2021-01-01,2020-12-31,KHC,Kraft Heinz Co
2021-01-01,2020-12-31,LRCX,Lam Research
2021-01-01,2020-12-31,LULU,Lululemon Athletica
2021-01-01,2020-12-31,MAR,Marriott International
2021-01-01,2020-12-31,MRVL,Marvell Technology Group
2021-01-01,2020-12-31,MTCH,Match Group
2021-01-01,2020-12-31,MXIM,Maxim Integrated Products
2021-01-01,2020-12-31,MELI,MercadoLibre
2021-01-01,2020-12-31,MCHP,Microchip Technology
2021-01-01,2020-12-31,MU,Micron Technology
2021-01-01,2020-12-31,MSFT,Microsoft
2021-01-01,2020-12-31,MRNA,Moderna
2021-01-01,2020-12-31,MDLZ,Mondelez International
2021-01-01,2020-12-31,MNST,Monster Beverage
2021-01-01,2020-12-31,NTES,NetEase
2021-01-01,2020-12-31,NFLX,Netflix
2021-01-01,2020-12-31,NVDA,Nvidia
2021-01-01,2020-12-31,NXPI,NXP
2021-01-01,2020-12-31,ORLY,O'Reilly Auto Parts
2021-01-01,2020-12-31,OKTA,Okta (identity management)
2021-01-01,2020-12-31,PCAR,Paccar
2021-01-01,2020-12-31,PAYX,Paychex
2021-01-01,2020-12-31,PYPL,PayPal
2021-01-01,2020-12-31,PTON,Peloton Interactive
2021-01-01,2020-12-31,PEP,PepsiCo
2021-01-01,2020-12-31,PDD,Pinduoduo
2021-01-01,2020-12-31,QCOM,Qualcomm
2021-01-01,2020-12-31,REGN,Regeneron Pharmaceuticals
2021-01-01,2020-12-31,ROST,Ross Stores
2021-01-01,2020-12-31,SGEN,Seagen
2021-01-01,2020-12-31,SIRI,Sirius XM Satellite Radio
2021-01-01,2020-12-31,SWKS,Skyworks Solutions
2021-01-01,2020-12-31,SPLK,Splunk
2021-01-01,2020-12-31,SBUX,Starbucks
2021-01-01,2020-12-31,SNPS,Synopsys
2021-01-01,2020-12-31,TMUS,T-Mobile US
2021-01-01,2020-12-31,TSLA,"Tesla, Inc."
2021-01-01,2020-12-31,TXN,Texas Instruments
2021-01-01,2020-12-31,TCOM,Trip.com Group
2021-01-01,2020-12-31,VRSN,Verisign
2021-01-01,2020-12-31,VRSK,Verisk Analytics
2021-01-01,2020-12-31,VRTX,Vertex Pharmaceuticals
2021-01-01,2020-12-31,WBA,Walgreen Boots Alliance
2021-01-01,2020-12-31,WDAY,"Workday, Inc."
2021-01-01,2020-12-31,XEL,Xcel Energy
2021-01-01,2020-12-31,XLNX,"Xilinx, Inc."
2021-01-01,2020-12-31,ZM,Zoom Video Communications
2021-04-01,2021-03-30,ATVI,Activision Blizzard
2021-04-01,2021-03-30,ADBE,Adobe Inc.
2021-04-01,2021-03-30,AMD,Advanced Micro Devices
2021-04-01,2021-03-30,ALXN,Alexion Pharmaceuticals
2021-04-01,2021-03-30,ALGN,Align Technology
2021-04-01,2021-03-30,GOOGL,Alphabet Inc.
2021-04-01,2021-03-30,GOOG,Alphabet Inc.
2021-04-01,2021-03-30,AMZN,Amazon (company)
2021-04-01,2021-03-30,AEP,American Electric Power
2021-04-01,2021-03-30,AMGN,Amgen
2021-04-01,2021-03-30,ADI,Analog Devices
2021-04-01,2021-03-30,ANSS,Ansys
2021-04-01,2021-03-30,AAPL,Apple Inc.
2021-04-01,2021-03-30,AMAT,Applied Materials
2021-04-01,2021-03-30,ASML,ASML Holding
2021-04-01,2021-03-30,TEAM,Atlassian
2021-04-01,2021-03-30,ADSK,Autodesk
2021-04-01,2021-03-30,ADP,Automatic Data Processing
2021-04-01,2021-03-30,BIDU,Baidu
2021-04-01,2021-03-30,BIIB,Biogen
2021-04-01,2021-03-30,BKNG,Booking Holdings
2021-04-01,2021-03-30,AVGO,Broadcom Inc.
2021-04-01,2021-03-30,CDNS,Cadence Design Systems
2021-04-01,2021-03-30,CDW,CDW
2021-04-01,2021-03-30,CERN,Cerner
2021-04-01,2021-03-30,CHTR,Charter Communications
2021-04-01,2021-03-30,CHKP,Check Point
2021-04-01,2021-03-30,CTAS,Cintas
2021-04-01,2021-03-30,CSCO,Cisco Systems
2021-04-01,2021-03-30,CTSH,Cognizant
2021-04-01,2021-03-30,CMCSA,Comcast
2021-04-01,2021-03-30,CPRT,Copart
2021-04-01,2021-03-30,COST,Costco
2021-04-01,2021-03-30,CSX,CSX Corporation
2021-04-01,2021-03-30,DXCM,DexCom
2021-04-01,2021-03-30,DOCU,DocuSign
2021-04-01,2021-03-30,DLTR,Dollar Tree
2021-04-01,2021-03-30,EBAY,eBay
2021-04-01,2021-03-30,EA,Electronic Arts
2021-04-01,2021-03-30,EXC,Exelon
2021-04-01,2021-03-30,FB,"Facebook, Inc."
2021-04-01,2021-03-30,FAST,Fastenal
2021-04-01,2021-03-30,FISV,Fiserv
2021-04-01,2021-03-30,FOXA,Fox Corporation
2021-04-01,2021-03-30,FOX,Fox Corporation
2021-04-01,2021-03-30,GILD,Gilead Sciences
2021-04-01,2021-03-30,IDXX,Idexx Laboratories
2021-04-01,2021-03-30,ILMN,"Illumina, Inc."
2021-04-01,2021-03-30,INCY,Incyte
2021-04-01,2021-03-30,INTC,Intel Corporation
2021-04-01,2021-03-30,INTU,Intuit
2021-04-01,2021-03-30,ISRG,Intuitive Surgical
2021-04-01,2021-03-30,JD,JD.com
2021-04-01,2021-03-30,KDP,Keurig Dr Pepper
2021-04-01,2021-03-30,KLAC,KLA Corporation
2021-04-01,2021-03-30,KHC,Kraft Heinz Co
2021-04-01,2021-03-30,LRCX,Lam Research
2021-04-01,2021-03-30,LULU,Lululemon Athletica
2021-04-01,2021-03-30,MAR,Marriott International
2021-04-01,2021-03-30,MRVL,Marvell Technology Group
2021-04-01,2021-03-30,MTCH,Match Group
2021-04-01,2021-03-30,MXIM,Maxim Integrated Products
2021-04-01,2021-03-30,MELI,MercadoLibre
2021-04-01,2021-03-30,MCHP,Microchip Technology
2021-04-01,2021-03-30,MU,Micron Technology
2021-04-01,2021-03-30,MSFT,Microsoft
2021-04-01,2021-03-30,MRNA,Moderna
2021-04-01,2021-03-30,MDLZ,Mondelez International
2021-04-01,2021-03-30,MNST,Monster Beverage
2021-04-01,2021-03-30,NTES,NetEase
2021-04-01,2021-03-30,NFLX,Netflix
2021-04-01,2021-03-30,NVDA,Nvidia
2021-04-01,2021-03-30,NXPI,NXP Semiconductors
2021-04-01,2021-03-30,ORLY,O'Reilly Auto Parts
2021-04-01,2021-03-30,OKTA,Okta (identity management)
2021-04-01,2021-03-30,PCAR,Paccar
2021-04-01,2021-03-30,PAYX,Paychex
2021-04-01,2021-03-30,PYPL,PayPal
2021-04-01,2021-03-30,PTON,Peloton Interactive
2021-04-01,2021-03-30,PEP,PepsiCo
2021-04-01,2021-03-30,PDD,Pinduoduo
2021-04-01,2021-03-30,QCOM,Qualcomm
2021-04-01,2021-03-30,REGN,Regeneron Pharmaceuticals
2021-04-01,2021-03-30,ROST,Ross Stores
2021-04-01,2021-03-30,SGEN,Seagen
2021-04-01,2021-03-30,SIRI,Sirius XM
2021-04-01,2021-03-30,SWKS,Skyworks Solutions
2021-04-01,2021-03-30,SPLK,Splunk
2021-04-01,2021-03-30,SBUX,Starbucks
2021-04-01,2021-03-30,SNPS,Synopsys
2021-04-01,2021-03-30,TMUS,T-Mobile US
2021-04-01,2021-03-30,TSLA,"Tesla, Inc."
2021-04-01,2021-03-30,TXN,Texas Instruments
2021-04-01,2021-03-30,TCOM,Trip.com Group
2021-04-01,2021-03-30,VRSN,Verisign
2021-04-01,2021-03-30,VRSK,Verisk Analytics
2021-04-01,2021-03-30,VRTX,Vertex Pharmaceuticals
2021-04-01,2021-03-30,WBA,Walgreen Boots Alliance
2021-04-01,2021-03-30,WDAY,"Workday, Inc."
2021-04-01,2021-03-30,XEL,Xcel Energy
2021-04-01,2021-03-30,XLNX,"Xilinx, Inc."
2021-04-01,2021-03-30,ZM,Zoom Video Communications
2021-07-01,2021-06-30,ATVI,Activision Blizzard
2021-07-01,2021-06-30,ADBE,Adobe Inc.
2021-07-01,2021-06-30,AMD,Advanced Micro Devices
2021-07-01,2021-06-30,ALXN,Alexion Pharmaceuticals
2021-07-01,2021-06-30,ALGN,Align Technology
2021-07-01,2021-06-30,GOOGL,Alphabet Inc.
2021-07-01,2021-06-30,GOOG,Alphabet Inc.
2021-07-01,2021-06-30,AMZN,Amazon (company)
2021-07-01,2021-06-30,AEP,American Electric Power
2021-07-01,2021-06-30,AMGN,Amgen
2021-07-01,2021-06-30,ADI,Analog Devices
2021-07-01,2021-06-30,ANSS,Ansys
2021-07-01,2021-06-30,AAPL,Apple Inc.
2021-07-01,2021-06-30,AMAT,Applied Materials
2021-07-01,2021-06-30,ASML,ASML Holding
2021-07-01,2021-06-30,TEAM,Atlassian
2021-07-01,2021-06-30,ADSK,Autodesk
2021-07-01,2021-06-30,ADP,Automatic Data Processing
2021-07-01,2021-06-30,BIDU,Baidu
2021-07-01,2021-06-30,BIIB,Biogen
2021-07-01,2021-06-30,BKNG,Booking Holdings
2021-07-01,2021-06-30,AVGO,Broadcom Inc.
2021-07-01,2021-06-30,CDNS,Cadence Design Systems
2021-07-01,2021-06-30,CDW,CDW
2021-07-01,2021-06-30,CERN,Cerner
2021-07-01,2021-06-30,CHTR,Charter Communications
2021-07-01,2021-06-30,CHKP,Check Point
2021-07-01,2021-06-30,CTAS,Cintas
2021-07-01,2021-06-30,CSCO,Cisco Systems
2021-07-01,2021-06-30,CTSH,Cognizant
2021-07-01,2021-06-30,CMCSA,Comcast
2021-07-01,2021-06-30,CPRT,Copart
2021-07-01,2021-06-30,COST,Costco
2021-07-01,2021-06-30,CSX,CSX Corporation
2021-07-01,2021-06-30,DXCM,DexCom
2021-07-01,2021-06-30,DOCU,DocuSign
2021-07-01,2021-06-30,DLTR,Dollar Tree
2021-07-01,2021-06-30,EBAY,eBay
2021-07-01,2021-06-30,EA,Electronic Arts
2021-07-01,2021-06-30,EXC,Exelon
2021-07-01,2021-06-30,FB,"Facebook, Inc."
2021-07-01,2021-06-30,FAST,Fastenal
2021-07-01,2021-06-30,FISV,Fiserv
2021-07-01,2021-06-30,FOXA,Fox Corporation
2021-07-01,2021-06-30,FOX,Fox Corporation
2021-07-01,2021-06-30,GILD,Gilead Sciences
2021-07-01,2021-06-30,IDXX,Idexx Laboratories
2021-07-01,2021-06-30,ILMN,"Illumina, Inc."
2021-07-01,2021-06-30,INCY,Incyte
2021-07-01,2021-06-30,INTC,Intel Corporation
2021-07-01,2021-06-30,INTU,Intuit
2021-07-01,2021-06-30,ISRG,Intuitive Surgical
2021-07-01,2021-06-30,JD,JD.com
2021-07-01,2021-06-30,KDP,Keurig Dr Pepper
2021-07-01,2021-06-30,KLAC,KLA Corporation
2021-07-01,2021-06-30,KHC,Kraft Heinz Co
2021-07-01,2021-06-30,LRCX,Lam Research
2021-07-01,2021-06-30,LULU,Lululemon Athletica
2021-07-01,2021-06-30,MAR,Marriott International
2021-07-01,2021-06-30,MRVL,Marvell Technology Group
2021-07-01,2021-06-30,MTCH,Match Group
2021-07-01,2021-06-30,MXIM,Maxim Integrated Products
2021-07-01,2021-06-30,MELI,MercadoLibre
2021-07-01,2021-06-30,MCHP,Microchip Technology
2021-07-01,2021-06-30,MU,Micron Technology
2021-07-01,2021-06-30,MSFT,Microsoft
2021-07-01,2021-06-30,MRNA,Moderna
2021-07-01,2021-06-30,MDLZ,Mondelez International
2021-07-01,2021-06-30,MNST,Monster Beverage
2021-07-01,2021-06-30,NTES,NetEase
2021-07-01,2021-06-30,NFLX,Netflix
2021-07-01,2021-06-30,NVDA,Nvidia
2021-07-01,2021-06-30,NXPI,NXP Semiconductors
2021-07-01,2021-06-30,ORLY,O'Reilly Auto Parts
2021-07-01,2021-06-30,OKTA,Okta (identity management)
2021-07-01,2021-06-30,PCAR,Paccar
2021-07-01,2021-06-30,PAYX,Paychex
2021-07-01,2021-06-30,PYPL,PayPal
2021-07-01,2021-06-30,PTON,Peloton Interactive
2021-07-01,2021-06-30,PEP,PepsiCo
2021-07-01,2021-06-30,PDD,Pinduoduo
2021-07-01,2021-06-30,QCOM,Qualcomm
2021-07-01,2021-06-30,REGN,Regeneron Pharmaceuticals
2021-07-01,2021-06-30,ROST,Ross Stores
2021-07-01,2021-06-30,SGEN,Seagen
2021-07-01,2021-06-30,SIRI,Sirius XM
2021-07-01,2021-06-30,SWKS,Skyworks Solutions
2021-07-01,2021-06-30,SPLK,Splunk
2021-07-01,2021-06-30,SBUX,Starbucks
2021-07-01,2021-06-30,SNPS,Synopsys
2021-07-01,2021-06-30,TMUS,T-Mobile US
2021-07-01,2021-06-30,TSLA,"Tesla, Inc."
2021-07-01,2021-06-30,TXN,Texas Instruments
2021-07-01,2021-06-30,TCOM,Trip.com Group
2021-07-01,2021-06-30,VRSN,Verisign
2021-07-01,2021-06-30,VRSK,Verisk Analytics
2021-07-01,2021-06-30,VRTX,Vertex Pharmaceuticals
2021-07-01,2021-06-30,WBA,Walgreen Boots Alliance
2021-07-01,2021-06-30,WDAY,"Workday, Inc."
2021-07-01,2021-06-30,XEL,Xcel Energy
2021-07-01,2021-06-30,XLNX,"Xilinx, Inc."
2021-07-01,2021-06-30,ZM,Zoom Video Communications
2021-10-01,2021-09-25,ATVI,Activision Blizzard
2021-10-01,2021-09-25,ADBE,Adobe Inc.
2021-10-01,2021-09-25,AMD,Advanced Micro Devices
2021-10-01,2021-09-25,ALGN,Align Technology
2021-10-01,2021-09-25,GOOGL,Alphabet Inc.
2021-10-01,2021-09-25,GOOG,Alphabet Inc.
2021-10-01,2021-09-25,AMZN,Amazon (company)
2021-10-01,2021-09-25,AEP,American Electric Power
2021-10-01,2021-09-25,AMGN,Amgen
2021-10-01,2021-09-25,ADI,Analog Devices
2021-10-01,2021-09-25,ANSS,Ansys
2021-10-01,2021-09-25,AAPL,Apple Inc.
2021-10-01,2021-09-25,AMAT,Applied Materials
2021-10-01,2021-09-25,ASML,ASML Holding
2021-10-01,2021-09-25,TEAM,Atlassian
2021-10-01,2021-09-25,ADSK,Autodesk
2021-10-01,2021-09-25,ADP,Automatic Data Processing
2021-10-01,2021-09-25,BIDU,Baidu
2021-10-01,2021-09-25,BIIB,Biogen
2021-10-01,2021-09-25,BKNG,Booking Holdings
2021-10-01,2021-09-25,AVGO,Broadcom Inc.
2021-10-01,2021-09-25,CDNS,Cadence Design Systems
2021-10-01,2021-09-25,CDW,CDW
2021-10-01,2021-09-25,CERN,Cerner
2021-10-01,2021-09-25,CHTR,Charter Communications
2021-10-01,2021-09-25,CHKP,Check Point
2021-10-01,2021-09-25,CTAS,Cintas
2021-10-01,2021-09-25,CSCO,Cisco Systems
2021-10-01,2021-09-25,CTSH,Cognizant
2021-10-01,2021-09-25,CMCSA,Comcast
2021-10-01,2021-09-25,CPRT,Copart
2021-10-01,2021-09-25,COST,Costco
2021-10-01,2021-09-25,CRWD,CrowdStrike
2021-10-01,2021-09-25,CSX,CSX Corporation
2021-10-01,2021-09-25,DXCM,DexCom
2021-10-01,2021-09-25,DOCU,DocuSign
2021-10-01,2021-09-25,DLTR,Dollar Tree
2021-10-01,2021-09-25,EBAY,eBay
2021-10-01,2021-09-25,EA,Electronic Arts
2021-10-01,2021-09-25,EXC,Exelon
2021-10-01,2021-09-25,FB,"Facebook, Inc."
2021-10-01,2021-09-25,FAST,Fastenal
2021-10-01,2021-09-25,FISV,Fiserv
2021-10-01,2021-09-25,FOXA,Fox Corporation
2021-10-01,2021-09-25,FOX,Fox Corporation
2021-10-01,2021-09-25,GILD,Gilead Sciences
2021-10-01,2021-09-25,HON,Honeywell
2021-10-01,2021-09-25,IDXX,Idexx Laboratories
2021-10-01,2021-09-25,ILMN,"Illumina, Inc."
2021-10-01,2021-09-25,INCY,Incyte
2021-10-01,2021-09-25,INTC,Intel
2021-10-01,2021-09-25,INTU,Intuit
2021-10-01,2021-09-25,ISRG,Intuitive Surgical
2021-10-01,2021-09-25,JD,JD.com
2021-10-01,2021-09-25,KDP,Keurig Dr Pepper
2021-10-01,2021-09-25,KLAC,KLA Corporation
2021-10-01,2021-09-25,KHC,Kraft Heinz
2021-10-01,2021-09-25,LRCX,Lam Research
2021-10-01,2021-09-25,LULU,Lululemon Athletica
2021-10-01,2021-09-25,MAR,Marriott International
2021-10-01,2021-09-25,MRVL,"Marvell Technology, Inc."
2021-10-01,2021-09-25,MTCH,Match Group
2021-10-01,2021-09-25,MELI,MercadoLibre
2021-10-01,2021-09-25,MCHP,Microchip Technology
2021-10-01,2021-09-25,MU,Micron Technology
2021-10-01,2021-09-25,MSFT,Microsoft
2021-10-01,2021-09-25,MRNA,Moderna
2021-10-01,2021-09-25,MDLZ,Mondelez International
2021-10-01,2021-09-25,MNST,Monster Beverage
2021-10-01,2021-09-25,NTES,NetEase
2021-10-01,2021-09-25,NFLX,Netflix
2021-10-01,2021-09-25,NVDA,Nvidia
2021-10-01,2021-09-25,NXPI,NXP Semiconductors
2021-10-01,2021-09-25,ORLY,O'Reilly Auto Parts
2021-10-01,2021-09-25,OKTA,Okta (company)
2021-10-01,2021-09-25,PCAR,Paccar
2021-10-01,2021-09-25,PAYX,Paychex
2021-10-01,2021-09-25,PYPL,PayPal
2021-10-01,2021-09-25,PTON,Peloton Interactive
2021-10-01,2021-09-25,PEP,PepsiCo
2021-10-01,2021-09-25,PDD,Pinduoduo
2021-10-01,2021-09-25,QCOM,Qualcomm
2021-10-01,2021-09-25,REGN,Regeneron Pharmaceuticals
2021-10-01,2021-09-25,ROST,Ross Stores
2021-10-01,2021-09-25,SGEN,Seagen
2021-10-01,2021-09-25,SIRI,Sirius XM
2021-10-01,2021-09-25,SWKS,Skyworks Solutions
2021-10-01,2021-09-25,SPLK,Splunk
2021-10-01,2021-09-25,SBUX,Starbucks
2021-10-01,2021-09-25,SNPS,Synopsys
2021-10-01,2021-09-25,TMUS,T-Mobile US
2021-10-01,2021-09-25,TSLA,"Tesla, Inc."
2021-10-01,2021-09-25,TXN,Texas Instruments
2021-10-01,2021-09-25,TCOM,Trip.com Group
2021-10-01,2021-09-25,VRSN,Verisign
2021-10-01,2021-09-25,VRSK,Verisk Analytics
2021-10-01,2021-09-25,VRTX,Vertex Pharmaceuticals
2021-10-01,2021-09-25,WBA,Walgreens Boots Alliance
2021-10-01,2021-09-25,WDAY,"Workday, Inc."
2021-10-01,2021-09-25,XEL,Xcel Energy
2021-10-01,2021-09-25,XLNX,Xilinx
2021-10-01,2021-09-25,ZM,Zoom Video Communications
2022-01-01,2021-12-27,ATVI,Activision Blizzard
2022-01-01,2021-12-27,ADBE,Adobe Inc.
2022-01-01,2021-12-27,AMD,Advanced Micro Devices
2022-01-01,2021-12-27,ABNB,Airbnb
2022-01-01,2021-12-27,ALGN,Align Technology
2022-01-01,2021-12-27,GOOGL,Alphabet Inc.
2022-01-01,2021-12-27,AMZN,Amazon (company)
2022-01-01,2021-12-27,AEP,American Electric Power
2022-01-01,2021-12-27,AMGN,Amgen
2022-01-01,2021-12-27,ADI,Analog Devices
2022-01-01,2021-12-27,ANSS,Ansys
2022-01-01,2021-12-27,AAPL,Apple Inc.
2022-01-01,2021-12-27,AMAT,Applied Materials
2022-01-01,2021-12-27,ASML,ASML Holding
2022-01-01,2021-12-27,TEAM,Atlassian
2022-01-01,2021-12-27,ADSK,Autodesk
2022-01-01,2021-12-27,ADP,Automatic Data Processing
2022-01-01,2021-12-27,BIDU,Baidu
2022-01-01,2021-12-27,BIIB,Biogen
2022-01-01,2021-12-27,BKNG,Booking Holdings
2022-01-01,2021-12-27,AVGO,Broadcom Inc.
2022-01-01,2021-12-27,CDNS,Cadence Design Systems
2022-01-01,2021-12-27,CHTR,Charter Communications
2022-01-01,2021-12-27,CTAS,Cintas
2022-01-01,2021-12-27,CSCO,Cisco Systems
2022-01-01,2021-12-27,CTSH,Cognizant
2022-01-01,2021-12-27,CMCSA,Comcast
2022-01-01,2021-12-27,CPRT,Copart
2022-01-01,2021-12-27,COST,Costco
2022-01-01,2021-12-27,CRWD,CrowdStrike
2022-01-01,2021-12-27,CSX,CSX Corporation
2022-01-01,2021-12-27,DDOG,Datadog
2022-01-01,2021-12-27,DXCM,DexCom
2022-01-01,2021-12-27,DOCU,DocuSign
2022-01-01,2021-12-27,DLTR,Dollar Tree
2022-01-01,2021-12-27,EBAY,eBay
2022-01-01,2021-12-27,EA,Electronic Arts
2022-01-01,2021-12-27,EXC,Exelon
2022-01-01,2021-12-27,FISV,Fiserv
2022-01-01,2021-12-27,FTNT,Fortinet
2022-01-01,2021-12-27,GILD,Gilead Sciences
2022-01-01,2021-12-27,HON,Honeywell
2022-01-01,2021-12-27,IDXX,Idexx Laboratories
2022-01-01,2021-12-27,ILMN,"Illumina, Inc."
2022-01-01,2021-12-27,INTC,Intel
2022-01-01,2021-12-27,INTU,Intuit
2022-01-01,2021-12-27,ISRG,Intuitive Surgical
2022-01-01,2021-12-27,JD,JD.com
2022-01-01,2021-12-27,KDP,Keurig Dr Pepper
2022-01-01,2021-12-27,KLAC,KLA Corporation
2022-01-01,2021-12-27,KHC,Kraft Heinz
2022-01-01,2021-12-27,LRCX,Lam Research
2022-01-01,2021-12-27,LCID,Lucid Motors
2022-01-01,2021-12-27,LULU,Lululemon Athletica
2022-01-01,2021-12-27,MAR,Marriott International
2022-01-01,2021-12-27,MRVL,"Marvell Technology, Inc."
2022-01-01,2021-12-27,MTCH,Match Group
2022-01-01,2021-12-27,MELI,MercadoLibre
2022-01-01,2021-12-27,FB,Meta Platforms
2022-01-01,2021-12-27,MCHP,Microchip Technology
2022-01-01,2021-12-27,MU,Micron Technology
2022-01-01,2021-12-27,MSFT,Microsoft
2022-01-01,2021-12-27,MRNA,Moderna
2022-01-01,2021-12-27,MDLZ,Mondelez International
2022-01-01,2021-12-27,MNST,Monster Beverage
2022-01-01,2021-12-27,NTES,NetEase
2022-01-01,2021-12-27,NFLX,Netflix
2022-01-01,2021-12-27,NVDA,Nvidia
2022-01-01,2021-12-27,NXPI,NXP Semiconductors
2022-01-01,2021-12-27,ORLY,O'Reilly Auto Parts
2022-01-01,2021-12-27,OKTA,Okta (company)
2022-01-01,2021-12-27,PCAR,Paccar
2022-01-01,2021-12-27,PANW,Palo Alto Networks
2022-01-01,2021-12-27,PAYX,Paychex
2022-01-01,2021-12-27,PYPL,PayPal
2022-01-01,2021-12-27,PTON,Peloton Interactive
2022-01-01,2021-12-27,PEP,PepsiCo
2022-01-01,2021-12-27,PDD,Pinduoduo
2022-01-01,2021-12-27,QCOM,Qualcomm
2022-01-01,2021-12-27,REGN,Regeneron Pharmaceuticals
2022-01-01,2021-12-27,ROST,Ross Stores
2022-01-01,2021-12-27,SGEN,Seagen
2022-01-01,2021-12-27,SIRI,Sirius XM
2022-01-01,2021-12-27,SWKS,Skyworks Solutions
2022-01-01,2021-12-27,SPLK,Splunk
2022-01-01,2021-12-27,SBUX,Starbucks
2022-01-01,2021-12-27,SNPS,Synopsys
2022-01-01,2021-12-27,TMUS,T-Mobile US
2022-01-01,2021-12-27,TSLA,"Tesla, Inc."
2022-01-01,2021-12-27,TXN,Texas Instruments
2022-01-01,2021-12-27,VRSN,Verisign
2022-01-01,2021-12-27,VRSK,Verisk Analytics
2022-01-01,2021-12-27,VRTX,Vertex Pharmaceuticals
2022-01-01,2021-12-27,WBA,Walgreens Boots Alliance
2022-01-01,2021-12-27,WDAY,"Workday, Inc."
2022-01-01,2021-12-27,XEL,Xcel Energy
2022-01-01,2021-12-27,XLNX,Xilinx
2022-01-01,2021-12-27,ZM,Zoom Video Communications
2022-01-01,2021-12-27,ZS,Zscaler
2022-04-01,2022-03-28,ATVI,Activision Blizzard
2022-04-01,2022-03-28,ADBE,Adobe Inc.
2022-04-01,2022-03-28,ADP,ADP (company)
2022-04-01,2022-03-28,ABNB,Airbnb
2022-04-01,2022-03-28,ALGN,Align Technology
2022-04-01,2022-03-28,GOOGL,Alphabet Inc.
2022-04-01,2022-03-28,GOOG,Alphabet Inc.
2022-04-01,2022-03-28,AMZN,Amazon (company)
2022-04-01,2022-03-28,AMD,AMD
2022-04-01,2022-03-28,AEP,American Electric Power
2022-04-01,2022-03-28,AMGN,Amgen
2022-04-01,2022-03-28,ADI,Analog Devices
2022-04-01,2022-03-28,ANSS,Ansys
2022-04-01,2022-03-28,AAPL,Apple Inc.
2022-04-01,2022-03-28,AMAT,Applied Materials
2022-04-01,2022-03-28,ASML,ASML Holding
2022-04-01,2022-03-28,AZN,AstraZeneca
2022-04-01,2022-03-28,TEAM,Atlassian
2022-04-01,2022-03-28,ADSK,Autodesk
2022-04-01,2022-03-28,BIDU,Baidu
2022-04-01,2022-03-28,BIIB,Biogen
2022-04-01,2022-03-28,BKNG,Booking Holdings
2022-04-01,2022-03-28,AVGO,Broadcom Inc.
2022-04-01,2022-03-28,CDNS,Cadence Design Systems
2022-04-01,2022-03-28,CHTR,Charter Communications
2022-04-01,2022-03-28,CTAS,Cintas
2022-04-01,2022-03-28,CSCO,Cisco Systems
2022-04-01,2022-03-28,CTSH,Cognizant
2022-04-01,2022-03-28,CMCSA,Comcast
2022-04-01,2022-03-28,CEG,Constellation Energy
2022-04-01,2022-03-28,CPRT,Copart
2022-04-01,2022-03-28,COST,Costco
2022-04-01,2022-03-28,CRWD,CrowdStrike
2022-04-01,2022-03-28,CSX,CSX Corporation
2022-04-01,2022-03-28,DDOG,Datadog
2022-04-01,2022-03-28,DXCM,DexCom
2022-04-01,2022-03-28,DOCU,DocuSign
2022-04-01,2022-03-28,DLTR,Dollar Tree
2022-04-01,2022-03-28,EBAY,eBay
2022-04-01,2022-03-28,EA,Electronic Arts
2022-04-01,2022-03-28,EXC,Exelon
2022-04-01,2022-03-28,FAST,Fastenal
2022-04-01,2022-03-28,FISV,Fiserv
2022-04-01,2022-03-28,FTNT,Fortinet
2022-04-01,2022-03-28,GILD,Gilead Sciences
2022-04-01,2022-03-28,HON,Honeywell
2022-04-01,2022-03-28,IDXX,Idexx Laboratories
2022-04-01,2022-03-28,ILMN,"Illumina, Inc."
2022-04-01,2022-03-28,INTC,Intel
2022-04-01,2022-03-28,INTU,Intuit
2022-04-01,2022-03-28,ISRG,Intuitive Surgical
2022-04-01,2022-03-28,JD,JD.com
2022-04-01,2022-03-28,KDP,Keurig Dr Pepper
2022-04-01,2022-03-28,KLAC,KLA Corporation
2022-04-01,2022-03-28,KHC,Kraft Heinz
2022-04-01,2022-03-28,LRCX,Lam Research
2022-04-01,2022-03-28,LCID,Lucid Motors
2022-04-01,2022-03-28,LULU,Lululemon
2022-04-01,2022-03-28,MAR,Marriott International
2022-04-01,2022-03-28,MRVL,"Marvell Technology, Inc."
2022-04-01,2022-03-28,MTCH,Match Group
2022-04-01,2022-03-28,MELI,MercadoLibre
2022-04-01,2022-03-28,FB,Meta Platforms
2022-04-01,2022-03-28,MCHP,Microchip Technology
2022-04-01,2022-03-28,MU,Micron Technology
2022-04-01,2022-03-28,MSFT,Microsoft
2022-04-01,2022-03-28,MRNA,Moderna
2022-04-01,2022-03-28,MDLZ,Mondelez International
2022-04-01,2022-03-28,MNST,Monster Beverage
2022-04-01,2022-03-28,NTES,NetEase
2022-04-01,2022-03-28,NFLX,Netflix
2022-04-01,2022-03-28,NVDA,Nvidia
2022-04-01,2022-03-28,NXPI,NXP
2022-04-01,2022-03-28,ORLY,O'Reilly Automotive
2022-04-01,2022-03-28,OKTA,Okta (company)
2022-04-01,2022-03-28,ODFL,Old Dominion Freight Line
2022-04-01,2022-03-28,PCAR,Paccar
2022-04-01,2022-03-28,PANW,Palo Alto Networks
2022-04-01,2022-03-28,PAYX,Paychex
2022-04-01,2022-03-28,PYPL,PayPal
2022-04-01,2022-03-28,PEP,PepsiCo
2022-04-01,2022-03-28,PDD,Pinduoduo
2022-04-01,2022-03-28,QCOM,Qualcomm
2022-04-01,2022-03-28,REGN,Regeneron
2022-04-01,2022-03-28,ROST,Ross Stores
2022-04-01,2022-03-28,SGEN,Seagen
2022-04-01,2022-03-28,SIRI,Sirius XM
2022-04-01,2022-03-28,SWKS,Skyworks Solutions
2022-04-01,2022-03-28,SPLK,Splunk
2022-04-01,2022-03-28,SBUX,Starbucks
2022-04-01,2022-03-28,SNPS,Synopsys
2022-04-01,2022-03-28,TMUS,T-Mobile US
2022-04-01,2022-03-28,TSLA,"Tesla, Inc."
2022-04-01,2022-03-28,TXN,Texas Instruments
2022-04-01,2022-03-28,VRSN,Verisign
2022-04-01,2022-03-28,VRSK,Verisk
2022-04-01,2022-03-28,VRTX,Vertex Pharmaceuticals
2022-04-01,2022-03-28,WBA,Walgreens Boots Alliance
2022-04-01,2022-03-28,WDAY,"Workday, Inc."
2022-04-01,2022-03-28,XEL,Xcel Energy
2022-04-01,2022-03-28,ZM,Zoom Video Communications
2022-04-01,2022-03-28,ZS,Zscaler
2022-07-01,2022-06-25,ATVI,Activision Blizzard
2022-07-01,2022-06-25,ADBE,Adobe Inc.
2022-07-01,2022-06-25,ADP,ADP (company)
2022-07-01,2022-06-25,ABNB,Airbnb
2022-07-01,2022-06-25,ALGN,Align Technology
2022-07-01,2022-06-25,GOOGL,Alphabet Inc.
2022-07-01,2022-06-25,GOOG,Alphabet Inc.
2022-07-01,2022-06-25,AMZN,Amazon (company)
2022-07-01,2022-06-25,AMD,AMD
2022-07-01,2022-06-25,AEP,American Electric Power
2022-07-01,2022-06-25,AMGN,Amgen
2022-07-01,2022-06-25,ADI,Analog Devices
2022-07-01,2022-06-25,ANSS,Ansys
2022-07-01,2022-06-25,AAPL,Apple Inc.
2022-07-01,2022-06-25,AMAT,Applied Materials
2022-07-01,2022-06-25,ASML,ASML Holding
2022-07-01,2022-06-25,AZN,AstraZeneca
2022-07-01,2022-06-25,TEAM,Atlassian
2022-07-01,2022-06-25,ADSK,Autodesk
2022-07-01,2022-06-25,BIDU,Baidu
2022-07-01,2022-06-25,BIIB,Biogen
2022-07-01,2022-06-25,BKNG,Booking Holdings
2022-07-01,2022-06-25,AVGO,Broadcom Inc.
2022-07-01,2022-06-25,CDNS,Cadence Design Systems
2022-07-01,2022-06-25,CHTR,Charter Communications
2022-07-01,2022-06-25,CTAS,Cintas
2022-07-01,2022-06-25,CSCO,Cisco
2022-07-01,2022-06-25,CTSH,Cognizant
2022-07-01,2022-06-25,CMCSA,Comcast
2022-07-01,2022-06-25,CEG,Constellation Energy
2022-07-01,2022-06-25,CPRT,Copart
2022-07-01,2022-06-25,COST,Costco
2022-07-01,2022-06-25,CRWD,CrowdStrike
2022-07-01,2022-06-25,CSX,CSX Corporation
2022-07-01,2022-06-25,DDOG,Datadog
2022-07-01,2022-06-25,DXCM,DexCom
2022-07-01,2022-06-25,DOCU,DocuSign
2022-07-01,2022-06-25,DLTR,Dollar Tree
2022-07-01,2022-06-25,EBAY,eBay
2022-07-01,2022-06-25,EA,Electronic Arts
2022-07-01,2022-06-25,EXC,Exelon
2022-07-01,2022-06-25,FAST,Fastenal
2022-07-01,2022-06-25,FISV,Fiserv
2022-07-01,2022-06-25,FTNT,Fortinet
2022-07-01,2022-06-25,GILD,Gilead Sciences
2022-07-01,2022-06-25,HON,Honeywell
2022-07-01,2022-06-25,IDXX,Idexx Laboratories
2022-07-01,2022-06-25,ILMN,"Illumina, Inc."
2022-07-01,2022-06-25,INTC,Intel
2022-07-01,2022-06-25,INTU,Intuit
2022-07-01,2022-06-25,ISRG,Intuitive Surgical
2022-07-01,2022-06-25,JD,JD.com
2022-07-01,2022-06-25,KDP,Keurig Dr Pepper
2022-07-01,2022-06-25,KLAC,KLA Corporation
2022-07-01,2022-06-25,KHC,Kraft Heinz
2022-07-01,2022-06-25,LRCX,Lam Research
2022-07-01,2022-06-25,LCID,Lucid Motors
2022-07-01,2022-06-25,LULU,Lululemon
2022-07-01,2022-06-25,MAR,Marriott International
2022-07-01,2022-06-25,MRVL,"Marvell Technology, Inc."
2022-07-01,2022-06-25,MTCH,Match Group
2022-07-01,2022-06-25,MELI,MercadoLibre
2022-07-01,2022-06-25,META,Meta Platforms
2022-07-01,2022-06-25,MCHP,Microchip Technology
2022-07-01,2022-06-25,MU,Micron Technology
2022-07-01,2022-06-25,MSFT,Microsoft
2022-07-01,2022-06-25,MRNA,Moderna
2022-07-01,2022-06-25,MDLZ,Mondelēz International
2022-07-01,2022-06-25,MNST,Monster Beverage
2022-07-01,2022-06-25,NTES,NetEase
2022-07-01,2022-06-25,NFLX,Netflix
2022-07-01,2022-06-25,NVDA,Nvidia
2022-07-01,2022-06-25,NXPI,NXP
2022-07-01,2022-06-25,ORLY,O'Reilly Automotive
2022-07-01,2022-06-25,OKTA,"Okta, Inc."
2022-07-01,2022-06-25,ODFL,Old Dominion Freight Line
2022-07-01,2022-06-25,PCAR,Paccar
2022-07-01,2022-06-25,PANW,Palo Alto Networks
2022-07-01,2022-06-25,PAYX,Paychex
2022-07-01,2022-06-25,PYPL,PayPal
2022-07-01,2022-06-25,PEP,PepsiCo
2022-07-01,2022-06-25,PDD,Pinduoduo
2022-07-01,2022-06-25,QCOM,Qualcomm
2022-07-01,2022-06-25,REGN,Regeneron
2022-07-01,2022-06-25,ROST,Ross Stores
2022-07-01,2022-06-25,SGEN,Seagen
2022-07-01,2022-06-25,SIRI,Sirius XM
2022-07-01,2022-06-25,SWKS,Skyworks Solutions
2022-07-01,2022-06-25,SPLK,Splunk
2022-07-01,2022-06-25,SBUX,Starbucks
2022-07-01,2022-06-25,SNPS,Synopsys
2022-07-01,2022-06-25,TMUS,T-Mobile US
2022-07-01,2022-06-25,TSLA,"Tesla, Inc."
2022-07-01,2022-06-25,TXN,Texas Instruments
2022-07-01,2022-06-25,VRSN,Verisign
2022-07-01,2022-06-25,VRSK,Verisk
2022-07-01,2022-06-25,VRTX,Vertex Pharmaceuticals
2022-07-01,2022-06-25,WBA,Walgreens Boots Alliance
2022-07-01,2022-06-25,WDAY,"Workday, Inc."
2022-07-01,2022-06-25,XEL,Xcel Energy
2022-07-01,2022-06-25,ZM,Zoom Video Communications
2022-07-01,2022-06-25,ZS,Zscaler
2022-10-01,2022-09-24,ATVI,Activision Blizzard
2022-10-01,2022-09-24,ADBE,Adobe Inc.
2022-10-01,2022-09-24,ADP,ADP (company)
2022-10-01,2022-09-24,ABNB,Airbnb
2022-10-01,2022-09-24,ALGN,Align Technology
2022-10-01,2022-09-24,GOOGL,Alphabet Inc.
2022-10-01,2022-09-24,GOOG,Alphabet Inc.
2022-10-01,2022-09-24,AMZN,Amazon (company)
2022-10-01,2022-09-24,AMD,AMD
2022-10-01,2022-09-24,AEP,American Electric Power
2022-10-01,2022-09-24,AMGN,Amgen
2022-10-01,2022-09-24,ADI,Analog Devices
2022-10-01,2022-09-24,ANSS,Ansys
2022-10-01,2022-09-24,AAPL,Apple Inc.
2022-10-01,2022-09-24,AMAT,Applied Materials
2022-10-01,2022-09-24,ASML,ASML Holding
2022-10-01,2022-09-24,AZN,AstraZeneca
2022-10-01,2022-09-24,TEAM,Atlassian
2022-10-01,2022-09-24,ADSK,Autodesk
2022-10-01,2022-09-24,BIDU,Baidu
2022-10-01,2022-09-24,BIIB,Biogen
2022-10-01,2022-09-24,BKNG,Booking Holdings
2022-10-01,2022-09-24,AVGO,Broadcom Inc.
2022-10-01,2022-09-24,CDNS,Cadence Design Systems
2022-10-01,2022-09-24,CHTR,Charter Communications
2022-10-01,2022-09-24,CTAS,Cintas
2022-10-01,2022-09-24,CSCO,Cisco
2022-10-01,2022-09-24,CTSH,Cognizant
2022-10-01,2022-09-24,CMCSA,Comcast
2022-10-01,2022-09-24,CEG,Constellation Energy
2022-10-01,2022-09-24,CPRT,Copart
2022-10-01,2022-09-24,COST,Costco
2022-10-01,2022-09-24,CRWD,CrowdStrike
2022-10-01,2022-09-24,CSX,CSX Corporation
2022-10-01,2022-09-24,DDOG,Datadog
2022-10-01,2022-09-24,DXCM,DexCom
2022-10-01,2022-09-24,DOCU,DocuSign
2022-10-01,2022-09-24,DLTR,Dollar Tree
2022-10-01,2022-09-24,EBAY,eBay
2022-10-01,2022-09-24,EA,Electronic Arts
2022-10-01,2022-09-24,EXC,Exelon
2022-10-01,2022-09-24,FAST,Fastenal
2022-10-01,2022-09-24,FISV,Fiserv
2022-10-01,2022-09-24,FTNT,Fortinet
2022-10-01,2022-09-24,GILD,Gilead Sciences
2022-10-01,2022-09-24,HON,Honeywell
2022-10-01,2022-09-24,IDXX,Idexx Laboratories
2022-10-01,2022-09-24,ILMN,"Illumina, Inc."
2022-10-01,2022-09-24,INTC,Intel
2022-10-01,2022-09-24,INTU,Intuit
2022-10-01,2022-09-24,ISRG,Intuitive Surgical
2022-10-01,2022-09-24,JD,JD.com
2022-10-01,2022-09-24,KDP,Keurig Dr Pepper
2022-10-01,2022-09-24,KLAC,KLA Corporation
2022-10-01,2022-09-24,KHC,Kraft Heinz
2022-10-01,2022-09-24,LRCX,Lam Research
2022-10-01,2022-09-24,LCID,Lucid Motors
2022-10-01,2022-09-24,LULU,Lululemon
2022-10-01,2022-09-24,MAR,Marriott International
2022-10-01,2022-09-24,MRVL,Marvell Technology
2022-10-01,2022-09-24,MTCH,Match Group
2022-10-01,2022-09-24,MELI,MercadoLibre
2022-10-01,2022-09-24,META,Meta Platforms
2022-10-01,2022-09-24,MCHP,Microchip Technology
2022-10-01,2022-09-24,MU,Micron Technology
2022-10-01,2022-09-24,MSFT,Microsoft
2022-10-01,2022-09-24,MRNA,Moderna
2022-10-01,2022-09-24,MDLZ,Mondelēz International
2022-10-01,2022-09-24,MNST,Monster Beverage
2022-10-01,2022-09-24,NTES,NetEase
2022-10-01,2022-09-24,NFLX,Netflix
2022-10-01,2022-09-24,NVDA,Nvidia
2022-10-01,2022-09-24,NXPI,NXP
2022-10-01,2022-09-24,ORLY,O'Reilly Automotive
2022-10-01,2022-09-24,OKTA,"Okta, Inc."
2022-10-01,2022-09-24,ODFL,Old Dominion Freight Line
2022-10-01,2022-09-24,PCAR,Paccar
2022-10-01,2022-09-24,PANW,Palo Alto Networks
2022-10-01,2022-09-24,PAYX,Paychex
2022-10-01,2022-09-24,PYPL,PayPal
2022-10-01,2022-09-24,PEP,PepsiCo
2022-10-01,2022-09-24,PDD,Pinduoduo
2022-10-01,2022-09-24,QCOM,Qualcomm
2022-10-01,2022-09-24,REGN,Regeneron
2022-10-01,2022-09-24,ROST,Ross Stores
2022-10-01,2022-09-24,SGEN,Seagen
2022-10-01,2022-09-24,SIRI,Sirius XM
2022-10-01,2022-09-24,SWKS,Skyworks Solutions
2022-10-01,2022-09-24,SPLK,Splunk
2022-10-01,2022-09-24,SBUX,Starbucks
2022-10-01,2022-09-24,SNPS,Synopsys
2022-10-01,2022-09-24,TMUS,T-Mobile US
2022-10-01,2022-09-24,TSLA,"Tesla, Inc."
2022-10-01,2022-09-24,TXN,Texas Instruments
2022-10-01,2022-09-24,VRSN,Verisign
2022-10-01,2022-09-24,VRSK,Verisk
2022-10-01,2022-09-24,VRTX,Vertex Pharmaceuticals
2022-10-01,2022-09-24,WBA,Walgreens Boots Alliance
2022-10-01,2022-09-24,WDAY,"Workday, Inc."
2022-10-01,2022-09-24,XEL,Xcel Energy
2022-10-01,2022-09-24,ZM,Zoom Video Communications
2022-10-01,2022-09-24,ZS,Zscaler
2023-01-01,2022-12-21,ATVI,Activision Blizzard
2023-01-01,2022-12-21,ADBE,Adobe Inc.
2023-01-01,2022-12-21,ADP,ADP (company)
2023-01-01,2022-12-21,ABNB,Airbnb
2023-01-01,2022-12-21,ALGN,Align Technology
2023-01-01,2022-12-21,GOOGL,Alphabet Inc.
2023-01-01,2022-12-21,GOOG,Alphabet Inc.
2023-01-01,2022-12-21,AMZN,Amazon (company)
2023-01-01,2022-12-21,AMD,AMD
2023-01-01,2022-12-21,AEP,American Electric Power
2023-01-01,2022-12-21,AMGN,Amgen
2023-01-01,2022-12-21,ADI,Analog Devices
2023-01-01,2022-12-21,ANSS,Ansys
2023-01-01,2022-12-21,AAPL,Apple Inc.
2023-01-01,2022-12-21,AMAT,Applied Materials
2023-01-01,2022-12-21,ASML,ASML Holding
2023-01-01,2022-12-21,AZN,AstraZeneca
2023-01-01,2022-12-21,TEAM,Atlassian
2023-01-01,2022-12-21,ADSK,Autodesk
2023-01-01,2022-12-21,BKR,Baker Hughes
2023-01-01,2022-12-21,BIIB,Biogen
2023-01-01,2022-12-21,BKNG,Booking Holdings
2023-01-01,2022-12-21,AVGO,Broadcom Inc.
2023-01-01,2022-12-21,CDNS,Cadence Design Systems
2023-01-01,2022-12-21,CHTR,Charter Communications
2023-01-01,2022-12-21,CTAS,Cintas
2023-01-01,2022-12-21,CSCO,Cisco
2023-01-01,2022-12-21,CTSH,Cognizant
2023-01-01,2022-12-21,CMCSA,Comcast
2023-01-01,2022-12-21,CEG,Constellation Energy
2023-01-01,2022-12-21,CPRT,Copart
2023-01-01,2022-12-21,CSGP,CoStar Group
2023-01-01,2022-12-21,COST,Costco
2023-01-01,2022-12-21,CRWD,CrowdStrike
2023-01-01,2022-12-21,CSX,CSX Corporation
2023-01-01,2022-12-21,DDOG,Datadog
2023-01-01,2022-12-21,DXCM,DexCom
2023-01-01,2022-12-21,FANG,Diamondback Energy
2023-01-01,2022-12-21,DLTR,Dollar Tree
2023-01-01,2022-12-21,EBAY,eBay
2023-01-01,2022-12-21,EA,Electronic Arts
2023-01-01,2022-12-21,ENPH,Enphase Energy
2023-01-01,2022-12-21,EXC,Exelon
2023-01-01,2022-12-21,FAST,Fastenal
2023-01-01,2022-12-21,FISV,Fiserv
2023-01-01,2022-12-21,FTNT,Fortinet
2023-01-01,2022-12-21,GILD,Gilead Sciences
2023-01-01,2022-12-21,GFS,GlobalFoundries
2023-01-01,2022-12-21,HON,Honeywell
2023-01-01,2022-12-21,IDXX,Idexx Laboratories
2023-01-01,2022-12-21,ILMN,"Illumina, Inc."
2023-01-01,2022-12-21,INTC,Intel
2023-01-01,2022-12-21,INTU,Intuit
2023-01-01,2022-12-21,ISRG,Intuitive Surgical
2023-01-01,2022-12-21,JD,JD.com
2023-01-01,2022-12-21,KDP,Keurig Dr Pepper
2023-01-01,2022-12-21,KLAC,KLA Corporation
2023-01-01,2022-12-21,KHC,Kraft Heinz
2023-01-01,2022-12-21,LRCX,Lam Research
2023-01-01,2022-12-21,LCID,Lucid Motors
2023-01-01,2022-12-21,LULU,Lululemon
2023-01-01,2022-12-21,MAR,Marriott International
2023-01-01,2022-12-21,MRVL,Marvell Technology
2023-01-01,2022-12-21,MELI,MercadoLibre
2023-01-01,2022-12-21,META,Meta Platforms
2023-01-01,2022-12-21,MCHP,Microchip Technology
2023-01-01,2022-12-21,MU,Micron Technology
2023-01-01,2022-12-21,MSFT,Microsoft
2023-01-01,2022-12-21,MRNA,Moderna
2023-01-01,2022-12-21,MDLZ,Mondelēz International
2023-01-01,2022-12-21,MNST,Monster Beverage
2023-01-01,2022-12-21,NFLX,Netflix
2023-01-01,2022-12-21,NVDA,Nvidia
2023-01-01,2022-12-21,NXPI,NXP
2023-01-01,2022-12-21,ORLY,O'Reilly Automotive
2023-01-01,2022-12-21,ODFL,Old Dominion Freight Line
2023-01-01,2022-12-21,PCAR,Paccar
2023-01-01,2022-12-21,PANW,Palo Alto Networks
2023-01-01,2022-12-21,PAYX,Paychex
2023-01-01,2022-12-21,PYPL,PayPal
2023-01-01,2022-12-21,PEP,PepsiCo
2023-01-01,2022-12-21,PDD,Pinduoduo
2023-01-01,2022-12-21,QCOM,Qualcomm
2023-01-01,2022-12-21,REGN,Regeneron
2023-01-01,2022-12-21,RIVN,Rivian
2023-01-01,2022-12-21,ROST,Ross Stores
2023-01-01,2022-12-21,SGEN,Seagen
2023-01-01,2022-12-21,SIRI,Sirius XM
2023-01-01,2022-12-21,SBUX,Starbucks
2023-01-01,2022-12-21,SNPS,Synopsys
2023-01-01,2022-12-21,TMUS,T-Mobile US
2023-01-01,2022-12-21,TSLA,"Tesla, Inc."
2023-01-01,2022-12-21,TXN,Texas Instruments
2023-01-01,2022-12-21,VRSK,Verisk
2023-01-01,2022-12-21,VRTX,Vertex Pharmaceuticals
2023-01-01,2022-12-21,WBA,Walgreens Boots Alliance
2023-01-01,2022-12-21,WBD,Warner Bros. Discovery
2023-01-01,2022-12-21,WDAY,"Workday, Inc."
2023-01-01,2022-12-21,XEL,Xcel Energy
2023-01-01,2022-12-21,ZM,Zoom Video Communications
2023-01-01,2022-12-21,ZS,Zscaler
2023-04-01,2023-03-31,ATVI,Activision Blizzard
2023-04-01,2023-03-31,ADBE,Adobe Inc.
2023-04-01,2023-03-31,ADP,ADP (company)
2023-04-01,2023-03-31,ABNB,Airbnb
2023-04-01,2023-03-31,ALGN,Align Technology
2023-04-01,2023-03-31,GOOGL,Alphabet Inc.
2023-04-01,2023-03-31,GOOG,Alphabet Inc.
2023-04-01,2023-03-31,AMZN,Amazon (company)
2023-04-01,2023-03-31,AMD,AMD
2023-04-01,2023-03-31,AEP,American Electric Power
2023-04-01,2023-03-31,AMGN,Amgen
2023-04-01,2023-03-31,ADI,Analog Devices
2023-04-01,2023-03-31,ANSS,Ansys
2023-04-01,2023-03-31,AAPL,Apple Inc.
2023-04-01,2023-03-31,AMAT,Applied Materials
2023-04-01,2023-03-31,ASML,ASML Holding
2023-04-01,2023-03-31,AZN,AstraZeneca
2023-04-01,2023-03-31,TEAM,Atlassian
2023-04-01,2023-03-31,ADSK,Autodesk
2023-04-01,2023-03-31,BKR,Baker Hughes
2023-04-01,2023-03-31,BIIB,Biogen
2023-04-01,2023-03-31,BKNG,Booking Holdings
2023-04-01,2023-03-31,AVGO,Broadcom Inc.
2023-04-01,2023-03-31,CDNS,Cadence Design Systems
2023-04-01,2023-03-31,CHTR,Charter Communications
2023-04-01,2023-03-31,CTAS,Cintas
2023-04-01,2023-03-31,CSCO,Cisco
2023-04-01,2023-03-31,CTSH,Cognizant
2023-04-01,2023-03-31,CMCSA,Comcast
2023-04-01,2023-03-31,CEG,Constellation Energy
2023-04-01,2023-03-31,CPRT,Copart
2023-04-01,2023-03-31,CSGP,CoStar Group
2023-04-01,2023-03-31,COST,Costco
2023-04-01,2023-03-31,CRWD,CrowdStrike
2023-04-01,2023-03-31,CSX,CSX Corporation
2023-04-01,2023-03-31,DDOG,Datadog
2023-04-01,2023-03-31,DXCM,DexCom
2023-04-01,2023-03-31,FANG,Diamondback Energy
2023-04-01,2023-03-31,DLTR,Dollar Tree
2023-04-01,2023-03-31,EBAY,eBay
2023-04-01,2023-03-31,EA,Electronic Arts
2023-04-01,2023-03-31,ENPH,Enphase Energy
2023-04-01,2023-03-31,EXC,Exelon
2023-04-01,2023-03-31,FAST,Fastenal
2023-04-01,2023-03-31,FISV,Fiserv
2023-04-01,2023-03-31,FTNT,Fortinet
2023-04-01,2023-03-31,GILD,Gilead Sciences
2023-04-01,2023-03-31,GFS,GlobalFoundries
2023-04-01,2023-03-31,HON,Honeywell
2023-04-01,2023-03-31,IDXX,Idexx Laboratories
2023-04-01,2023-03-31,ILMN,"Illumina, Inc."
2023-04-01,2023-03-31,INTC,Intel
2023-04-01,2023-03-31,INTU,Intuit
2023-04-01,2023-03-31,ISRG,Intuitive Surgical
2023-04-01,2023-03-31,JD,JD.com
2023-04-01,2023-03-31,KDP,Keurig Dr Pepper
2023-04-01,2023-03-31,KLAC,KLA Corporation
2023-04-01,2023-03-31,KHC,Kraft Heinz
2023-04-01,2023-03-31,LRCX,Lam Research
2023-04-01,2023-03-31,LCID,Lucid Motors
2023-04-01,2023-03-31,LULU,Lululemon
2023-04-01,2023-03-31,MAR,Marriott International
2023-04-01,2023-03-31,MRVL,Marvell Technology
2023-04-01,2023-03-31,MELI,MercadoLibre
2023-04-01,2023-03-31,META,Meta Platforms
2023-04-01,2023-03-31,MCHP,Microchip Technology
2023-04-01,2023-03-31,MU,Micron Technology
2023-04-01,2023-03-31,MSFT,Microsoft
2023-04-01,2023-03-31,MRNA,Moderna
2023-04-01,2023-03-31,MDLZ,Mondelēz International
2023-04-01,2023-03-31,MNST,Monster Beverage
2023-04-01,2023-03-31,NFLX,Netflix
2023-04-01,2023-03-31,NVDA,Nvidia
2023-04-01,2023-03-31,NXPI,NXP
2023-04-01,2023-03-31,ORLY,O'Reilly Automotive
2023-04-01,2023-03-31,ODFL,Old Dominion Freight Line
2023-04-01,2023-03-31,PCAR,Paccar
2023-04-01,2023-03-31,PANW,Palo Alto Networks
2023-04-01,2023-03-31,PAYX,Paychex
2023-04-01,2023-03-31,PYPL,PayPal
2023-04-01,2023-03-31,PDD,Pinduoduo
2023-04-01,2023-03-31,PEP,PepsiCo
2023-04-01,2023-03-31,QCOM,Qualcomm
2023-04-01,2023-03-31,REGN,Regeneron
2023-04-01,2023-03-31,RIVN,Rivian
2023-04-01,2023-03-31,ROST,Ross Stores
2023-04-01,2023-03-31,SGEN,Seagen
2023-04-01,2023-03-31,SIRI,Sirius XM
2023-04-01,2023-03-31,SBUX,Starbucks
2023-04-01,2023-03-31,SNPS,Synopsys
2023-04-01,2023-03-31,TMUS,T-Mobile US
2023-04-01,2023-03-31,TSLA,"Tesla, Inc."
2023-04-01,2023-03-31,TXN,Texas Instruments
2023-04-01,2023-03-31,VRSK,Verisk
2023-04-01,2023-03-31,VRTX,Vertex Pharmaceuticals
2023-04-01,2023-03-31,WBA,Walgreens Boots Alliance
2023-04-01,2023-03-31,WBD,Warner Bros. Discovery
2023-04-01,2023-03-31,WDAY,"Workday, Inc."
2023-04-01,2023-03-31,XEL,Xcel Energy
2023-04-01,2023-03-31,ZM,Zoom Video Communications
2023-04-01,2023-03-31,ZS,Zscaler
2023-07-01,2023-06-29,ATVI,Activision Blizzard
2023-07-01,2023-06-29,ADBE,Adobe Inc.
2023-07-01,2023-06-29,ADP,ADP (company)
2023-07-01,2023-06-29,ABNB,Airbnb
2023-07-01,2023-06-29,ALGN,Align Technology
2023-07-01,2023-06-29,GOOGL,Alphabet Inc.
2023-07-01,2023-06-29,GOOG,Alphabet Inc.
2023-07-01,2023-06-29,AMZN,Amazon (company)
2023-07-01,2023-06-29,AMD,AMD
2023-07-01,2023-06-29,AEP,American Electric Power
2023-07-01,2023-06-29,AMGN,Amgen
2023-07-01,2023-06-29,ADI,Analog Devices
2023-07-01,2023-06-29,ANSS,Ansys
2023-07-01,2023-06-29,AAPL,Apple Inc.
2023-07-01,2023-06-29,AMAT,Applied Materials
2023-07-01,2023-06-29,ASML,ASML Holding
2023-07-01,2023-06-29,AZN,AstraZeneca
2023-07-01,2023-06-29,TEAM,Atlassian
2023-07-01,2023-06-29,ADSK,Autodesk
2023-07-01,2023-06-29,BKR,Baker Hughes
2023-07-01,2023-06-29,BIIB,Biogen
2023-07-01,2023-06-29,BKNG,Booking Holdings
2023-07-01,2023-06-29,AVGO,Broadcom Inc.
2023-07-01,2023-06-29,CDNS,Cadence Design Systems
2023-07-01,2023-06-29,CHTR,Charter Communications
2023-07-01,2023-06-29,CTAS,Cintas
2023-07-01,2023-06-29,CSCO,Cisco
2023-07-01,2023-06-29,CTSH,Cognizant
2023-07-01,2023-06-29,CMCSA,Comcast
2023-07-01,2023-06-29,CEG,Constellation Energy
2023-07-01,2023-06-29,CPRT,Copart
2023-07-01,2023-06-29,CSGP,CoStar Group
2023-07-01,2023-06-29,COST,Costco
2023-07-01,2023-06-29,CRWD,CrowdStrike
2023-07-01,2023-06-29,CSX,CSX Corporation
2023-07-01,2023-06-29,DDOG,Datadog
2023-07-01,2023-06-29,DXCM,DexCom
2023-07-01,2023-06-29,FANG,Diamondback Energy
2023-07-01,2023-06-29,DLTR,Dollar Tree
2023-07-01,2023-06-29,EBAY,eBay
2023-07-01,2023-06-29,EA,Electronic Arts
2023-07-01,2023-06-29,ENPH,Enphase Energy
2023-07-01,2023-06-29,EXC,Exelon
2023-07-01,2023-06-29,FAST,Fastenal
2023-07-01,2023-06-29,FTNT,Fortinet
2023-07-01,2023-06-29,GEHC,GE HealthCare
2023-07-01,2023-06-29,GILD,Gilead Sciences
2023-07-01,2023-06-29,GFS,GlobalFoundries
2023-07-01,2023-06-29,HON,Honeywell
2023-07-01,2023-06-29,IDXX,Idexx Laboratories
2023-07-01,2023-06-29,ILMN,"Illumina, Inc."
2023-07-01,2023-06-29,INTC,Intel
2023-07-01,2023-06-29,INTU,Intuit
2023-07-01,2023-06-29,ISRG,Intuitive Surgical
2023-07-01,2023-06-29,JD,JD.com
2023-07-01,2023-06-29,KDP,Keurig Dr Pepper
2023-07-01,2023-06-29,KLAC,KLA Corporation
2023-07-01,2023-06-29,KHC,Kraft Heinz
2023-07-01,2023-06-29,LRCX,Lam Research
2023-07-01,2023-06-29,LCID,Lucid Motors
2023-07-01,2023-06-29,LULU,Lululemon
2023-07-01,2023-06-29,MAR,Marriott International
2023-07-01,2023-06-29,MRVL,Marvell Technology
2023-07-01,2023-06-29,MELI,MercadoLibre
2023-07-01,2023-06-29,META,Meta Platforms
2023-07-01,2023-06-29,MCHP,Microchip Technology
2023-07-01,2023-06-29,MU,Micron Technology
2023-07-01,2023-06-29,MSFT,Microsoft
2023-07-01,2023-06-29,MRNA,Moderna
2023-07-01,2023-06-29,MDLZ,Mondelēz International
2023-07-01,2023-06-29,MNST,Monster Beverage
2023-07-01,2023-06-29,NFLX,"Netflix, Inc."
2023-07-01,2023-06-29,NVDA,Nvidia
2023-07-01,2023-06-29,NXPI,NXP
2023-07-01,2023-06-29,ORLY,O'Reilly Automotive
2023-07-01,2023-06-29,ODFL,Old Dominion Freight Line
2023-07-01,2023-06-29,ON,Onsemi
2023-07-01,2023-06-29,PCAR,Paccar
2023-07-01,2023-06-29,PANW,Palo Alto Networks
2023-07-01,2023-06-29,PAYX,Paychex
2023-07-01,2023-06-29,PYPL,PayPal
2023-07-01,2023-06-29,PDD,Pinduoduo
2023-07-01,2023-06-29,PEP,PepsiCo
2023-07-01,2023-06-29,QCOM,Qualcomm
2023-07-01,2023-06-29,REGN,Regeneron
2023-07-01,2023-06-29,ROST,Ross Stores
2023-07-01,2023-06-29,SGEN,Seagen
2023-07-01,2023-06-29,SIRI,Sirius XM
2023-07-01,2023-06-29,SBUX,Starbucks
2023-07-01,2023-06-29,SNPS,Synopsys
2023-07-01,2023-06-29,TMUS,T-Mobile US
2023-07-01,2023-06-29,TSLA,"Tesla, Inc."
2023-07-01,2023-06-29,TXN,Texas Instruments
2023-07-01,2023-06-29,VRSK,Verisk
2023-07-01,2023-06-29,VRTX,Vertex Pharmaceuticals
2023-07-01,2023-06-29,WBA,Walgreens Boots Alliance
2023-07-01,2023-06-29,WBD,Warner Bros. Discovery
2023-07-01,2023-06-29,WDAY,"Workday, Inc."
2023-07-01,2023-06-29,XEL,Xcel Energy
2023-07-01,2023-06-29,ZM,Zoom Video Communications
2023-07-01,2023-06-29,ZS,Zscaler
2023-10-01,2023-09-27,ADBE,Adobe Inc.
2023-10-01,2023-09-27,ADP,ADP (company)
2023-10-01,2023-09-27,ABNB,Airbnb
2023-10-01,2023-09-27,ALGN,Align Technology
2023-10-01,2023-09-27,GOOGL,Alphabet Inc.
2023-10-01,2023-09-27,GOOG,Alphabet Inc.
2023-10-01,2023-09-27,AMZN,Amazon (company)
2023-10-01,2023-09-27,AMD,AMD
2023-10-01,2023-09-27,AEP,American Electric Power
2023-10-01,2023-09-27,AMGN,Amgen
2023-10-01,2023-09-27,ADI,Analog Devices
2023-10-01,2023-09-27,ANSS,Ansys
2023-10-01,2023-09-27,AAPL,Apple Inc.
2023-10-01,2023-09-27,AMAT,Applied Materials
2023-10-01,2023-09-27,ASML,ASML Holding
2023-10-01,2023-09-27,AZN,AstraZeneca
2023-10-01,2023-09-27,TEAM,Atlassian
2023-10-01,2023-09-27,ADSK,Autodesk
2023-10-01,2023-09-27,BKR,Baker Hughes
2023-10-01,2023-09-27,BIIB,Biogen
2023-10-01,2023-09-27,BKNG,Booking Holdings
2023-10-01,2023-09-27,AVGO,Broadcom Inc.
2023-10-01,2023-09-27,CDNS,Cadence Design Systems
2023-10-01,2023-09-27,CHTR,Charter Communications
2023-10-01,2023-09-27,CTAS,Cintas
2023-10-01,2023-09-27,CSCO,Cisco
2023-10-01,2023-09-27,CTSH,Cognizant
2023-10-01,2023-09-27,CMCSA,Comcast
2023-10-01,2023-09-27,CEG,Constellation Energy
2023-10-01,2023-09-27,CPRT,Copart
2023-10-01,2023-09-27,CSGP,CoStar Group
2023-10-01,2023-09-27,COST,Costco
2023-10-01,2023-09-27,CRWD,CrowdStrike
2023-10-01,2023-09-27,CSX,CSX Corporation
2023-10-01,2023-09-27,DDOG,Datadog
2023-10-01,2023-09-27,DXCM,DexCom
2023-10-01,2023-09-27,FANG,Diamondback Energy
2023-10-01,2023-09-27,DLTR,Dollar Tree
2023-10-01,2023-09-27,EBAY,eBay
2023-10-01,2023-09-27,EA,Electronic Arts
2023-10-01,2023-09-27,ENPH,Enphase Energy
2023-10-01,2023-09-27,EXC,Exelon
2023-10-01,2023-09-27,FAST,Fastenal
2023-10-01,2023-09-27,FTNT,Fortinet
2023-10-01,2023-09-27,GEHC,GE HealthCare
2023-10-01,2023-09-27,GILD,Gilead Sciences
2023-10-01,2023-09-27,GFS,GlobalFoundries
2023-10-01,2023-09-27,HON,Honeywell
2023-10-01,2023-09-27,IDXX,Idexx Laboratories
2023-10-01,2023-09-27,ILMN,"Illumina, Inc."
2023-10-01,2023-09-27,INTC,Intel
2023-10-01,2023-09-27,INTU,Intuit
2023-10-01,2023-09-27,ISRG,Intuitive Surgical
2023-10-01,2023-09-27,JD,JD.com
2023-10-01,2023-09-27,KDP,Keurig Dr Pepper
2023-10-01,2023-09-27,KLAC,KLA Corporation
2023-10-01,2023-09-27,KHC,Kraft Heinz
2023-10-01,2023-09-27,LRCX,Lam Research
2023-10-01,2023-09-27,LCID,Lucid Motors
2023-10-01,2023-09-27,LULU,Lululemon
2023-10-01,2023-09-27,MAR,Marriott International
2023-10-01,2023-09-27,MRVL,Marvell Technology
2023-10-01,2023-09-27,MELI,MercadoLibre
2023-10-01,2023-09-27,META,Meta Platforms
2023-10-01,2023-09-27,MCHP,Microchip Technology
2023-10-01,2023-09-27,MU,Micron Technology
2023-10-01,2023-09-27,MSFT,Microsoft
2023-10-01,2023-09-27,MRNA,Moderna
2023-10-01,2023-09-27,MDLZ,Mondelēz International
2023-10-01,2023-09-27,MNST,Monster Beverage
2023-10-01,2023-09-27,NFLX,"Netflix, Inc."
2023-10-01,2023-09-27,NVDA,Nvidia
2023-10-01,2023-09-27,NXPI,NXP
2023-10-01,2023-09-27,ORLY,O'Reilly Automotive
2023-10-01,2023-09-27,ODFL,Old Dominion Freight Line
2023-10-01,2023-09-27,ON,Onsemi
2023-10-01,2023-09-27,PCAR,Paccar
2023-10-01,2023-09-27,PANW,Palo Alto Networks
2023-10-01,2023-09-27,PAYX,Paychex
2023-10-01,2023-09-27,PYPL,PayPal
2023-10-01,2023-09-27,PDD,Pinduoduo
2023-10-01,2023-09-27,PEP,PepsiCo
2023-10-01,2023-09-27,QCOM,Qualcomm
2023-10-01,2023-09-27,REGN,Regeneron
2023-10-01,2023-09-27,ROST,Ross Stores
2023-10-01,2023-09-27,SGEN,Seagen
2023-10-01,2023-09-27,SIRI,Sirius XM
2023-10-01,2023-09-27,SBUX,Starbucks
2023-10-01,2023-09-27,SNPS,Synopsys
2023-10-01,2023-09-27,TMUS,T-Mobile US
2023-10-01,2023-09-27,TSLA,"Tesla, Inc."
2023-10-01,2023-09-27,TXN,Texas Instruments
2023-10-01,2023-09-27,TTD,The Trade Desk
2023-10-01,2023-09-27,VRSK,Verisk
2023-10-01,2023-09-27,VRTX,Vertex Pharmaceuticals
2023-10-01,2023-09-27,WBA,Walgreens Boots Alliance
2023-10-01,2023-09-27,WBD,Warner Bros. Discovery
2023-10-01,2023-09-27,WDAY,"Workday, Inc."
2023-10-01,2023-09-27,XEL,Xcel Energy
2023-10-01,2023-09-27,ZM,Zoom Video Communications
2023-10-01,2023-09-27,ZS,Zscaler
2024-01-01,2023-12-29,ADBE,Adobe Inc.
2024-01-01,2023-12-29,ADP,ADP (company)
2024-01-01,2023-12-29,ABNB,Airbnb
2024-01-01,2023-12-29,GOOGL,Alphabet Inc.
2024-01-01,2023-12-29,GOOG,Alphabet Inc.
2024-01-01,2023-12-29,AMZN,Amazon (company)
2024-01-01,2023-12-29,AMD,AMD
2024-01-01,2023-12-29,AEP,American Electric Power
2024-01-01,2023-12-29,AMGN,Amgen
2024-01-01,2023-12-29,ADI,Analog Devices
2024-01-01,2023-12-29,ANSS,Ansys
2024-01-01,2023-12-29,AAPL,Apple Inc.
2024-01-01,2023-12-29,AMAT,Applied Materials
2024-01-01,2023-12-29,ASML,ASML Holding
2024-01-01,2023-12-29,AZN,AstraZeneca
2024-01-01,2023-12-29,TEAM,Atlassian
2024-01-01,2023-12-29,ADSK,Autodesk
2024-01-01,2023-12-29,BKR,Baker Hughes
2024-01-01,2023-12-29,BIIB,Biogen
2024-01-01,2023-12-29,BKNG,Booking Holdings
2024-01-01,2023-12-29,AVGO,Broadcom Inc.
2024-01-01,2023-12-29,CDNS,Cadence Design Systems
2024-01-01,2023-12-29,CDW,CDW
2024-01-01,2023-12-29,CHTR,Charter Communications
2024-01-01,2023-12-29,CTAS,Cintas
2024-01-01,2023-12-29,CSCO,Cisco
2024-01-01,2023-12-29,CCEP,Coca-Cola Europacific Partners
2024-01-01,2023-12-29,CTSH,Cognizant
2024-01-01,2023-12-29,CMCSA,Comcast
2024-01-01,2023-12-29,CEG,Constellation Energy
2024-01-01,2023-12-29,CPRT,Copart
2024-01-01,2023-12-29,CSGP,CoStar Group
2024-01-01,2023-12-29,COST,Costco
2024-01-01,2023-12-29,CRWD,CrowdStrike
2024-01-01,2023-12-29,CSX,CSX Corporation
2024-01-01,2023-12-29,DDOG,Datadog
2024-01-01,2023-12-29,DXCM,DexCom
2024-01-01,2023-12-29,FANG,Diamondback Energy
2024-01-01,2023-12-29,DLTR,Dollar Tree
2024-01-01,2023-12-29,DASH,Doordash
2024-01-01,2023-12-29,EA,Electronic Arts
2024-01-01,2023-12-29,EXC,Exelon
2024-01-01,2023-12-29,FAST,Fastenal
2024-01-01,2023-12-29,FTNT,Fortinet
2024-01-01,2023-12-29,GEHC,GE HealthCare
2024-01-01,2023-12-29,GILD,Gilead Sciences
2024-01-01,2023-12-29,GFS,GlobalFoundries
2024-01-01,2023-12-29,HON,Honeywell
2024-01-01,2023-12-29,IDXX,Idexx Laboratories
2024-01-01,2023-12-29,ILMN,"Illumina, Inc."
2024-01-01,2023-12-29,INTC,Intel
2024-01-01,2023-12-29,INTU,Intuit
2024-01-01,2023-12-29,ISRG,Intuitive Surgical
2024-01-01,2023-12-29,KDP,Keurig Dr Pepper
2024-01-01,2023-12-29,KLAC,KLA Corporation
2024-01-01,2023-12-29,KHC,Kraft Heinz
2024-01-01,2023-12-29,LRCX,Lam Research
2024-01-01,2023-12-29,LULU,Lululemon
2024-01-01,2023-12-29,MAR,Marriott International
2024-01-01,2023-12-29,MRVL,Marvell Technology
2024-01-01,2023-12-29,MELI,MercadoLibre
2024-01-01,2023-12-29,META,Meta Platforms
2024-01-01,2023-12-29,MCHP,Microchip Technology
2024-01-01,2023-12-29,MU,Micron Technology
2024-01-01,2023-12-29,MSFT,Microsoft
2024-01-01,2023-12-29,MRNA,Moderna
2024-01-01,2023-12-29,MDLZ,Mondelēz International
2024-01-01,2023-12-29,MDB,MongoDB Inc.
2024-01-01,2023-12-29,MNST,Monster Beverage
2024-01-01,2023-12-29,NFLX,"Netflix, Inc."
2024-01-01,2023-12-29,NVDA,Nvidia
2024-01-01,2023-12-29,NXPI,NXP
2024-01-01,2023-12-29,ORLY,O'Reilly Automotive
2024-01-01,2023-12-29,ODFL,Old Dominion Freight Line
2024-01-01,2023-12-29,ON,Onsemi
2024-01-01,2023-12-29,PCAR,Paccar
2024-01-01,2023-12-29,PANW,Palo Alto Networks
2024-01-01,2023-12-29,PAYX,Paychex
2024-01-01,2023-12-29,PYPL,PayPal
2024-01-01,2023-12-29,PDD,Pinduoduo
2024-01-01,2023-12-29,PEP,PepsiCo
2024-01-01,2023-12-29,QCOM,Qualcomm
2024-01-01,2023-12-29,REGN,Regeneron
2024-01-01,2023-12-29,ROP,Roper Technologies
2024-01-01,2023-12-29,ROST,Ross Stores
2024-01-01,2023-12-29,SIRI,Sirius XM
2024-01-01,2023-12-29,SPLK,Splunk
2024-01-01,2023-12-29,SBUX,Starbucks
2024-01-01,2023-12-29,SNPS,Synopsys
2024-01-01,2023-12-29,TTWO,Take-Two Interactive
2024-01-01,2023-12-29,TMUS,T-Mobile US
2024-01-01,2023-12-29,TSLA,"Tesla, Inc."
2024-01-01,2023-12-29,TXN,Texas Instruments
2024-01-01,2023-12-29,TTD,The Trade Desk
2024-01-01,2023-12-29,VRSK,Verisk
2024-01-01,2023-12-29,VRTX,Vertex Pharmaceuticals
2024-01-01,2023-12-29,WBA,Walgreens Boots Alliance
2024-01-01,2023-12-29,WBD,Warner Bros. Discovery
2024-01-01,2023-12-29,WDAY,"Workday, Inc."
2024-01-01,2023-12-29,XEL,Xcel Energy
2024-01-01,2023-12-29,ZS,Zscaler
2024-04-01,2024-03-24,ADBE,Adobe Inc.
2024-04-01,2024-03-24,ADP,ADP (company)
2024-04-01,2024-03-24,ABNB,Airbnb
2024-04-01,2024-03-24,GOOGL,Alphabet Inc.
2024-04-01,2024-03-24,GOOG,Alphabet Inc.
2024-04-01,2024-03-24,AMZN,Amazon (company)
2024-04-01,2024-03-24,AMD,AMD
2024-04-01,2024-03-24,AEP,American Electric Power
2024-04-01,2024-03-24,AMGN,Amgen
2024-04-01,2024-03-24,ADI,Analog Devices
2024-04-01,2024-03-24,ANSS,Ansys
2024-04-01,2024-03-24,AAPL,Apple Inc.
2024-04-01,2024-03-24,AMAT,Applied Materials
2024-04-01,2024-03-24,ASML,ASML Holding
2024-04-01,2024-03-24,AZN,AstraZeneca
2024-04-01,2024-03-24,TEAM,Atlassian
2024-04-01,2024-03-24,ADSK,Autodesk
2024-04-01,2024-03-24,BKR,Baker Hughes
2024-04-01,2024-03-24,BIIB,Biogen
2024-04-01,2024-03-24,BKNG,Booking Holdings
2024-04-01,2024-03-24,AVGO,Broadcom Inc.
2024-04-01,2024-03-24,CDNS,Cadence Design Systems
2024-04-01,2024-03-24,CDW,CDW
2024-04-01,2024-03-24,CHTR,Charter Communications
2024-04-01,2024-03-24,CTAS,Cintas
2024-04-01,2024-03-24,CSCO,Cisco
2024-04-01,2024-03-24,CCEP,Coca-Cola Europacific Partners
2024-04-01,2024-03-24,CTSH,Cognizant
2024-04-01,2024-03-24,CMCSA,Comcast
2024-04-01,2024-03-24,CEG,Constellation Energy
2024-04-01,2024-03-24,CPRT,Copart
2024-04-01,2024-03-24,CSGP,CoStar Group
2024-04-01,2024-03-24,COST,Costco
2024-04-01,2024-03-24,CRWD,CrowdStrike
2024-04-01,2024-03-24,CSX,CSX Corporation
2024-04-01,2024-03-24,DDOG,Datadog
2024-04-01,2024-03-24,DXCM,DexCom
2024-04-01,2024-03-24,FANG,Diamondback Energy
2024-04-01,2024-03-24,DLTR,Dollar Tree
2024-04-01,2024-03-24,DASH,DoorDash
2024-04-01,2024-03-24,EA,Electronic Arts
2024-04-01,2024-03-24,EXC,Exelon
2024-04-01,2024-03-24,FAST,Fastenal
2024-04-01,2024-03-24,FTNT,Fortinet
2024-04-01,2024-03-24,GEHC,GE HealthCare
2024-04-01,2024-03-24,GILD,Gilead Sciences
2024-04-01,2024-03-24,GFS,GlobalFoundries
2024-04-01,2024-03-24,HON,Honeywell
2024-04-01,2024-03-24,IDXX,Idexx Laboratories
2024-04-01,2024-03-24,ILMN,"Illumina, Inc."
2024-04-01,2024-03-24,INTC,Intel
2024-04-01,2024-03-24,INTU,Intuit
2024-04-01,2024-03-24,ISRG,Intuitive Surgical
2024-04-01,2024-03-24,KDP,Keurig Dr Pepper
2024-04-01,2024-03-24,KLAC,KLA Corporation
2024-04-01,2024-03-24,KHC,Kraft Heinz
2024-04-01,2024-03-24,LRCX,Lam Research
2024-04-01,2024-03-24,LIN,Linde plc
2024-04-01,2024-03-24,LULU,Lululemon
2024-04-01,2024-03-24,MAR,Marriott International
2024-04-01,2024-03-24,MRVL,Marvell Technology
2024-04-01,2024-03-24,MELI,MercadoLibre
2024-04-01,2024-03-24,META,Meta Platforms
2024-04-01,2024-03-24,MCHP,Microchip Technology
2024-04-01,2024-03-24,MU,Micron Technology
2024-04-01,2024-03-24,MSFT,Microsoft
2024-04-01,2024-03-24,MRNA,Moderna
2024-04-01,2024-03-24,MDLZ,Mondelēz International
2024-04-01,2024-03-24,MDB,MongoDB Inc.
2024-04-01,2024-03-24,MNST,Monster Beverage
2024-04-01,2024-03-24,NFLX,"Netflix, Inc."
2024-04-01,2024-03-24,NVDA,Nvidia
2024-04-01,2024-03-24,NXPI,NXP
2024-04-01,2024-03-24,ORLY,O'Reilly Automotive
2024-04-01,2024-03-24,ODFL,Old Dominion Freight Line
2024-04-01,2024-03-24,ON,Onsemi
2024-04-01,2024-03-24,PCAR,Paccar
2024-04-01,2024-03-24,PANW,Palo Alto Networks
2024-04-01,2024-03-24,PAYX,Paychex
2024-04-01,2024-03-24,PYPL,PayPal
2024-04-01,2024-03-24,PDD,Pinduoduo
2024-04-01,2024-03-24,PEP,PepsiCo
2024-04-01,2024-03-24,QCOM,Qualcomm
2024-04-01,2024-03-24,REGN,Regeneron
2024-04-01,2024-03-24,ROP,Roper Technologies
2024-04-01,2024-03-24,ROST,Ross Stores
2024-04-01,2024-03-24,SIRI,Sirius XM
2024-04-01,2024-03-24,SBUX,Starbucks
2024-04-01,2024-03-24,SNPS,Synopsys
2024-04-01,2024-03-24,TTWO,Take-Two Interactive
2024-04-01,2024-03-24,TMUS,T-Mobile US
2024-04-01,2024-03-24,TSLA,"Tesla, Inc."
2024-04-01,2024-03-24,TXN,Texas Instruments
2024-04-01,2024-03-24,TTD,The Trade Desk
2024-04-01,2024-03-24,VRSK,Verisk
2024-04-01,2024-03-24,VRTX,Vertex Pharmaceuticals
2024-04-01,2024-03-24,WBA,Walgreens Boots Alliance
2024-04-01,2024-03-24,WBD,Warner Bros. Discovery
2024-04-01,2024-03-24,WDAY,"Workday, Inc."
2024-04-01,2024-03-24,XEL,Xcel Energy
2024-04-01,2024-03-24,ZS,Zscaler
2024-07-01,2024-06-28,ADBE,Adobe Inc.
2024-07-01,2024-06-28,ADP,ADP (company)
2024-07-01,2024-06-28,ABNB,Airbnb
2024-07-01,2024-06-28,GOOGL,Alphabet Inc.
2024-07-01,2024-06-28,GOOG,Alphabet Inc.
2024-07-01,2024-06-28,AMZN,Amazon (company)
2024-07-01,2024-06-28,AMD,AMD
2024-07-01,2024-06-28,AEP,American Electric Power
2024-07-01,2024-06-28,AMGN,Amgen
2024-07-01,2024-06-28,ADI,Analog Devices
2024-07-01,2024-06-28,ANSS,Ansys
2024-07-01,2024-06-28,AAPL,Apple Inc.
2024-07-01,2024-06-28,AMAT,Applied Materials
2024-07-01,2024-06-28,ARM,Arm Holdings
2024-07-01,2024-06-28,ASML,ASML Holding
2024-07-01,2024-06-28,AZN,AstraZeneca
2024-07-01,2024-06-28,TEAM,Atlassian
2024-07-01,2024-06-28,ADSK,Autodesk
2024-07-01,2024-06-28,BKR,Baker Hughes
2024-07-01,2024-06-28,BIIB,Biogen
2024-07-01,2024-06-28,BKNG,Booking Holdings
2024-07-01,2024-06-28,AVGO,Broadcom Inc.
2024-07-01,2024-06-28,CDNS,Cadence Design Systems
2024-07-01,2024-06-28,CDW,CDW
2024-07-01,2024-06-28,CHTR,Charter Communications
2024-07-01,2024-06-28,CTAS,Cintas
2024-07-01,2024-06-28,CSCO,Cisco
2024-07-01,2024-06-28,CCEP,Coca-Cola Europacific Partners
2024-07-01,2024-06-28,CTSH,Cognizant
2024-07-01,2024-06-28,CMCSA,Comcast
2024-07-01,2024-06-28,CEG,Constellation Energy
2024-07-01,2024-06-28,CPRT,Copart
2024-07-01,2024-06-28,CSGP,CoStar Group
2024-07-01,2024-06-28,COST,Costco
2024-07-01,2024-06-28,CRWD,CrowdStrike
2024-07-01,2024-06-28,CSX,CSX Corporation
2024-07-01,2024-06-28,DDOG,Datadog
2024-07-01,2024-06-28,DXCM,DexCom
2024-07-01,2024-06-28,FANG,Diamondback Energy
2024-07-01,2024-06-28,DLTR,Dollar Tree
2024-07-01,2024-06-28,DASH,DoorDash
2024-07-01,2024-06-28,EA,Electronic Arts
2024-07-01,2024-06-28,EXC,Exelon
2024-07-01,2024-06-28,FAST,Fastenal
2024-07-01,2024-06-28,FTNT,Fortinet
2024-07-01,2024-06-28,GEHC,GE HealthCare
2024-07-01,2024-06-28,GILD,Gilead Sciences
2024-07-01,2024-06-28,GFS,GlobalFoundries
2024-07-01,2024-06-28,HON,Honeywell
2024-07-01,2024-06-28,IDXX,Idexx Laboratories
2024-07-01,2024-06-28,ILMN,"Illumina, Inc."
2024-07-01,2024-06-28,INTC,Intel
2024-07-01,2024-06-28,INTU,Intuit
2024-07-01,2024-06-28,ISRG,Intuitive Surgical
2024-07-01,2024-06-28,KDP,Keurig Dr Pepper
2024-07-01,2024-06-28,KLAC,KLA Corporation
2024-07-01,2024-06-28,KHC,Kraft Heinz
2024-07-01,2024-06-28,LRCX,Lam Research
2024-07-01,2024-06-28,LIN,Linde plc
2024-07-01,2024-06-28,LULU,Lululemon
2024-07-01,2024-06-28,MAR,Marriott International
2024-07-01,2024-06-28,MRVL,Marvell Technology
2024-07-01,2024-06-28,MELI,MercadoLibre
2024-07-01,2024-06-28,META,Meta Platforms
2024-07-01,2024-06-28,MCHP,Microchip Technology
2024-07-01,2024-06-28,MU,Micron Technology
2024-07-01,2024-06-28,MSFT,Microsoft
2024-07-01,2024-06-28,MRNA,Moderna
2024-07-01,2024-06-28,MDLZ,Mondelēz International
2024-07-01,2024-06-28,MDB,MongoDB Inc.
2024-07-01,2024-06-28,MNST,Monster Beverage
2024-07-01,2024-06-28,NFLX,"Netflix, Inc."
2024-07-01,2024-06-28,NVDA,Nvidia
2024-07-01,2024-06-28,NXPI,NXP Semiconductors
2024-07-01,2024-06-28,ORLY,O'Reilly Automotive
2024-07-01,2024-06-28,ODFL,Old Dominion Freight Line
2024-07-01,2024-06-28,ON,Onsemi
2024-07-01,2024-06-28,PCAR,Paccar
2024-07-01,2024-06-28,PANW,Palo Alto Networks
2024-07-01,2024-06-28,PAYX,Paychex
2024-07-01,2024-06-28,PYPL,PayPal
2024-07-01,2024-06-28,PDD,Pinduoduo
2024-07-01,2024-06-28,PEP,PepsiCo
2024-07-01,2024-06-28,QCOM,Qualcomm
2024-07-01,2024-06-28,REGN,Regeneron
2024-07-01,2024-06-28,ROP,Roper Technologies
2024-07-01,2024-06-28,ROST,Ross Stores
2024-07-01,2024-06-28,SBUX,Starbucks
2024-07-01,2024-06-28,SNPS,Synopsys
2024-07-01,2024-06-28,TTWO,Take-Two Interactive
2024-07-01,2024-06-28,TMUS,T-Mobile US
2024-07-01,2024-06-28,TSLA,"Tesla, Inc."
2024-07-01,2024-06-28,TXN,Texas Instruments
2024-07-01,2024-06-28,TTD,The Trade Desk
2024-07-01,2024-06-28,VRSK,Verisk
2024-07-01,2024-06-28,VRTX,Vertex Pharmaceuticals
2024-07-01,2024-06-28,WBA,Walgreens Boots Alliance
2024-07-01,2024-06-28,WBD,Warner Bros. Discovery
2024-07-01,2024-06-28,WDAY,"Workday, Inc."
2024-07-01,2024-06-28,XEL,Xcel Energy
2024-07-01,2024-06-28,ZS,Zscaler
2024-10-01,2024-09-17,ADBE,Adobe Inc.
2024-10-01,2024-09-17,AMD,AMD
2024-10-01,2024-09-17,ABNB,Airbnb
2024-10-01,2024-09-17,GOOGL,Alphabet Inc.
2024-10-01,2024-09-17,GOOG,Alphabet Inc.
2024-10-01,2024-09-17,AMZN,Amazon (company)
2024-10-01,2024-09-17,AEP,American Electric Power
2024-10-01,2024-09-17,AMGN,Amgen
2024-10-01,2024-09-17,ADI,Analog Devices
2024-10-01,2024-09-17,ANSS,Ansys
2024-10-01,2024-09-17,AAPL,Apple Inc.
2024-10-01,2024-09-17,AMAT,Applied Materials
2024-10-01,2024-09-17,ARM,Arm Holdings
2024-10-01,2024-09-17,ASML,ASML Holding
2024-10-01,2024-09-17,AZN,AstraZeneca
2024-10-01,2024-09-17,TEAM,Atlassian
2024-10-01,2024-09-17,ADSK,Autodesk
2024-10-01,2024-09-17,ADP,ADP (company)
2024-10-01,2024-09-17,BKR,Baker Hughes
2024-10-01,2024-09-17,BIIB,Biogen
2024-10-01,2024-09-17,BKNG,Booking Holdings
2024-10-01,2024-09-17,AVGO,Broadcom Inc.
2024-10-01,2024-09-17,CDNS,Cadence Design Systems
2024-10-01,2024-09-17,CDW,CDW
2024-10-01,2024-09-17,CHTR,Charter Communications
2024-10-01,2024-09-17,CTAS,Cintas
2024-10-01,2024-09-17,CSCO,Cisco
2024-10-01,2024-09-17,CCEP,Coca-Cola Europacific Partners
2024-10-01,2024-09-17,CTSH,Cognizant
2024-10-01,2024-09-17,CMCSA,Comcast
2024-10-01,2024-09-17,CEG,Constellation Energy
2024-10-01,2024-09-17,CPRT,Copart
2024-10-01,2024-09-17,CSGP,CoStar Group
2024-10-01,2024-09-17,COST,Costco
2024-10-01,2024-09-17,CRWD,CrowdStrike
2024-10-01,2024-09-17,CSX,CSX Corporation
2024-10-01,2024-09-17,DDOG,Datadog
2024-10-01,2024-09-17,DXCM,DexCom
2024-10-01,2024-09-17,FANG,Diamondback Energy
2024-10-01,2024-09-17,DLTR,Dollar Tree
2024-10-01,2024-09-17,DASH,DoorDash
2024-10-01,2024-09-17,EA,Electronic Arts
2024-10-01,2024-09-17,EXC,Exelon
2024-10-01,2024-09-17,FAST,Fastenal
2024-10-01,2024-09-17,FTNT,Fortinet
2024-10-01,2024-09-17,GEHC,GE HealthCare
2024-10-01,2024-09-17,GILD,Gilead Sciences
2024-10-01,2024-09-17,GFS,GlobalFoundries
2024-10-01,2024-09-17,HON,Honeywell
2024-10-01,2024-09-17,IDXX,Idexx Laboratories
2024-10-01,2024-09-17,ILMN,"Illumina, Inc."
2024-10-01,2024-09-17,INTC,Intel
2024-10-01,2024-09-17,INTU,Intuit
2024-10-01,2024-09-17,ISRG,Intuitive Surgical
2024-10-01,2024-09-17,KDP,Keurig Dr Pepper
2024-10-01,2024-09-17,KLAC,KLA Corporation
2024-10-01,2024-09-17,KHC,Kraft Heinz
2024-10-01,2024-09-17,LRCX,Lam Research
2024-10-01,2024-09-17,LIN,Linde plc
2024-10-01,2024-09-17,LULU,Lululemon Athletica
2024-10-01,2024-09-17,MAR,Marriott International
2024-10-01,2024-09-17,MRVL,Marvell Technology
2024-10-01,2024-09-17,MELI,MercadoLibre
2024-10-01,2024-09-17,META,Meta Platforms
2024-10-01,2024-09-17,MCHP,Microchip Technology
2024-10-01,2024-09-17,MU,Micron Technology
2024-10-01,2024-09-17,MSFT,Microsoft
2024-10-01,2024-09-17,MRNA,Moderna
2024-10-01,2024-09-17,MDLZ,Mondelez International
2024-10-01,2024-09-17,MDB,MongoDB Inc.
2024-10-01,2024-09-17,MNST,Monster Beverage
2024-10-01,2024-09-17,NFLX,"Netflix, Inc."
2024-10-01,2024-09-17,NVDA,Nvidia
2024-10-01,2024-09-17,NXPI,NXP Semiconductors
2024-10-01,2024-09-17,ORLY,O'Reilly Automotive
2024-10-01,2024-09-17,ODFL,Old Dominion Freight Line
2024-10-01,2024-09-17,ON,Onsemi
2024-10-01,2024-09-17,PCAR,Paccar
2024-10-01,2024-09-17,PANW,Palo Alto Networks
2024-10-01,2024-09-17,PAYX,Paychex
2024-10-01,2024-09-17,PYPL,PayPal
2024-10-01,2024-09-17,PDD,Pinduoduo
2024-10-01,2024-09-17,PEP,PepsiCo
2024-10-01,2024-09-17,QCOM,Qualcomm
2024-10-01,2024-09-17,REGN,Regeneron Pharmaceuticals
2024-10-01,2024-09-17,ROP,Roper Technologies
2024-10-01,2024-09-17,ROST,Ross Stores
2024-10-01,2024-09-17,SBUX,Starbucks
2024-10-01,2024-09-17,SMCI,Supermicro
2024-10-01,2024-09-17,SNPS,Synopsys
2024-10-01,2024-09-17,TTWO,Take-Two Interactive
2024-10-01,2024-09-17,TMUS,T-Mobile US
2024-10-01,2024-09-17,TSLA,"Tesla, Inc."
2024-10-01,2024-09-17,TXN,Texas Instruments
2024-10-01,2024-09-17,TTD,The Trade Desk
2024-10-01,2024-09-17,VRSK,Verisk Analytics
2024-10-01,2024-09-17,VRTX,Vertex Pharmaceuticals
2024-10-01,2024-09-17,WBD,Warner Bros. Discovery
2024-10-01,2024-09-17,WDAY,"Workday, Inc."
2024-10-01,2024-09-17,XEL,Xcel Energy
2024-10-01,2024-09-17,ZS,Zscaler
2025-01-01,2024-12-24,ADBE,Adobe Inc.
2025-01-01,2024-12-24,AMD,AMD
2025-01-01,2024-12-24,ABNB,Airbnb
2025-01-01,2024-12-24,GOOGL,Alphabet Inc.
2025-01-01,2024-12-24,GOOG,Alphabet Inc.
2025-01-01,2024-12-24,AMZN,Amazon (company)
2025-01-01,2024-12-24,AEP,American Electric Power
2025-01-01,2024-12-24,AMGN,Amgen
2025-01-01,2024-12-24,ADI,Analog Devices
2025-01-01,2024-12-24,ANSS,Ansys
2025-01-01,2024-12-24,AAPL,Apple Inc.
2025-01-01,2024-12-24,AMAT,Applied Materials
2025-01-01,2024-12-24,APP,AppLovin
2025-01-01,2024-12-24,ARM,Arm Holdings
2025-01-01,2024-12-24,ASML,ASML Holding
2025-01-01,2024-12-24,AZN,AstraZeneca
2025-01-01,2024-12-24,TEAM,Atlassian
2025-01-01,2024-12-24,ADSK,Autodesk
2025-01-01,2024-12-24,ADP,ADP (company)
2025-01-01,2024-12-24,AXON,Axon Enterprise
2025-01-01,2024-12-24,BKR,Baker Hughes
2025-01-01,2024-12-24,BIIB,Biogen
2025-01-01,2024-12-24,BKNG,Booking Holdings
2025-01-01,2024-12-24,AVGO,Broadcom
2025-01-01,2024-12-24,CDNS,Cadence Design Systems
2025-01-01,2024-12-24,CDW,CDW
2025-01-01,2024-12-24,CHTR,Charter Communications
2025-01-01,2024-12-24,CTAS,Cintas
2025-01-01,2024-12-24,CSCO,Cisco
2025-01-01,2024-12-24,CCEP,Coca-Cola Europacific Partners
2025-01-01,2024-12-24,CTSH,Cognizant
2025-01-01,2024-12-24,CMCSA,Comcast
2025-01-01,2024-12-24,CEG,Constellation Energy
2025-01-01,2024-12-24,CPRT,Copart
2025-01-01,2024-12-24,CSGP,CoStar Group
2025-01-01,2024-12-24,COST,Costco
2025-01-01,2024-12-24,CRWD,CrowdStrike
2025-01-01,2024-12-24,CSX,CSX Corporation
2025-01-01,2024-12-24,DDOG,Datadog
2025-01-01,2024-12-24,DXCM,DexCom
2025-01-01,2024-12-24,FANG,Diamondback Energy
2025-01-01,2024-12-24,DASH,DoorDash
2025-01-01,2024-12-24,EA,Electronic Arts
2025-01-01,2024-12-24,EXC,Exelon
2025-01-01,2024-12-24,FAST,Fastenal
2025-01-01,2024-12-24,FTNT,Fortinet
2025-01-01,2024-12-24,GEHC,GE HealthCare
2025-01-01,2024-12-24,GILD,Gilead Sciences
2025-01-01,2024-12-24,GFS,GlobalFoundries
2025-01-01,2024-12-24,HON,Honeywell
2025-01-01,2024-12-24,IDXX,Idexx Laboratories
2025-01-01,2024-12-24,INTC,Intel
2025-01-01,2024-12-24,INTU,Intuit
2025-01-01,2024-12-24,ISRG,Intuitive Surgical
2025-01-01,2024-12-24,KDP,Keurig Dr Pepper
2025-01-01,2024-12-24,KLAC,KLA Corporation
2025-01-01,2024-12-24,KHC,Kraft Heinz
2025-01-01,2024-12-24,LRCX,Lam Research
2025-01-01,2024-12-24,LIN,Linde plc
2025-01-01,2024-12-24,LULU,Lululemon Athletica
2025-01-01,2024-12-24,MAR,Marriott International
2025-01-01,2024-12-24,MRVL,Marvell Technology
2025-01-01,2024-12-24,MELI,MercadoLibre
2025-01-01,2024-12-24,META,Meta Platforms
2025-01-01,2024-12-24,MCHP,Microchip Technology
2025-01-01,2024-12-24,MU,Micron Technology
2025-01-01,2024-12-24,MSFT,Microsoft
2025-01-01,2024-12-24,MSTR,MicroStrategy
2025-01-01,2024-12-24,MDLZ,Mondelez International
2025-01-01,2024-12-24,MDB,MongoDB Inc.
2025-01-01,2024-12-24,MNST,Monster Beverage
2025-01-01,2024-12-24,NFLX,"Netflix, Inc."
2025-01-01,2024-12-24,NVDA,Nvidia
2025-01-01,2024-12-24,NXPI,NXP Semiconductors
2025-01-01,2024-12-24,ORLY,O'Reilly Automotive
2025-01-01,2024-12-24,ODFL,Old Dominion Freight Line
2025-01-01,2024-12-24,ON,Onsemi
2025-01-01,2024-12-24,PCAR,Paccar
2025-01-01,2024-12-24,PLTR,Palantir Technologies
2025-01-01,2024-12-24,PANW,Palo Alto Networks
2025-01-01,2024-12-24,PAYX,Paychex
2025-01-01,2024-12-24,PYPL,PayPal
2025-01-01,2024-12-24,PDD,Pinduoduo
2025-01-01,2024-12-24,PEP,PepsiCo
2025-01-01,2024-12-24,QCOM,Qualcomm
2025-01-01,2024-12-24,REGN,Regeneron Pharmaceuticals
2025-01-01,2024-12-24,ROP,Roper Technologies
2025-01-01,2024-12-24,ROST,Ross Stores
2025-01-01,2024-12-24,SBUX,Starbucks
2025-01-01,2024-12-24,SNPS,Synopsys
2025-01-01,2024-12-24,TTWO,Take-Two Interactive
2025-01-01,2024-12-24,TMUS,T-Mobile US
2025-01-01,2024-12-24,TSLA,"Tesla, Inc."
2025-01-01,2024-12-24,TXN,Texas Instruments
2025-01-01,2024-12-24,TTD,The Trade Desk
2025-01-01,2024-12-24,VRSK,Verisk Analytics
2025-01-01,2024-12-24,VRTX,Vertex Pharmaceuticals
2025-01-01,2024-12-24,WBD,Warner Bros. Discovery
2025-01-01,2024-12-24,WDAY,"Workday, Inc."
2025-01-01,2024-12-24,XEL,Xcel Energy
2025-01-01,2024-12-24,ZS,Zscaler
2025-04-01,2025-03-31,ADBE,Adobe Inc.
2025-04-01,2025-03-31,AMD,AMD
2025-04-01,2025-03-31,ABNB,Airbnb
2025-04-01,2025-03-31,GOOGL,Alphabet Inc.
2025-04-01,2025-03-31,GOOG,Alphabet Inc.
2025-04-01,2025-03-31,AMZN,Amazon (company)
2025-04-01,2025-03-31,AEP,American Electric Power
2025-04-01,2025-03-31,AMGN,Amgen
2025-04-01,2025-03-31,ADI,Analog Devices
2025-04-01,2025-03-31,ANSS,Ansys
2025-04-01,2025-03-31,AAPL,Apple Inc.
2025-04-01,2025-03-31,AMAT,Applied Materials
2025-04-01,2025-03-31,APP,AppLovin
2025-04-01,2025-03-31,ARM,Arm Holdings
2025-04-01,2025-03-31,ASML,ASML Holding
2025-04-01,2025-03-31,AZN,AstraZeneca
2025-04-01,2025-03-31,TEAM,Atlassian
2025-04-01,2025-03-31,ADSK,Autodesk
2025-04-01,2025-03-31,ADP,ADP (company)
2025-04-01,2025-03-31,AXON,Axon Enterprise
2025-04-01,2025-03-31,BKR,Baker Hughes
2025-04-01,2025-03-31,BIIB,Biogen
2025-04-01,2025-03-31,BKNG,Booking Holdings
2025-04-01,2025-03-31,AVGO,Broadcom
2025-04-01,2025-03-31,CDNS,Cadence Design Systems
2025-04-01,2025-03-31,CDW,CDW
2025-04-01,2025-03-31,CHTR,Charter Communications
2025-04-01,2025-03-31,CTAS,Cintas
2025-04-01,2025-03-31,CSCO,Cisco
2025-04-01,2025-03-31,CCEP,Coca-Cola Europacific Partners
2025-04-01,2025-03-31,CTSH,Cognizant
2025-04-01,2025-03-31,CMCSA,Comcast
2025-04-01,2025-03-31,CEG,Constellation Energy
2025-04-01,2025-03-31,CPRT,Copart
2025-04-01,2025-03-31,CSGP,CoStar Group
2025-04-01,2025-03-31,COST,Costco
2025-04-01,2025-03-31,CRWD,CrowdStrike
2025-04-01,2025-03-31,CSX,CSX Corporation
2025-04-01,2025-03-31,DDOG,Datadog
2025-04-01,2025-03-31,DXCM,DexCom
2025-04-01,2025-03-31,FANG,Diamondback Energy
2025-04-01,2025-03-31,DASH,DoorDash
2025-04-01,2025-03-31,EA,Electronic Arts
2025-04-01,2025-03-31,EXC,Exelon
2025-04-01,2025-03-31,FAST,Fastenal
2025-04-01,2025-03-31,FTNT,Fortinet
2025-04-01,2025-03-31,GEHC,GE HealthCare
2025-04-01,2025-03-31,GILD,Gilead Sciences
2025-04-01,2025-03-31,GFS,GlobalFoundries
2025-04-01,2025-03-31,HON,Honeywell
2025-04-01,2025-03-31,IDXX,Idexx Laboratories
2025-04-01,2025-03-31,INTC,Intel
2025-04-01,2025-03-31,INTU,Intuit
2025-04-01,2025-03-31,ISRG,Intuitive Surgical
2025-04-01,2025-03-31,KDP,Keurig Dr Pepper
2025-04-01,2025-03-31,KLAC,KLA Corporation
2025-04-01,2025-03-31,KHC,Kraft Heinz
2025-04-01,2025-03-31,LRCX,Lam Research
2025-04-01,2025-03-31,LIN,Linde plc
2025-04-01,2025-03-31,LULU,Lululemon Athletica
2025-04-01,2025-03-31,MAR,Marriott International
2025-04-01,2025-03-31,MRVL,Marvell Technology
2025-04-01,2025-03-31,MELI,MercadoLibre
2025-04-01,2025-03-31,META,Meta Platforms
2025-04-01,2025-03-31,MCHP,Microchip Technology
2025-04-01,2025-03-31,MU,Micron Technology
2025-04-01,2025-03-31,MSFT,Microsoft
2025-04-01,2025-03-31,MSTR,MicroStrategy
2025-04-01,2025-03-31,MDLZ,Mondelez International
2025-04-01,2025-03-31,MDB,MongoDB Inc.
2025-04-01,2025-03-31,MNST,Monster Beverage
2025-04-01,2025-03-31,NFLX,"Netflix, Inc."
2025-04-01,2025-03-31,NVDA,Nvidia
2025-04-01,2025-03-31,NXPI,NXP Semiconductors
2025-04-01,2025-03-31,ORLY,O'Reilly Automotive
2025-04-01,2025-03-31,ODFL,Old Dominion Freight Line
2025-04-01,2025-03-31,ON,Onsemi
2025-04-01,2025-03-31,PCAR,Paccar
2025-04-01,2025-03-31,PLTR,Palantir Technologies
2025-04-01,2025-03-31,PANW,Palo Alto Networks
2025-04-01,2025-03-31,PAYX,Paychex
2025-04-01,2025-03-31,PYPL,PayPal
2025-04-01,2025-03-31,PDD,Pinduoduo
2025-04-01,2025-03-31,PEP,PepsiCo
2025-04-01,2025-03-31,QCOM,Qualcomm
2025-04-01,2025-03-31,REGN,Regeneron Pharmaceuticals
2025-04-01,2025-03-31,ROP,Roper Technologies
2025-04-01,2025-03-31,ROST,Ross Stores
2025-04-01,2025-03-31,SBUX,Starbucks
2025-04-01,2025-03-31,SNPS,Synopsys
2025-04-01,2025-03-31,TTWO,Take-Two Interactive
2025-04-01,2025-03-31,TMUS,T-Mobile US
2025-04-01,2025-03-31,TSLA,"Tesla, Inc."
2025-04-01,2025-03-31,TXN,Texas Instruments
2025-04-01,2025-03-31,TTD,The Trade Desk
2025-04-01,2025-03-31,VRSK,Verisk Analytics
2025-04-01,2025-03-31,VRTX,Vertex Pharmaceuticals
2025-04-01,2025-03-31,WBD,Warner Bros. Discovery
2025-04-01,2025-03-31,WDAY,"Workday, Inc."
2025-04-01,2025-03-31,XEL,Xcel Energy
2025-04-01,2025-03-31,ZS,Zscaler
2025-07-01,2025-06-24,ADBE,Adobe Inc.
2025-07-01,2025-06-24,AMD,AMD
2025-07-01,2025-06-24,ABNB,Airbnb
2025-07-01,2025-06-24,GOOGL,Alphabet Inc.
2025-07-01,2025-06-24,GOOG,Alphabet Inc.
2025-07-01,2025-06-24,AMZN,Amazon (company)
2025-07-01,2025-06-24,AEP,American Electric Power
2025-07-01,2025-06-24,AMGN,Amgen
2025-07-01,2025-06-24,ADI,Analog Devices
2025-07-01,2025-06-24,ANSS,Ansys
2025-07-01,2025-06-24,AAPL,Apple Inc.
2025-07-01,2025-06-24,AMAT,Applied Materials
2025-07-01,2025-06-24,APP,AppLovin
2025-07-01,2025-06-24,ARM,Arm Holdings
2025-07-01,2025-06-24,ASML,ASML Holding
2025-07-01,2025-06-24,AZN,AstraZeneca
2025-07-01,2025-06-24,TEAM,Atlassian
2025-07-01,2025-06-24,ADSK,Autodesk
2025-07-01,2025-06-24,ADP,ADP (company)
2025-07-01,2025-06-24,AXON,Axon Enterprise
2025-07-01,2025-06-24,BKR,Baker Hughes
2025-07-01,2025-06-24,BIIB,Biogen
2025-07-01,2025-06-24,BKNG,Booking Holdings
2025-07-01,2025-06-24,AVGO,Broadcom
2025-07-01,2025-06-24,CDNS,Cadence Design Systems
2025-07-01,2025-06-24,CDW,CDW
2025-07-01,2025-06-24,CHTR,Charter Communications
2025-07-01,2025-06-24,CTAS,Cintas
2025-07-01,2025-06-24,CSCO,Cisco
2025-07-01,2025-06-24,CCEP,Coca-Cola Europacific Partners
2025-07-01,2025-06-24,CTSH,Cognizant
2025-07-01,2025-06-24,CMCSA,Comcast
2025-07-01,2025-06-24,CEG,Constellation Energy
2025-07-01,2025-06-24,CPRT,Copart
2025-07-01,2025-06-24,CSGP,CoStar Group
2025-07-01,2025-06-24,COST,Costco
2025-07-01,2025-06-24,CRWD,CrowdStrike
2025-07-01,2025-06-24,CSX,CSX Corporation
2025-07-01,2025-06-24,DDOG,Datadog
2025-07-01,2025-06-24,DXCM,DexCom
2025-07-01,2025-06-24,FANG,Diamondback Energy
2025-07-01,2025-06-24,DASH,DoorDash
2025-07-01,2025-06-24,EA,Electronic Arts
2025-07-01,2025-06-24,EXC,Exelon
2025-07-01,2025-06-24,FAST,Fastenal
2025-07-01,2025-06-24,FTNT,Fortinet
2025-07-01,2025-06-24,GEHC,GE HealthCare
2025-07-01,2025-06-24,GILD,Gilead Sciences
2025-07-01,2025-06-24,GFS,GlobalFoundries
2025-07-01,2025-06-24,HON,Honeywell
2025-07-01,2025-06-24,IDXX,Idexx Laboratories
2025-07-01,2025-06-24,INTC,Intel
2025-07-01,2025-06-24,INTU,Intuit
2025-07-01,2025-06-24,ISRG,Intuitive Surgical
2025-07-01,2025-06-24,KDP,Keurig Dr Pepper
2025-07-01,2025-06-24,KLAC,KLA Corporation
2025-07-01,2025-06-24,KHC,Kraft Heinz
2025-07-01,2025-06-24,LRCX,Lam Research
2025-07-01,2025-06-24,LIN,Linde plc
2025-07-01,2025-06-24,LULU,Lululemon
2025-07-01,2025-06-24,MAR,Marriott International
2025-07-01,2025-06-24,MRVL,Marvell Technology
2025-07-01,2025-06-24,MELI,Mercado Libre
2025-07-01,2025-06-24,META,Meta Platforms
2025-07-01,2025-06-24,MCHP,Microchip Technology
2025-07-01,2025-06-24,MU,Micron Technology
2025-07-01,2025-06-24,MSFT,Microsoft
2025-07-01,2025-06-24,MSTR,MicroStrategy
2025-07-01,2025-06-24,MDLZ,Mondelez International
2025-07-01,2025-06-24,MNST,Monster Beverage
2025-07-01,2025-06-24,NFLX,"Netflix, Inc."
2025-07-01,2025-06-24,NVDA,Nvidia
2025-07-01,2025-06-24,NXPI,NXP Semiconductors
2025-07-01,2025-06-24,ORLY,O'Reilly Automotive
2025-07-01,2025-06-24,ODFL,Old Dominion Freight Line
2025-07-01,2025-06-24,ON,Onsemi
2025-07-01,2025-06-24,PCAR,Paccar
2025-07-01,2025-06-24,PLTR,Palantir Technologies
2025-07-01,2025-06-24,PANW,Palo Alto Networks
2025-07-01,2025-06-24,PAYX,Paychex
2025-07-01,2025-06-24,PYPL,PayPal
2025-07-01,2025-06-24,PDD,Pinduoduo
2025-07-01,2025-06-24,PEP,PepsiCo
2025-07-01,2025-06-24,QCOM,Qualcomm
2025-07-01,2025-06-24,REGN,Regeneron Pharmaceuticals
2025-07-01,2025-06-24,ROP,Roper Technologies
2025-07-01,2025-06-24,ROST,Ross Stores
2025-07-01,2025-06-24,SHOP,Shopify
2025-07-01,2025-06-24,SBUX,Starbucks
2025-07-01,2025-06-24,SNPS,Synopsys
2025-07-01,2025-06-24,TTWO,Take-Two Interactive
2025-07-01,2025-06-24,TMUS,T-Mobile US
2025-07-01,2025-06-24,TSLA,"Tesla, Inc."
2025-07-01,2025-06-24,TXN,Texas Instruments
2025-07-01,2025-06-24,TTD,The Trade Desk
2025-07-01,2025-06-24,VRSK,Verisk Analytics
2025-07-01,2025-06-24,VRTX,Vertex Pharmaceuticals
2025-07-01,2025-06-24,WBD,Warner Bros. Discovery
2025-07-01,2025-06-24,WDAY,"Workday, Inc."
2025-07-01,2025-06-24,XEL,Xcel Energy
2025-07-01,2025-06-24,ZS,Zscaler
2025-10-01,2025-09-28,ADBE,Adobe Inc.
2025-10-01,2025-09-28,AMD,AMD
2025-10-01,2025-09-28,ABNB,Airbnb
2025-10-01,2025-09-28,GOOGL,Alphabet Inc.
2025-10-01,2025-09-28,GOOG,Alphabet Inc.
2025-10-01,2025-09-28,AMZN,Amazon (company)
2025-10-01,2025-09-28,AEP,American Electric Power
2025-10-01,2025-09-28,AMGN,Amgen
2025-10-01,2025-09-28,ADI,Analog Devices
2025-10-01,2025-09-28,AAPL,Apple Inc.
2025-10-01,2025-09-28,AMAT,Applied Materials
2025-10-01,2025-09-28,APP,AppLovin
2025-10-01,2025-09-28,ARM,Arm Holdings
2025-10-01,2025-09-28,ASML,ASML Holding
2025-10-01,2025-09-28,AZN,AstraZeneca
2025-10-01,2025-09-28,TEAM,Atlassian
2025-10-01,2025-09-28,ADSK,Autodesk
2025-10-01,2025-09-28,ADP,ADP (company)
2025-10-01,2025-09-28,AXON,Axon Enterprise
2025-10-01,2025-09-28,BKR,Baker Hughes
2025-10-01,2025-09-28,BIIB,Biogen
2025-10-01,2025-09-28,BKNG,Booking Holdings
2025-10-01,2025-09-28,AVGO,Broadcom
2025-10-01,2025-09-28,CDNS,Cadence Design Systems
2025-10-01,2025-09-28,CDW,CDW
2025-10-01,2025-09-28,CHTR,Charter Communications
2025-10-01,2025-09-28,CTAS,Cintas
2025-10-01,2025-09-28,CSCO,Cisco
2025-10-01,2025-09-28,CCEP,Coca-Cola Europacific Partners
2025-10-01,2025-09-28,CTSH,Cognizant
2025-10-01,2025-09-28,CMCSA,Comcast
2025-10-01,2025-09-28,CEG,Constellation Energy
2025-10-01,2025-09-28,CPRT,Copart
2025-10-01,2025-09-28,CSGP,CoStar Group
2025-10-01,2025-09-28,COST,Costco
2025-10-01,2025-09-28,CRWD,CrowdStrike
2025-10-01,2025-09-28,CSX,CSX Corporation
2025-10-01,2025-09-28,DDOG,Datadog
2025-10-01,2025-09-28,DXCM,DexCom
2025-10-01,2025-09-28,FANG,Diamondback Energy
2025-10-01,2025-09-28,DASH,DoorDash
2025-10-01,2025-09-28,EA,Electronic Arts
2025-10-01,2025-09-28,EXC,Exelon
2025-10-01,2025-09-28,FAST,Fastenal
2025-10-01,2025-09-28,FTNT,Fortinet
2025-10-01,2025-09-28,GEHC,GE HealthCare
2025-10-01,2025-09-28,GILD,Gilead Sciences
2025-10-01,2025-09-28,GFS,GlobalFoundries
2025-10-01,2025-09-28,HON,Honeywell
2025-10-01,2025-09-28,IDXX,Idexx Laboratories
2025-10-01,2025-09-28,INTC,Intel
2025-10-01,2025-09-28,INTU,Intuit
2025-10-01,2025-09-28,ISRG,Intuitive Surgical
2025-10-01,2025-09-28,KDP,Keurig Dr Pepper
2025-10-01,2025-09-28,KLAC,KLA Corporation
2025-10-01,2025-09-28,KHC,Kraft Heinz
2025-10-01,2025-09-28,LRCX,Lam Research
2025-10-01,2025-09-28,LIN,Linde plc
2025-10-01,2025-09-28,LULU,Lululemon
2025-10-01,2025-09-28,MAR,Marriott International
2025-10-01,2025-09-28,MRVL,Marvell Technology
2025-10-01,2025-09-28,MELI,Mercado Libre
2025-10-01,2025-09-28,META,Meta Platforms
2025-10-01,2025-09-28,MCHP,Microchip Technology
2025-10-01,2025-09-28,MU,Micron Technology
2025-10-01,2025-09-28,MSFT,Microsoft
2025-10-01,2025-09-28,MSTR,MicroStrategy
2025-10-01,2025-09-28,MDLZ,Mondelez International
2025-10-01,2025-09-28,MNST,Monster Beverage
2025-10-01,2025-09-28,NFLX,"Netflix, Inc."
2025-10-01,2025-09-28,NVDA,Nvidia
2025-10-01,2025-09-28,NXPI,NXP Semiconductors
2025-10-01,2025-09-28,ORLY,O'Reilly Automotive
2025-10-01,2025-09-28,ODFL,Old Dominion Freight Line
2025-10-01,2025-09-28,ON,Onsemi
2025-10-01,2025-09-28,PCAR,Paccar
2025-10-01,2025-09-28,PLTR,Palantir Technologies
2025-10-01,2025-09-28,PANW,Palo Alto Networks
2025-10-01,2025-09-28,PAYX,Paychex
2025-10-01,2025-09-28,PYPL,PayPal
2025-10-01,2025-09-28,PDD,Pinduoduo
2025-10-01,2025-09-28,PEP,PepsiCo
2025-10-01,2025-09-28,QCOM,Qualcomm
2025-10-01,2025-09-28,REGN,Regeneron Pharmaceuticals
2025-10-01,2025-09-28,ROP,Roper Technologies
2025-10-01,2025-09-28,ROST,Ross Stores
2025-10-01,2025-09-28,SHOP,Shopify
2025-10-01,2025-09-28,SBUX,Starbucks
2025-10-01,2025-09-28,SNPS,Synopsys
2025-10-01,2025-09-28,TMUS,T-Mobile US
2025-10-01,2025-09-28,TTWO,Take-Two Interactive
2025-10-01,2025-09-28,TSLA,"Tesla, Inc."
2025-10-01,2025-09-28,TXN,Texas Instruments
2025-10-01,2025-09-28,TRI,Thomson Reuters
2025-10-01,2025-09-28,TTD,The Trade Desk
2025-10-01,2025-09-28,VRSK,Verisk Analytics
2025-10-01,2025-09-28,VRTX,Vertex Pharmaceuticals
2025-10-01,2025-09-28,WBD,Warner Bros. Discovery
2025-10-01,2025-09-28,WDAY,"Workday, Inc."
2025-10-01,2025-09-28,XEL,Xcel Energy
2025-10-01,2025-09-28,ZS,Zscaler
2026-01-01,2025-12-29,ADBE,Adobe Inc.
2026-01-01,2025-12-29,AMD,AMD
2026-01-01,2025-12-29,ABNB,Airbnb
2026-01-01,2025-12-29,ALNY,Alnylam Pharmaceuticals
2026-01-01,2025-12-29,GOOGL,Alphabet Inc.
2026-01-01,2025-12-29,GOOG,Alphabet Inc.
2026-01-01,2025-12-29,AMZN,Amazon (company)
2026-01-01,2025-12-29,AEP,American Electric Power
2026-01-01,2025-12-29,AMGN,Amgen
2026-01-01,2025-12-29,ADI,Analog Devices
2026-01-01,2025-12-29,AAPL,Apple Inc.
2026-01-01,2025-12-29,AMAT,Applied Materials
2026-01-01,2025-12-29,APP,AppLovin
2026-01-01,2025-12-29,ARM,Arm Holdings
2026-01-01,2025-12-29,ASML,ASML Holding
2026-01-01,2025-12-29,AZN,AstraZeneca
2026-01-01,2025-12-29,TEAM,Atlassian
2026-01-01,2025-12-29,ADSK,Autodesk
2026-01-01,2025-12-29,ADP,ADP (company)
2026-01-01,2025-12-29,AXON,Axon Enterprise
2026-01-01,2025-12-29,BKR,Baker Hughes
2026-01-01,2025-12-29,BKNG,Booking Holdings
2026-01-01,2025-12-29,AVGO,Broadcom
2026-01-01,2025-12-29,CDNS,Cadence Design Systems
2026-01-01,2025-12-29,CHTR,Charter Communications
2026-01-01,2025-12-29,CTAS,Cintas
2026-01-01,2025-12-29,CSCO,Cisco
2026-01-01,2025-12-29,CCEP,Coca-Cola Europacific Partners
2026-01-01,2025-12-29,CTSH,Cognizant
2026-01-01,2025-12-29,CMCSA,Comcast
2026-01-01,2025-12-29,CEG,Constellation Energy
2026-01-01,2025-12-29,CPRT,Copart
2026-01-01,2025-12-29,CSGP,CoStar Group
2026-01-01,2025-12-29,COST,Costco
2026-01-01,2025-12-29,CRWD,CrowdStrike
2026-01-01,2025-12-29,CSX,CSX Corporation
2026-01-01,2025-12-29,DDOG,Datadog
2026-01-01,2025-12-29,DXCM,DexCom
2026-01-01,2025-12-29,FANG,Diamondback Energy
2026-01-01,2025-12-29,DASH,DoorDash
2026-01-01,2025-12-29,EA,Electronic Arts
2026-01-01,2025-12-29,EXC,Exelon
2026-01-01,2025-12-29,FAST,Fastenal
2026-01-01,2025-12-29,FER,Ferrovial
2026-01-01,2025-12-29,FTNT,Fortinet
2026-01-01,2025-12-29,GEHC,GE HealthCare
2026-01-01,2025-12-29,GILD,Gilead Sciences
2026-01-01,2025-12-29,HON,Honeywell
2026-01-01,2025-12-29,IDXX,Idexx Laboratories
2026-01-01,2025-12-29,INTC,Intel
2026-01-01,2025-12-29,INTU,Intuit
2026-01-01,2025-12-29,ISRG,Intuitive Surgical
2026-01-01,2025-12-29,KDP,Keurig Dr Pepper
2026-01-01,2025-12-29,KLAC,KLA Corporation
2026-01-01,2025-12-29,KHC,Kraft Heinz
2026-01-01,2025-12-29,LRCX,Lam Research
2026-01-01,2025-12-29,LIN,Linde plc
2026-01-01,2025-12-29,MAR,Marriott International
2026-01-01,2025-12-29,MRVL,Marvell Technology
2026-01-01,2025-12-29,MELI,Mercado Libre
2026-01-01,2025-12-29,META,Meta Platforms
2026-01-01,2025-12-29,MCHP,Microchip Technology
2026-01-01,2025-12-29,MU,Micron Technology
2026-01-01,2025-12-29,MSFT,Microsoft
2026-01-01,2025-12-29,MSTR,MicroStrategy
2026-01-01,2025-12-29,MDLZ,Mondelez International
2026-01-01,2025-12-29,MPWR,Monolithic Power Systems
2026-01-01,2025-12-29,MNST,Monster Beverage
2026-01-01,2025-12-29,NFLX,"Netflix, Inc."
2026-01-01,2025-12-29,NVDA,Nvidia
2026-01-01,2025-12-29,NXPI,NXP Semiconductors
2026-01-01,2025-12-29,ORLY,O'Reilly Automotive
2026-01-01,2025-12-29,ODFL,Old Dominion Freight Line
2026-01-01,2025-12-29,PCAR,Paccar
2026-01-01,2025-12-29,PLTR,Palantir Technologies
2026-01-01,2025-12-29,PANW,Palo Alto Networks
2026-01-01,2025-12-29,PAYX,Paychex
2026-01-01,2025-12-29,PYPL,PayPal
2026-01-01,2025-12-29,PDD,Pinduoduo
2026-01-01,2025-12-29,PEP,PepsiCo
2026-01-01,2025-12-29,QCOM,Qualcomm
2026-01-01,2025-12-29,REGN,Regeneron Pharmaceuticals
2026-01-01,2025-12-29,ROP,Roper Technologies
2026-01-01,2025-12-29,ROST,Ross Stores
2026-01-01,2025-12-29,STX,Seagate Technology
2026-01-01,2025-12-29,SHOP,Shopify
2026-01-01,2025-12-29,SBUX,Starbucks
2026-01-01,2025-12-29,SNPS,Synopsys
2026-01-01,2025-12-29,TMUS,T-Mobile US
2026-01-01,2025-12-29,TTWO,Take-Two Interactive
2026-01-01,2025-12-29,TSLA,"Tesla, Inc."
2026-01-01,2025-12-29,TXN,Texas Instruments
2026-01-01,2025-12-29,TRI,Thomson Reuters
2026-01-01,2025-12-29,VRSK,Verisk Analytics
2026-01-01,2025-12-29,VRTX,Vertex Pharmaceuticals
2026-01-01,2025-12-29,WBD,Warner Bros. Discovery
2026-01-01,2025-12-29,WDC,Western Digital
2026-01-01,2025-12-29,WDAY,"Workday, Inc."
2026-01-01,2025-12-29,XEL,Xcel Energy
2026-01-01,2025-12-29,ZS,Zscaler
2026-04-01,2026-03-03,ADBE,Adobe Inc.
2026-04-01,2026-03-03,AMD,AMD
2026-04-01,2026-03-03,ABNB,Airbnb
2026-04-01,2026-03-03,ALNY,Alnylam Pharmaceuticals
2026-04-01,2026-03-03,GOOGL,Alphabet Inc.
2026-04-01,2026-03-03,GOOG,Alphabet Inc.
2026-04-01,2026-03-03,AMZN,Amazon (company)
2026-04-01,2026-03-03,AEP,American Electric Power
2026-04-01,2026-03-03,AMGN,Amgen
2026-04-01,2026-03-03,ADI,Analog Devices
2026-04-01,2026-03-03,AAPL,Apple Inc.
2026-04-01,2026-03-03,AMAT,Applied Materials
2026-04-01,2026-03-03,APP,AppLovin
2026-04-01,2026-03-03,ARM,Arm Holdings
2026-04-01,2026-03-03,ASML,ASML Holding
2026-04-01,2026-03-03,TEAM,Atlassian
2026-04-01,2026-03-03,ADSK,Autodesk
2026-04-01,2026-03-03,ADP,ADP (company)
2026-04-01,2026-03-03,AXON,Axon Enterprise
2026-04-01,2026-03-03,BKR,Baker Hughes
2026-04-01,2026-03-03,BKNG,Booking Holdings
2026-04-01,2026-03-03,AVGO,Broadcom
2026-04-01,2026-03-03,CDNS,Cadence Design Systems
2026-04-01,2026-03-03,CHTR,Charter Communications
2026-04-01,2026-03-03,CTAS,Cintas
2026-04-01,2026-03-03,CSCO,Cisco
2026-04-01,2026-03-03,CCEP,Coca-Cola Europacific Partners
2026-04-01,2026-03-03,CTSH,Cognizant
2026-04-01,2026-03-03,CMCSA,Comcast
2026-04-01,2026-03-03,CEG,Constellation Energy
2026-04-01,2026-03-03,CPRT,Copart
2026-04-01,2026-03-03,CSGP,CoStar Group
2026-04-01,2026-03-03,COST,Costco
2026-04-01,2026-03-03,CRWD,CrowdStrike
2026-04-01,2026-03-03,CSX,CSX Corporation
2026-04-01,2026-03-03,DDOG,Datadog
2026-04-01,2026-03-03,DXCM,DexCom
2026-04-01,2026-03-03,FANG,Diamondback Energy
2026-04-01,2026-03-03,DASH,DoorDash
2026-04-01,2026-03-03,EA,Electronic Arts
2026-04-01,2026-03-03,EXC,Exelon
2026-04-01,2026-03-03,FAST,Fastenal
2026-04-01,2026-03-03,FER,Ferrovial
2026-04-01,2026-03-03,FTNT,Fortinet
2026-04-01,2026-03-03,GEHC,GE HealthCare
2026-04-01,2026-03-03,GILD,Gilead Sciences
2026-04-01,2026-03-03,HON,Honeywell
2026-04-01,2026-03-03,IDXX,Idexx Laboratories
2026-04-01,2026-03-03,INTC,Intel
2026-04-01,2026-03-03,INTU,Intuit
2026-04-01,2026-03-03,ISRG,Intuitive Surgical
2026-04-01,2026-03-03,KDP,Keurig Dr Pepper
2026-04-01,2026-03-03,KLAC,KLA Corporation
2026-04-01,2026-03-03,KHC,Kraft Heinz
2026-04-01,2026-03-03,LRCX,Lam Research
2026-04-01,2026-03-03,LIN,Linde plc
2026-04-01,2026-03-03,MAR,Marriott International
2026-04-01,2026-03-03,MRVL,Marvell Technology
2026-04-01,2026-03-03,MELI,Mercado Libre
2026-04-01,2026-03-03,META,Meta Platforms
2026-04-01,2026-03-03,MCHP,Microchip Technology
2026-04-01,2026-03-03,MU,Micron Technology
2026-04-01,2026-03-03,MSFT,Microsoft
2026-04-01,2026-03-03,MSTR,MicroStrategy
2026-04-01,2026-03-03,MDLZ,Mondelez International
2026-04-01,2026-03-03,MPWR,Monolithic Power Systems
2026-04-01,2026-03-03,MNST,Monster Beverage
2026-04-01,2026-03-03,NFLX,"Netflix, Inc."
2026-04-01,2026-03-03,NVDA,Nvidia
2026-04-01,2026-03-03,NXPI,NXP Semiconductors
2026-04-01,2026-03-03,ORLY,O'Reilly Automotive
2026-04-01,2026-03-03,ODFL,Old Dominion Freight Line
2026-04-01,2026-03-03,PCAR,Paccar
2026-04-01,2026-03-03,PLTR,Palantir Technologies
2026-04-01,2026-03-03,PANW,Palo Alto Networks
2026-04-01,2026-03-03,PAYX,Paychex
2026-04-01,2026-03-03,PYPL,PayPal
2026-04-01,2026-03-03,PDD,Pinduoduo
2026-04-01,2026-03-03,PEP,PepsiCo
2026-04-01,2026-03-03,QCOM,Qualcomm
2026-04-01,2026-03-03,REGN,Regeneron Pharmaceuticals
2026-04-01,2026-03-03,ROP,Roper Technologies
2026-04-01,2026-03-03,ROST,Ross Stores
2026-04-01,2026-03-03,STX,Seagate Technology
2026-04-01,2026-03-03,SHOP,Shopify
2026-04-01,2026-03-03,SBUX,Starbucks
2026-04-01,2026-03-03,SNPS,Synopsys
2026-04-01,2026-03-03,TMUS,T-Mobile US
2026-04-01,2026-03-03,TTWO,Take-Two Interactive
2026-04-01,2026-03-03,TSLA,"Tesla, Inc."
2026-04-01,2026-03-03,TXN,Texas Instruments
2026-04-01,2026-03-03,TRI,Thomson Reuters
2026-04-01,2026-03-03,VRSK,Verisk Analytics
2026-04-01,2026-03-03,VRTX,Vertex Pharmaceuticals
2026-04-01,2026-03-03,WMT,Walmart
2026-04-01,2026-03-03,WBD,Warner Bros. Discovery
2026-04-01,2026-03-03,WDC,Western Digital
2026-04-01,2026-03-03,WDAY,"Workday, Inc."
2026-04-01,2026-03-03,XEL,Xcel Energy
2026-04-01,2026-03-03,ZS,Zscaler
2026-07-01,2026-06-30,ADBE,Adobe Inc.
2026-07-01,2026-06-30,AMD,AMD
2026-07-01,2026-06-30,ABNB,Airbnb
2026-07-01,2026-06-30,ALNY,Alnylam Pharmaceuticals
2026-07-01,2026-06-30,GOOGL,Alphabet Inc.
2026-07-01,2026-06-30,GOOG,Alphabet Inc.
2026-07-01,2026-06-30,AMZN,Amazon (company)
2026-07-01,2026-06-30,AEP,American Electric Power
2026-07-01,2026-06-30,AMGN,Amgen
2026-07-01,2026-06-30,ADI,Analog Devices
2026-07-01,2026-06-30,AAPL,Apple Inc.
2026-07-01,2026-06-30,AMAT,Applied Materials
2026-07-01,2026-06-30,APP,AppLovin
2026-07-01,2026-06-30,ARM,Arm Holdings
2026-07-01,2026-06-30,ASML,ASML Holding
2026-07-01,2026-06-30,ALAB,Astera Labs
2026-07-01,2026-06-30,ADSK,Autodesk
2026-07-01,2026-06-30,ADP,ADP (company)
2026-07-01,2026-06-30,AXON,Axon Enterprise
2026-07-01,2026-06-30,BKR,Baker Hughes
2026-07-01,2026-06-30,BKNG,Booking Holdings
2026-07-01,2026-06-30,AVGO,Broadcom
2026-07-01,2026-06-30,CDNS,Cadence Design Systems
2026-07-01,2026-06-30,CTAS,Cintas
2026-07-01,2026-06-30,CSCO,Cisco
2026-07-01,2026-06-30,CCEP,Coca-Cola Europacific Partners
2026-07-01,2026-06-30,CMCSA,Comcast
2026-07-01,2026-06-30,CEG,Constellation Energy
2026-07-01,2026-06-30,CPRT,Copart
2026-07-01,2026-06-30,CRWV,CoreWeave
2026-07-01,2026-06-30,COST,Costco
2026-07-01,2026-06-30,CRWD,CrowdStrike
2026-07-01,2026-06-30,CSX,CSX Corporation
2026-07-01,2026-06-30,DDOG,Datadog
2026-07-01,2026-06-30,DXCM,DexCom
2026-07-01,2026-06-30,FANG,Diamondback Energy
2026-07-01,2026-06-30,DASH,DoorDash
2026-07-01,2026-06-30,EA,Electronic Arts
2026-07-01,2026-06-30,EXC,Exelon
2026-07-01,2026-06-30,FAST,Fastenal
2026-07-01,2026-06-30,FER,Ferrovial
2026-07-01,2026-06-30,FTNT,Fortinet
2026-07-01,2026-06-30,GEHC,GE HealthCare
2026-07-01,2026-06-30,GILD,Gilead Sciences
2026-07-01,2026-06-30,HON,Honeywell
2026-07-01,2026-06-30,IDXX,Idexx Laboratories
2026-07-01,2026-06-30,INTC,Intel
2026-07-01,2026-06-30,INTU,Intuit
2026-07-01,2026-06-30,ISRG,Intuitive Surgical
2026-07-01,2026-06-30,KDP,Keurig Dr Pepper
2026-07-01,2026-06-30,KLAC,KLA Corporation
2026-07-01,2026-06-30,KHC,Kraft Heinz
2026-07-01,2026-06-30,LRCX,Lam Research
2026-07-01,2026-06-30,LIN,Linde plc
2026-07-01,2026-06-30,LITE,Lumentum
2026-07-01,2026-06-30,MAR,Marriott International
2026-07-01,2026-06-30,MRVL,Marvell Technology
2026-07-01,2026-06-30,MELI,Mercado Libre
2026-07-01,2026-06-30,META,Meta Platforms
2026-07-01,2026-06-30,MCHP,Microchip Technology
2026-07-01,2026-06-30,MU,Micron Technology
2026-07-01,2026-06-30,MSFT,Microsoft
2026-07-01,2026-06-30,MSTR,MicroStrategy
2026-07-01,2026-06-30,MDLZ,Mondelez International
2026-07-01,2026-06-30,MPWR,Monolithic Power Systems
2026-07-01,2026-06-30,MNST,Monster Beverage
2026-07-01,2026-06-30,NBIS,Nebius Group
2026-07-01,2026-06-30,NFLX,"Netflix, Inc."
2026-07-01,2026-06-30,NVDA,Nvidia
2026-07-01,2026-06-30,NXPI,NXP Semiconductors
2026-07-01,2026-06-30,ORLY,O'Reilly Automotive
2026-07-01,2026-06-30,ODFL,Old Dominion Freight Line
2026-07-01,2026-06-30,PCAR,Paccar
2026-07-01,2026-06-30,PLTR,Palantir Technologies
2026-07-01,2026-06-30,PANW,Palo Alto Networks
2026-07-01,2026-06-30,PAYX,Paychex
2026-07-01,2026-06-30,PYPL,PayPal
2026-07-01,2026-06-30,PDD,Pinduoduo
2026-07-01,2026-06-30,PEP,PepsiCo
2026-07-01,2026-06-30,QCOM,Qualcomm
2026-07-01,2026-06-30,REGN,Regeneron Pharmaceuticals
2026-07-01,2026-06-30,RKLB,Rocket Lab
2026-07-01,2026-06-30,ROP,Roper Technologies
2026-07-01,2026-06-30,ROST,Ross Stores
2026-07-01,2026-06-30,SNDK,Sandisk
2026-07-01,2026-06-30,STX,Seagate Technology
2026-07-01,2026-06-30,SHOP,Shopify
2026-07-01,2026-06-30,SBUX,Starbucks
2026-07-01,2026-06-30,SNPS,Synopsys
2026-07-01,2026-06-30,TMUS,T-Mobile US
2026-07-01,2026-06-30,TTWO,Take-Two Interactive
2026-07-01,2026-06-30,TER,Teradyne
2026-07-01,2026-06-30,TSLA,"Tesla, Inc."
2026-07-01,2026-06-30,TXN,Texas Instruments
2026-07-01,2026-06-30,TRI,Thomson Reuters
2026-07-01,2026-06-30,VRTX,Vertex Pharmaceuticals
2026-07-01,2026-06-30,WMT,Walmart
2026-07-01,2026-06-30,WBD,Warner Bros. Discovery
2026-07-01,2026-06-30,WDC,Western Digital
2026-07-01,2026-06-30,WDAY,"Workday, Inc."
2026-07-01,2026-06-30,XEL,Xcel Energy
