model,params,NLL / day,AIC,AICc,BIC,dAICc,dBIC
"SARIMA(4,1,4)(2,0,2)[5]",14,1.5821117908271234,5979.904557091638,5980.12963747749,6057.458380701853,0.0,33.36167382810709
"SARIMA(5,1,5)(1,0,1)[5]",14,1.5831312356314173,5983.739708445392,5983.964788831245,6061.293532055607,3.8351513537545543,37.19682518186164
"SARIMA(2,1,2)(1,0,1)[5]",8,1.586430626669757,5984.1520175316255,5984.228940608548,6028.468488166034,4.09930313105815,4.371781292288688
"SARIMA(2,1,2)(2,0,1)[5]",9,1.5860727239043375,5984.805587328117,5984.901792565958,6034.661616791826,4.7721550884680255,10.564909918080957
"SARIMA(3,1,3)(1,0,0)[5]",9,1.5861013450054422,5984.913259910473,5985.009465148314,6034.769289374182,4.879827670823943,10.672582500436874
"SARIMA(3,1,3)(0,0,1)[5]",9,1.5861285345765122,5985.015547076839,5985.1117523146795,6034.871576540548,4.982114837189329,10.77486966680226
"SARIMA(2,1,2)(1,0,2)[5]",9,1.5861335671856398,5985.034479752377,5985.130684990218,6034.890509216086,5.001047512727382,10.793802342340314
"SARIMA(2,1,2)(0,0,1)[5]",7,1.587272672798681,5985.319795068638,5985.379592185563,6024.0967068737455,5.249954708072437,0.0
"SARIMA(2,1,2)(2,0,2)[5]",10,1.585826304846111,5985.878558831069,5985.996205889893,6041.27414712408,5.866568412402557,17.177440250334257
"SARIMA(3,1,2)(1,0,1)[5]",9,1.5864117304604497,5986.080929992212,5986.177135230053,6035.936959455921,6.047497752562776,11.840252582175708
"SARIMA(2,1,3)(1,0,1)[5]",9,1.586420280498244,5986.113095234394,5986.209300472235,6035.969124698103,6.079662994744467,11.872417824357399
"SARIMA(4,1,4)(1,0,1)[5]",12,1.5848343004715362,5986.146638373919,5986.313661928522,6052.621344325531,6.184024451032201,28.524637451785566
"SARIMA(2,1,2)(1,0,0)[5]",7,1.5875425392386113,5986.335032615656,5986.394829732581,6025.111944420763,6.265192255090369,1.0152375470179322
"SARIMA(3,1,2)(0,0,1)[5]",8,1.5870233000604177,5986.381654827292,5986.4585779042145,6030.6981254617,6.32894042672433,6.601418587954868
"SARIMA(3,1,2)(2,0,1)[5]",10,1.5860349473698325,5986.66347200531,5986.781119064133,6042.05906029832,6.651481586643058,17.962353424574758
"SARIMA(2,1,3)(2,0,1)[5]",10,1.5860383707177852,5986.676350640308,5986.793997699131,6042.071938933318,6.664360221640891,17.97523205957259
"SARIMA(3,1,3)(1,0,1)[5]",10,1.5860937669568707,5986.884751291747,5987.002398350571,6042.280339584758,6.872760873080551,18.18363271101225
"SARIMA(3,1,3)(2,0,0)[5]",10,1.5860990073188952,5986.904465533684,5987.022112592507,6042.300053826694,6.892475115017078,18.203346952948777
"SARIMA(3,1,4)(1,0,0)[5]",10,1.5861000716902596,5986.908469698757,5987.02611675758,6042.304057991767,6.896479280089807,18.207351118021506
"SARIMA(4,1,3)(1,0,0)[5]",10,1.5861003998331784,5986.909704172417,5987.027351231241,6042.305292465428,6.897713753750395,18.208585591682095
"SARIMA(3,1,2)(1,0,2)[5]",10,1.5861005657830574,5986.910328475862,5987.0279755346855,6042.3059167688725,6.89833805719536,18.20920989512706
"SARIMA(2,1,3)(1,0,2)[5]",10,1.586103134231579,5986.9199909792005,5987.037638038024,6042.315579272211,6.908000560533765,18.218872398465464
"SARIMA(3,1,3)(0,0,2)[5]",10,1.5861170746295008,5986.972434756182,5987.090081815006,6042.368023049193,6.9604443375155824,18.271316175447282
"SARIMA(3,1,4)(0,0,1)[5]",10,1.5861274926928988,5987.011627510685,5987.129274569508,6042.407215803695,6.99963709201802,18.31050892994972
"SARIMA(4,1,3)(0,0,1)[5]",10,1.5861278033299935,5987.012796127436,5987.130443186259,6042.408384420446,7.000805708768894,18.311677546700594
"SARIMA(2,1,3)(0,0,1)[5]",8,1.587210531929016,5987.086021116958,5987.162944193881,6031.402491751367,7.033306716391053,7.305784877621591
"SARIMA(3,1,2)(1,0,0)[5]",8,1.5872473116546544,5987.22438644481,5987.301309521733,6031.540857079219,7.171672044242769,7.444150205473306
"SARIMA(4,1,4)(2,0,1)[5]",13,1.584568968652463,5987.148460070566,5987.343425255354,6059.16272485148,7.213787777864127,35.06601797773419
"SARIMA(2,1,2)(0,0,2)[5]",8,1.587266402374373,5987.296205732391,5987.373128809314,6031.6126763668,7.243491331823861,7.515969493054399
"SARIMA(4,1,4)(1,0,2)[5]",13,1.5845859761727372,5987.212442361837,5987.407407546625,6059.2267071427505,7.277770069134931,35.130000269004995
"SARIMA(3,1,2)(2,0,2)[5]",11,1.5857773980429901,5987.694571437729,5987.835823444149,6048.629718560041,7.706185966659177,24.53301168629514
"SARIMA(5,1,5)(0,0,1)[5]",13,1.5847003226828456,5987.642613932865,5987.837579117653,6059.6568787137785,7.7079416401629715,35.560171840033036
"SARIMA(2,1,3)(2,0,2)[5]",11,1.585794216100953,5987.757840971785,5987.899092978206,6048.692988094097,7.769455500715594,24.596281220351557
"SARIMA(3,1,5)(1,0,0)[5]",11,1.5858078601251957,5987.809169790986,5987.950421797406,6048.744316913298,7.820784319916129,24.64761003955209
"SARIMA(5,1,3)(1,0,0)[5]",11,1.5858392350751718,5987.9272023527965,5988.068454359217,6048.862349475108,7.93881688172678,24.765642601362742
"SARIMA(3,1,5)(0,0,1)[5]",11,1.5858446465903075,5987.947560472737,5988.088812479157,6048.8827075950485,7.959175001667063,24.786000721303026
"SARIMA(2,1,3)(1,0,0)[5]",8,1.5874813171072897,5988.104714957623,5988.181638034546,6032.421185592032,8.05200055705609,8.324478718286628
"SARIMA(4,1,2)(1,0,1)[5]",10,1.5864116270963318,5988.0805411364,5988.198188195223,6043.47612942941,8.06855071773316,19.37942255566486
"SARIMA(5,1,3)(0,0,1)[5]",11,1.5858740644041163,5988.058230288286,5988.199482294706,6048.9933774105975,8.069844817216108,24.89667053685207
"SARIMA(2,1,4)(1,0,1)[5]",10,1.5864202786919428,5988.113088439089,5988.230735497912,6043.508676732099,8.101098020421887,19.411969858353586
"SARIMA(4,1,5)(1,0,1)[5]",13,1.5848123598729287,5988.064097841958,5988.259063026746,6060.078362622871,8.129425549255757,35.98165574912582
"SARIMA(4,1,2)(0,0,1)[5]",9,1.586995765725932,5988.278070660956,5988.374275898796,6038.134100124665,8.244638421306263,14.037393250919195
"SARIMA(2,1,2)(2,0,0)[5]",8,1.5875367019130882,5988.313072597038,5988.389995673961,6032.629543231446,8.260358196470406,8.532836357700944
"SARIMA(3,1,2)(0,0,2)[5]",9,1.5870143248368471,5988.347890036219,5988.44409527406,6038.203919499928,8.314457796569513,14.107212626182445
"SARIMA(4,1,2)(2,0,1)[5]",11,1.5860344157835684,5988.661472177784,5988.802724184205,6049.596619300096,8.673086706714457,25.49991242635042
"SARIMA(2,1,4)(2,0,1)[5]",11,1.5860376554312157,5988.673659732233,5988.814911738654,6049.608806854545,8.685274261163613,25.512099980799576
"SARIMA(4,1,4)(1,0,0)[5]",11,1.58604366587541,5988.696271023293,5988.837523029713,6049.631418145605,8.70788555222316,25.534711271859123
"SARIMA(2,1,5)(1,0,1)[5]",11,1.5860581117505494,5988.750616405567,5988.891868411987,6049.685763527878,8.762230934496984,25.589056654132946
"SARIMA(3,1,3)(1,0,2)[5]",11,1.5860859285102316,5988.855263055491,5988.996515061912,6049.790410177803,8.866877584421673,25.693703304057635
"SARIMA(3,1,3)(2,0,1)[5]",11,1.5860899966858875,5988.870567532309,5989.0118195387295,6049.805714654621,8.882182061239291,25.709007780875254
"SARIMA(3,1,4)(1,0,1)[5]",11,1.586092174076901,5988.878758877301,5989.020010883722,6049.813905999613,8.890373406231447,25.71719912586741
"SARIMA(4,1,3)(1,0,1)[5]",11,1.5860925332832725,5988.880110211671,5989.021362218092,6049.815257333983,8.891724740601603,25.718550460237566
"SARIMA(3,1,4)(2,0,0)[5]",11,1.5860977835535899,5988.899861728605,5989.041113735026,6049.835008850917,8.911476257535469,25.73830197717143
"SARIMA(4,1,3)(2,0,0)[5]",11,1.5860981060767516,5988.9010750607395,5989.04232706716,6049.836222183051,8.912689589669753,25.739515309305716
"SARIMA(4,1,2)(1,0,2)[5]",11,1.586100106087528,5988.90859910128,5989.0498511077,6049.843746223592,8.920213630210128,25.74703934984609
"SARIMA(2,1,4)(1,0,2)[5]",11,1.5861025156904784,5988.91766402758,5989.0589160340005,6049.852811149892,8.929278556510326,25.75610427614629
"SARIMA(5,1,5)(1,0,0)[5]",13,1.5850329316061624,5988.893888702383,5989.088853887171,6060.908153483297,8.959216409681176,36.81144660955124
"SARIMA(4,1,4)(0,0,1)[5]",11,1.5861129605679487,5988.956957656623,5989.098209663043,6049.8921047789345,8.968572185553057,25.79539790518902
"SARIMA(2,1,4)(0,0,1)[5]",9,1.5871907515232042,5989.011607230294,5989.107812468135,6038.8676366940035,8.97817499064513,14.770929820258061
"SARIMA(3,1,4)(0,0,2)[5]",11,1.5861162069466825,5988.96917053342,5989.11042253984,6049.904317655732,8.98078506235015,25.807610781986114
"SARIMA(4,1,3)(0,0,2)[5]",11,1.5861164816850455,5988.9702040991415,5989.111456105562,6049.905351221453,8.981818628071778,25.80864434770774
"SARIMA(2,1,3)(0,0,2)[5]",9,1.5872033755838422,5989.059098946414,5989.155304184255,6038.9151284101235,9.02566670676515,14.818421536378082
"SARIMA(4,1,2)(1,0,0)[5]",9,1.5872061840175469,5989.069664274011,5989.165869511852,6038.92569373772,9.036232034362001,14.828986863974933
"SARIMA(5,1,5)(2,0,2)[5]",16,1.5834347536638962,5988.881543283577,5989.17338877714,6077.514484552394,9.043751299649557,53.417777678648235
"SARIMA(3,1,2)(2,0,0)[5]",9,1.587242794851814,5989.207394232524,5989.303599470365,6039.063423696233,9.173961992874865,14.966716822487797
"SARIMA(2,1,5)(0,0,1)[5]",10,1.5867074740928742,5989.193517537393,5989.311164596216,6044.589105830403,9.18152711872608,20.49239895665778
"SARIMA(3,1,3)(2,0,2)[5]",12,1.585659996055774,5989.252905161822,5989.419928716426,6055.727611113434,9.290291238935424,31.63090423968879
"SARIMA(5,1,5)(0,0,2)[5]",14,1.584615497992892,5989.323503449259,5989.5485838351115,6066.877327059474,9.41894635762128,42.78062018572837
"SARIMA(2,1,5)(2,0,1)[5]",12,1.5857158953747519,5989.463198399817,5989.63022195442,6055.937904351429,9.500584476930271,31.841197477683636
"SARIMA(5,1,5)(2,0,0)[5]",14,1.5846514866153838,5989.458892647074,5989.683973032927,6067.012716257289,9.55433555543641,42.916009383543496
"SARIMA(5,1,4)(0,0,1)[5]",12,1.5857484325129083,5989.585603113561,5989.752626668164,6056.060309065173,9.622989190674161,31.963602191427526
"SARIMA(4,1,5)(1,0,0)[5]",12,1.5857526552234722,5989.601488950702,5989.768512505306,6056.0761949023145,9.63887502781563,31.979488028568994
"SARIMA(2,1,5)(1,0,2)[5]",12,1.5857691244830974,5989.663446305412,5989.830469860016,6056.138152257025,9.700832382525732,32.0414453832791
"SARIMA(4,1,2)(2,0,2)[5]",12,1.585777244393296,5989.69399340758,5989.861016962183,6056.168699359192,9.731379484693207,32.07199248544657
"SARIMA(3,1,5)(1,0,1)[5]",12,1.585792467650824,5989.7512633024,5989.918286857003,6056.225969254012,9.788649379513117,32.12926238026648
"SARIMA(2,1,4)(2,0,2)[5]",12,1.5857938884645335,5989.756608403575,5989.923631958179,6056.231314355187,9.793994480688525,32.13460748144189
"SARIMA(3,1,5)(2,0,0)[5]",12,1.5857988427730718,5989.775246512296,5989.942270066899,6056.249952463908,9.812632589409077,32.15324559016244
"SARIMA(2,1,5)(1,0,0)[5]",10,1.5868851505352415,5989.861936313579,5989.979583372402,6045.257524606589,9.849945894911798,21.160817732843498
"SARIMA(4,1,5)(0,0,1)[5]",12,1.5858144908882352,5989.834114721541,5990.001138276144,6056.308820673153,9.87150079865387,32.212113799407234
"SARIMA(5,1,5)(1,0,2)[21]",15,1.5841971326983015,5989.74961321101,5990.006985865166,6072.842995650525,9.877348387675738,48.74628877677969
"SARIMA(5,1,4)(1,0,0)[5]",12,1.5858167362457554,5989.842561756532,5990.009585311135,6056.317267708144,9.87994783364502,32.220560834398384
"SARIMA(3,1,5)(0,0,2)[5]",12,1.585819288114529,5989.852161886858,5990.019185441462,6056.32686783847,9.889547963971381,32.230160964724746
"SARIMA(5,1,3)(1,0,1)[5]",12,1.5858254971310273,5989.875520206924,5990.042543761528,6056.350226158536,9.91290628403749,32.253519284790855
"SARIMA(5,1,4)(2,0,1)[5]",14,1.5847535282011465,5989.842773092713,5990.067853478566,6067.396596702928,9.938216001075489,43.299889829182575
"SARIMA(5,1,3)(2,0,0)[5]",12,1.585832712536921,5989.902664563897,5990.0696881185,6056.377370515509,9.940050641010203,32.28066364176357
"SARIMA(2,1,4)(1,0,0)[5]",9,1.5874542119886599,5990.002745501339,5990.09895073918,6039.858774965048,9.969313261689422,15.762068091302353
"SARIMA(5,1,5)(2,0,1)[5]",15,1.5842281942371643,5989.866466720212,5990.123839374368,6072.959849159727,9.994201896877712,48.86314228598167
"SARIMA(5,1,5)(2,0,1)[21]",15,1.584233303885022,5989.885689215453,5990.143061869609,6072.979071654968,10.013424392118395,48.88236478122235
"SARIMA(5,1,3)(0,0,2)[5]",12,1.5858532775114957,5989.980029998247,5990.147053552851,6056.454735949859,10.017416075360416,32.35802907611378
"SARIMA(2,1,3)(2,0,0)[5]",9,1.587475771212828,5990.083851302659,5990.1800565405,6039.939880766368,10.05041906300994,15.843173892622872
"SARIMA(4,1,5)(2,0,1)[5]",14,1.5848241054073633,5990.108284542501,5990.333364928353,6067.6621081527155,10.20372745086297,43.56540127897006
"SARIMA(4,1,2)(0,0,2)[5]",10,1.5869858294955108,5990.240690562112,5990.358337620935,6045.636278855122,10.228700143445167,21.539571981376866
"SARIMA(5,1,3)(2,0,1)[5]",13,1.5854422556700782,5990.433765830834,5990.628731015622,6062.4480306117475,10.499093538132001,38.351323738002066
"SARIMA(4,1,4)(2,0,0)[5]",12,1.586012959600941,5990.58075401874,5990.747777573343,6057.055459970352,10.61814009585305,32.958753096606415
"SARIMA(2,1,5)(2,0,2)[5]",13,1.5854799397913886,5990.575533495204,5990.770498679992,6062.589798276117,10.640861202501583,38.49309140237165
"SARIMA(5,1,5)(1,0,2)[5]",15,1.5844162946314173,5990.574100403392,5990.831473057548,6073.667482842907,10.701835580057377,49.57077596916133
"SARIMA(4,1,5)(1,0,2)[5]",14,1.5849724642765297,5990.666410608304,5990.891490994157,6068.220234218519,10.761853516666633,44.12352734477372
"SARIMA(5,1,4)(1,0,2)[5]",14,1.584976240899624,5990.680618264385,5990.905698650237,6068.2344418746,10.776061172747177,44.13773500085426
"SARIMA(3,1,4)(1,0,2)[5]",12,1.5860836572976325,5990.8467187536935,5991.013742308297,6057.321424705306,10.884104830806791,33.224717831560156
"SARIMA(4,1,3)(1,0,2)[5]",12,1.5860840049234313,5990.848026521949,5991.015050076552,6057.322732473561,10.885412599061965,33.22602559981533
"SARIMA(3,1,4)(2,0,1)[5]",12,1.58608785488382,5990.8625100729305,5991.029533627534,6057.337216024543,10.899896150043787,33.24050915079715
"SARIMA(4,1,3)(2,0,1)[5]",12,1.5860882206839944,5990.863886213187,5991.03090976779,6057.338592164799,10.901272290299858,33.24188529105322
"SARIMA(4,1,4)(0,0,2)[5]",12,1.5861019271118117,5990.915449794636,5991.082473349239,6057.390155746248,10.952835871748903,33.29344887250227
"SARIMA(2,1,2)(1,0,1)[63]",8,1.5882533780619466,5991.009208269043,5991.086131345965,6035.325678903451,10.956493868475263,11.228972029705801
"SARIMA(2,1,4)(0,0,2)[5]",10,1.5871825360486584,5990.980700615053,5991.098347673877,6046.3762889080635,10.968710196386382,22.279582034318082
"SARIMA(4,1,2)(2,0,0)[5]",10,1.5872013330980925,5991.051415115024,5991.169062173847,6046.447003408034,11.039424696356946,22.350296534288645
"SARIMA(2,1,5)(0,0,2)[5]",11,1.5866744017542043,5991.069099399317,5991.210351405737,6052.004246521628,11.08071392824695,27.907539647882913
"SARIMA(4,1,5)(2,0,2)[5]",15,1.5845542384671139,5991.093045113283,5991.350417767439,6074.186427552798,11.22078028994838,50.089720679052334
"SARIMA(3,1,3)",8,1.5883295192756814,5991.295651515114,5991.3725745920365,6035.612122149522,11.242937114546294,11.515415275776832
"SARIMA(5,1,5)(0,0,1)[21]",13,1.585647820531327,5991.207100838852,5991.40206602364,6063.2213656197655,11.272428546149968,39.12465874602003
"SARIMA(3,1,4)(2,0,2)[5]",13,1.5856580726880047,5991.245669452273,5991.4406346370615,6063.259934233187,11.310997159571343,39.16322735944141
"SARIMA(4,1,3)(2,0,2)[5]",13,1.585658829547232,5991.2485167566865,5991.443481941475,6063.2627815376,11.313844463984424,39.16607466385449
"SARIMA(2,1,2)",6,1.589473147241728,5991.597979923381,5991.642803829464,6024.835332899187,11.513166351974178,0.7386260254415902
"SARIMA(5,1,5)(1,0,0)[21]",13,1.5857121333704463,5991.449045739619,5991.644010924407,6063.463310520532,11.51437344691658,39.36660364678664
"SARIMA(5,1,4)(2,0,2)[5]",15,1.5846362630885398,5991.401621739086,5991.658994393242,6074.495004178601,11.529356915752032,50.39829730485599
"SARIMA(5,1,4)(1,0,1)[5]",13,1.5857184048168627,5991.472638921037,5991.667604105825,6063.486903701951,11.537966628335198,39.39019682820526
"SARIMA(5,1,4)(0,0,2)[5]",13,1.585720685820429,5991.481220056454,5991.676185241242,6063.495484837367,11.546547763751732,39.3987779636218
"SARIMA(4,1,5)(2,0,0)[5]",13,1.585726457882107,5991.502934552487,5991.697899737275,6063.517199333401,11.568262259785115,39.42049245965518
"SARIMA(5,1,2)",9,1.5879195051777186,5991.753178478578,5991.849383716419,6041.609207942287,11.719746238928565,17.512501068541496
"SARIMA(3,1,5)(1,0,2)[5]",13,1.5857688298713937,5991.662337976183,5991.857303160971,6063.676602757097,11.727665683481064,39.57989588335113
"SARIMA(2,1,5)(2,0,0)[5]",11,1.5868489088791964,5991.725595203537,5991.866847209957,6052.660742325848,11.737209732466908,28.56403545210287
"SARIMA(4,1,5)(0,0,2)[5]",13,1.5857727344033394,5991.677026825363,5991.871992010151,6063.6912916062765,11.742354532661011,39.594584732531075
"SARIMA(3,1,3)(1,0,0)[21]",9,1.5879353150901818,5991.812655369264,5991.9088606071045,6041.668684832973,11.779223129614365,17.571977959227297
"SARIMA(3,1,5)(2,0,1)[5]",13,1.5857910131940467,5991.745791636004,5991.940756820792,6063.760056416917,11.81111934330147,39.663349543171535
"SARIMA(3,1,3)(0,0,1)[21]",9,1.5879465207776569,5991.8548111655455,5991.951016403386,6041.710840629255,11.82137892589617,17.6141337555091
"SARIMA(5,1,4)(2,0,0)[5]",13,1.585795105136769,5991.761185524525,5991.956150709313,6063.775450305438,11.8265132318229,39.678743431692965
"SARIMA(5,1,3)(1,0,2)[5]",13,1.5858185390179638,5991.84934378558,5992.044308970368,6063.863608566493,11.91467149287746,39.766901692747524
"SARIMA(2,1,4)(2,0,0)[5]",10,1.5874480097561978,5991.979412702816,5992.09705976164,6047.375000995827,11.967422284149507,23.278294122081206
"SARIMA(2,1,2)(0,0,1)[21]",7,1.5890816131719623,5992.125028752922,5992.1848258698465,6030.901940558029,12.055188392356285,6.805233684283849
"SARIMA(2,1,2)(1,0,0)[21]",7,1.5890864291022937,5992.143146282829,5992.202943399753,6030.920058087936,12.073305922262989,6.823351214190552
"SARIMA(5,1,5)(0,0,2)[21]",14,1.5853298137332217,5992.01075926438,5992.235839650232,6069.564582874595,12.106202172742087,45.467876000849174
"SARIMA(5,1,3)(2,0,2)[5]",14,1.5853938446045044,5992.251643402145,5992.476723787998,6069.80546701236,12.34708631050762,45.70876013861471
"SARIMA(3,1,5)(2,0,2)[5]",14,1.5853946511801242,5992.254677739627,5992.47975812548,6069.808501349842,12.35012064798957,45.71179447609666
"SARIMA(5,1,5)(2,0,0)[21]",14,1.585407221099307,5992.301965775593,5992.5270461614455,6069.855789385808,12.397408683955291,45.75908251206238
"SARIMA(3,1,3)(0,0,1)[63]",9,1.5881348320120179,5992.563238029211,5992.659443267052,6042.41926749292,12.529805789561578,18.32256061917451
"SARIMA(3,1,3)(1,0,0)[63]",9,1.5881692022210374,5992.692538755543,5992.788743993384,6042.548568219252,12.659106515893654,18.451861345506586
"SARIMA(5,1,5)",12,1.5865667687095981,5992.6641838855085,5992.831207440112,6059.138889837121,12.701569962621761,35.042182963375126
"SARIMA(2,1,2)(0,0,1)[63]",7,1.5892584673827705,5992.790354293983,5992.8501514109075,6031.56726609909,12.720513933417351,7.470559225344914
"SARIMA(2,1,2)(1,0,2)[63]",9,1.5881894560611038,5992.768733701872,5992.864938939713,6042.6247631655815,12.735301462223106,18.528056291836037
"SARIMA(5,1,2)(1,0,0)[21]",10,1.587655582355788,5992.760300822475,5992.8779478812985,6048.1558891154855,12.748310403808318,24.059182241740018
"SARIMA(5,1,2)(0,0,1)[21]",10,1.587656554044712,5992.7639563162065,5992.88160337503,6048.159544609217,12.751965897539776,24.062837735471476
"SARIMA(2,1,2)(2,0,1)[63]",9,1.588237783975902,5992.9505433173435,5993.046748555184,6042.806572781053,12.917111077694244,18.709865907307176
"SARIMA(2,1,3)(1,0,1)[63]",9,1.5882493646389433,5992.994109771705,5993.0903150095455,6042.850139235414,12.960677532055342,18.753432361668274
"SARIMA(5,1,2)(0,0,1)[63]",10,1.5877124685431763,5992.974306659429,5993.091953718253,6048.36989495244,12.962316240762448,24.273188078694147
"SARIMA(2,1,5)",9,1.5882528924125354,5993.0073812559585,5993.103586493799,6042.863410719668,12.973949016309234,18.766703845922166
"SARIMA(3,1,2)(1,0,1)[63]",9,1.588253302743068,5993.0089249194225,5993.105130157263,6042.864954383132,12.975492679773197,18.76824750938613
"SARIMA(5,1,2)(1,0,1)[63]",11,1.5871966695366433,5993.033870796852,5993.175122803273,6053.969017919164,13.045485325782465,29.872311045418428
"SARIMA(2,1,5)(1,0,1)[63]",11,1.5872318991384893,5993.166404558997,5993.307656565417,6054.101551681309,13.178019087927169,30.00484480756313
"SARIMA(3,1,4)",9,1.5883172784430435,5993.24960150273,5993.345806740571,6043.105630966439,13.216169263080701,19.008924092693633
"SARIMA(4,1,3)",9,1.5883210485866395,5993.263784782937,5993.359990020778,6043.1198142466465,13.230352543288063,19.023107372900995
"SARIMA(3,1,3)(2,0,0)[21]",10,1.5878018761188113,5993.3106579589685,5993.428305017792,6048.706246251979,13.298667540301722,24.60953937823342
"SARIMA(3,1,3)(0,0,2)[21]",10,1.58780333215558,5993.316135569292,5993.433782628115,6048.711723862302,13.304145150625118,24.615016988556818
"SARIMA(3,1,2)",7,1.5894151132403194,5993.379656010082,5993.439453127006,6032.156567815189,13.309815649516167,8.05986094144373
"SARIMA(2,1,2)(2,0,2)[63]",10,1.587817333353048,5993.368808074167,5993.48645513299,6048.764396367177,13.356817655499981,24.66768949343168
"SARIMA(2,1,2)(1,0,0)[63]",7,1.589434944807623,5993.454262366278,5993.514059483203,6032.231174171386,13.384422005712622,8.134467297640185
"SARIMA(5,1,2)(1,0,0)[63]",10,1.5878361085706607,5993.439440442826,5993.557087501649,6048.835028735836,13.427450024159043,24.738321862090743
"SARIMA(5,1,5)(1,0,0)[63]",13,1.5862324281715934,5993.406394781534,5993.601359966322,6065.420659562447,13.471722488831801,41.323952688701866
"SARIMA(2,1,2)(2,0,0)[21]",8,1.588922828258029,5993.527679906705,5993.604602983628,6037.844150541114,13.474965506137778,13.747443667368316
"SARIMA(5,1,5)(1,0,1)[21]",14,1.5856947982066558,5993.38383085344,5993.608911239292,6070.937654463654,13.479273761801778,46.840947589908865
"SARIMA(2,1,3)",7,1.5894727822939119,5993.596606989697,5993.656404106621,6032.373518794804,13.526766629131089,8.276811921058652
"SARIMA(5,1,5)(0,0,1)[63]",13,1.5862488134373454,5993.468036151293,5993.663001336081,6065.482300932206,13.533363858590747,41.38559405846081
"SARIMA(5,1,3)",10,1.5878669816673239,5993.555585032473,5993.673232091296,6048.951173325483,13.543594613805908,24.854466451737608
"SARIMA(2,1,2)(0,0,2)[21]",8,1.5889498980430175,5993.629516437832,5993.7064395147545,6037.94598707224,13.576802037264315,13.849280198494853
"SARIMA(3,1,4)(1,0,0)[21]",10,1.58791030537216,5993.718568810065,5993.836215868889,6049.114157103076,13.70657839139858,25.01745022933028
"SARIMA(4,1,3)(1,0,0)[21]",10,1.587917379559107,5993.74518190136,5993.862828960184,6049.140770194371,13.733191482693655,25.044063320625355
"SARIMA(3,1,4)(0,0,1)[21]",10,1.5879222010015224,5993.763320167727,5993.880967226551,6049.158908460738,13.75132974906046,25.06220158699216
"SARIMA(3,1,5)",10,1.5879248644147506,5993.7733399282915,5993.890986987115,6049.168928221302,13.761349509624779,25.07222134755648
"SARIMA(4,1,3)(0,0,1)[21]",10,1.587928544996123,5993.787186275415,5993.904833334238,6049.182774568425,13.775195856747814,25.086067694679514
"SARIMA(3,1,3)(1,0,1)[21]",10,1.5879319957333935,5993.800167949026,5993.91781500785,6049.195756242037,13.788177530359462,25.099049368291162
"SARIMA(3,1,2)(0,0,1)[21]",8,1.5890062117428931,5993.841368576764,5993.9182916536865,6038.157839211172,13.78865417619636,14.061132337426898
"SARIMA(3,1,2)(1,0,0)[21]",8,1.5890070537924923,5993.844536367356,5993.921459444279,6038.161007001765,13.79182196678903,14.064300128019568
"SARIMA(5,1,5)(2,0,2)[21]",16,1.5847473185075398,5993.819412225364,5994.111257718927,6082.452353494181,13.981620241436758,58.35564662043544
"SARIMA(2,1,5)(0,0,1)[21]",10,1.5880067615684623,5994.081437020555,5994.199084079379,6049.477025313566,14.069446601888558,25.380318439820257
"SARIMA(2,1,3)(0,0,1)[21]",8,1.5890814583632982,5994.124446362728,5994.201369439651,6038.440916997137,14.071731962160811,14.344210123391349
"SARIMA(2,1,2)(1,0,1)[21]",8,1.589081608147331,5994.125009850259,5994.201932927182,6038.441480484667,14.07229544969141,14.344773610921948
"SARIMA(2,1,5)(1,0,0)[21]",10,1.588009159565294,5994.090458284636,5994.2081053434595,6049.486046577646,14.078467865969287,25.389339703900987
"SARIMA(2,1,3)(1,0,0)[21]",8,1.5890862871197555,5994.14261214452,5994.219535221443,6038.459082778929,14.08989774395286,14.362375905183399
"SARIMA(5,1,3)(1,0,1)[63]",12,1.586957827295573,5994.135346285946,5994.3023698405495,6060.610052237558,14.172732363059367,36.51334536381273
"SARIMA(2,1,5)(0,0,1)[63]",10,1.5880395746346134,5994.204879775416,5994.322526834239,6049.600468068426,14.19288935674922,25.50376119468092
"SARIMA(3,1,3)(1,0,1)[63]",10,1.5880768093546689,5994.344956792264,5994.462603851088,6049.740545085275,14.332966373597628,25.643838211529328
"SARIMA(5,1,2)(2,0,0)[21]",11,1.5875540915647997,5994.378492466776,5994.519744473197,6055.313639589088,14.390106995706446,31.21693271534241
"SARIMA(5,1,2)(0,0,2)[21]",11,1.5875624592889483,5994.409971845023,5994.551223851444,6055.345118967335,14.421586373953687,31.24841209358965
"SARIMA(3,1,3)(0,0,2)[63]",10,1.5881158269380293,5994.491740940866,5994.60938799969,6049.887329233877,14.479750522199538,25.790622360131238
"SARIMA(3,1,2)(0,0,1)[63]",8,1.5891919859634474,5994.5402511944885,5994.617174271411,6038.856721828897,14.487536793921208,14.760014955151746
"SARIMA(5,1,3)(1,0,0)[21]",11,1.587581657267689,5994.482194641047,5994.623446647467,6055.417341763358,14.493809169976885,31.320634889612847
"SARIMA(3,1,4)(0,0,1)[63]",10,1.5881240148165778,5994.522543739966,5994.640190798789,6049.918132032976,14.510553321299085,25.821425159230785
"SARIMA(4,1,3)(0,0,1)[63]",10,1.5881274485097678,5994.535461293746,5994.65310835257,6049.931049586757,14.52347087507951,25.83434271301121
"SARIMA(5,1,3)(0,0,1)[21]",11,1.5875921488901523,5994.521664124753,5994.662916131174,6055.456811247065,14.533278653683738,31.3601043733197
"SARIMA(4,1,4)",10,1.5881484702202462,5994.614544968566,5994.73219202739,6050.010133261577,14.60255454989965,25.91342638783135
"SARIMA(3,1,4)(1,0,0)[63]",10,1.5881582056988903,5994.651169839225,5994.7688168980485,6050.0467581322355,14.639179420558321,25.95005125849002
"SARIMA(2,1,2)(0,0,2)[63]",8,1.589233990228275,5994.698271238771,5994.775194315694,6039.014741873179,14.645556838203447,14.918034999433985
"SARIMA(4,1,3)(1,0,0)[63]",10,1.588161564953222,5994.663807354021,5994.781454412844,6050.059395647031,14.651816935353963,25.962688773285663
"SARIMA(3,1,3)(2,0,0)[63]",10,1.5881682153125352,5994.688826005758,5994.806473064581,6050.084414298768,14.676835587090864,25.987707425022563
"SARIMA(3,1,5)(1,0,0)[21]",11,1.5876322924924593,5994.672684356632,5994.813936363053,6055.607831478944,14.684298885562384,31.511124605198347
"SARIMA(2,1,3)(1,0,2)[63]",10,1.5881841437342665,5994.748748728311,5994.866395787134,6050.144337021321,14.736758309643847,26.047630147575546
"SARIMA(3,1,5)(0,0,1)[21]",11,1.5876464438411633,5994.725921730456,5994.867173736877,6055.661068852768,14.737536259386616,31.56436197902258
"SARIMA(2,1,3)(0,0,1)[63]",8,1.5892584667625853,5994.790351960846,5994.867275037769,6039.106822595255,14.737637560278927,15.010115721509464
"SARIMA(3,1,2)(1,0,2)[63]",10,1.588188928075492,5994.766747420001,5994.884394478824,6050.162335713011,14.754757001333928,26.065628839265628
"SARIMA(5,1,2)(1,0,1)[21]",11,1.587655205002408,5994.758881219059,5994.900133225479,6055.6940283413705,14.770495747989116,31.59732146762508
"SARIMA(2,1,5)(1,0,0)[63]",10,1.5881969340449456,5994.796865877085,5994.9145129359085,6050.1924541700955,14.784875458418355,26.095747296350055
"SARIMA(5,1,2)(1,0,2)[63]",12,1.5871261235878673,5994.768476937556,5994.93550049216,6061.243182889169,14.80586301466974,37.146476015423104
"SARIMA(5,1,3)(0,0,1)[63]",11,1.5876653156878577,5994.796917617721,5994.938169624142,6055.732064740033,14.808532146651487,31.63535786628745
"SARIMA(5,1,2)(0,0,2)[63]",11,1.5876835777354446,5994.865619440742,5995.006871447163,6055.800766563054,14.877233969672488,31.70405968930845
"SARIMA(4,1,4)(1,0,1)[21]",12,1.587151482063857,5994.86387552423,5995.0308990788335,6061.338581475842,14.901261601343322,37.241874602096686
"SARIMA(2,1,5)(1,0,2)[63]",12,1.5871540363744372,5994.873484840633,5995.040508395236,6061.348190792245,14.910870917746252,37.251483918499616
"SARIMA(2,1,3)(2,0,1)[63]",10,1.5882331200056548,5994.932997461273,5995.050644520096,6050.328585754283,14.921007042606107,26.231878880537806
"SARIMA(3,1,2)(2,0,1)[63]",10,1.5882375108330657,5994.949515753993,5995.067162812817,6050.345104047004,14.937525335326427,26.248397173258127
"SARIMA(2,1,4)(1,0,1)[63]",10,1.5882444954794404,5994.975791993655,5995.093439052478,6050.371380286665,14.963801574987883,26.274673412919583
"SARIMA(4,1,2)(1,0,1)[63]",10,1.5882491488725383,5994.993298058489,5995.110945117312,6050.388886351499,14.981307639822262,26.29217947775396
"SARIMA(5,1,2)(2,0,1)[63]",12,1.5871793865740467,5994.968852291564,5995.135875846167,6061.443558243176,15.00623836867726,37.346851369430624
"SARIMA(3,1,5)(0,0,1)[63]",11,1.5877230924722454,5995.014273880587,5995.155525887008,6055.949421002899,15.025888409517393,31.852714129153355
"SARIMA(3,1,5)(1,0,1)[63]",12,1.5871864478280406,5994.995416729089,5995.162440283692,6061.470122680701,15.032802806202199,37.37341580695556
"SARIMA(2,1,5)(2,0,1)[63]",12,1.5872103294469782,5995.085259379532,5995.252282934135,6061.559965331144,15.122645456644932,37.4632584573983
"SARIMA(3,1,2)(1,0,0)[63]",8,1.58936480759388,5995.190406168176,5995.267329245099,6039.506876802585,15.137691767608885,15.410169928839423
"SARIMA(5,1,3)(1,0,0)[63]",11,1.5877593823355867,5995.150796346477,5995.292048352898,6056.085943468789,15.162410875407659,31.98923659504362
"SARIMA(3,1,2)(2,0,0)[21]",9,1.5888400873595785,5995.216408646735,5995.3126138845755,6045.072438110444,15.182976407085334,20.975731236698266
"SARIMA(4,1,2)",8,1.5893865887246188,5995.272346782016,5995.349269858939,6039.588817416425,15.219632381448719,15.492110542679256
"SARIMA(3,1,4)(2,0,0)[21]",11,1.5877757152667653,5995.212240833571,5995.353492839991,6056.147387955883,15.223855362501126,32.05068108213709
"SARIMA(5,1,2)(2,0,2)[63]",13,1.5866981882158446,5995.158584068007,5995.353549252795,6067.172848848921,15.223911775305169,43.07614197517523
"SARIMA(3,1,4)(0,0,2)[21]",11,1.5877769131948412,5995.216747438993,5995.357999445413,6056.151894561304,15.228361967922865,32.05518768755883
"SARIMA(4,1,3)(2,0,0)[21]",11,1.5877830306712606,5995.239761385283,5995.381013391703,6056.174908507594,15.251375914212986,32.07820163384895
"SARIMA(4,1,3)(0,0,2)[21]",11,1.5877836772787124,5995.242193922516,5995.383445928936,6056.177341044828,15.253808451446275,32.08063417108224
"SARIMA(3,1,2)(0,0,2)[21]",9,1.5888676749262296,5995.320193072475,5995.416398310316,6045.1762225361845,15.286760832826076,21.079515662439007
"SARIMA(3,1,3)(1,0,2)[21]",11,1.5877950499790474,5995.284978021176,5995.426230027597,6056.220125143488,15.296592550106652,32.123418269742615
"SARIMA(4,1,4)(1,0,0)[63]",11,1.5878002296140457,5995.30446380804,5995.4457158144605,6056.239610930352,15.31607833697035,32.14290405660631
"SARIMA(3,1,3)(2,0,1)[21]",11,1.587801680678273,5995.309922711664,5995.451174718084,6056.245069833975,15.321537240593898,32.14836296022986
"SARIMA(4,1,5)(1,0,0)[21]",12,1.58726901232215,5995.3060243559285,5995.473047910532,6061.780730307541,15.343410433041754,37.68402343379512
"SARIMA(3,1,5)(1,0,0)[63]",11,1.5878083959466442,5995.335185551276,5995.476437557696,6056.270332673587,15.346800080205867,32.17362579984183
"SARIMA(2,1,3)(2,0,2)[63]",11,1.5878128090642663,5995.351787699769,5995.49303970619,6056.286934822081,15.36340222869967,32.19022794833563
"SARIMA(3,1,2)(2,0,2)[63]",11,1.5878172983819867,5995.368676513034,5995.509928519455,6056.303823635346,15.380291041964483,32.207116761600446
"SARIMA(5,1,4)(1,0,0)[21]",12,1.5872801195900854,5995.347809897901,5995.514833452505,6061.822515849513,15.38519597501454,37.725808975767904
"SARIMA(4,1,4)(1,0,0)[21]",11,1.5878216816105788,5995.385166218997,5995.526418225418,6056.320313341309,15.39678074792755,32.22360646756351
"SARIMA(2,1,2)(2,0,0)[63]",8,1.5894346407764697,5995.453118601079,5995.530041678002,6039.769589235488,15.40040420051173,15.672882361742268
"SARIMA(2,1,3)(1,0,0)[63]",8,1.5894349088849367,5995.454127225132,5995.531050302055,6039.77059785954,15.401412824564432,15.67389098579497
"SARIMA(4,1,4)(0,0,1)[63]",11,1.5878289191126034,5995.412393701614,5995.553645708034,6056.347540823926,15.424008230544132,32.250833950180095
"SARIMA(2,1,5)(2,0,2)[63]",13,1.5867514847183393,5995.359085510392,5995.55405069518,6067.3733502913055,15.424413217690017,43.27664341756008
"SARIMA(2,1,4)",8,1.5894475168430036,5995.501558363379,5995.578481440302,6039.818028997788,15.448843962812134,15.721322124042672
"SARIMA(5,1,2)(2,0,0)[63]",11,1.5878359077838948,5995.438685083012,5995.579937089433,6056.373832205324,15.450299611942683,32.277125331578645
"SARIMA(2,1,2)(2,0,1)[21]",9,1.5889119738070594,5995.486845462157,5995.583050699998,6045.342874925866,15.453413222508061,21.246168052120993
"SARIMA(5,1,5)(0,0,2)[63]",14,1.5862213438631336,5995.364695613109,5995.589775998961,6072.9185192233235,15.46013852147098,48.82181234957807
"SARIMA(2,1,3)(2,0,0)[21]",9,1.588922343403751,5995.525855884911,5995.622061122752,6045.38188534862,15.492423645261624,21.285178474874556
"SARIMA(5,1,5)(1,0,1)[63]",14,1.586231657264337,5995.4034946284355,5995.628575014288,6072.95731823865,15.498937536797712,48.8606113649048
"SARIMA(5,1,5)(2,0,0)[63]",14,1.5862322300161662,5995.405649320817,5995.63072970667,6072.959472931032,15.501092229179449,48.862766057286535
"SARIMA(4,1,4)(0,0,1)[21]",11,1.587858644252461,5995.524219677758,5995.665471684179,6056.45936680007,15.535834206688378,32.36265992632434
"SARIMA(4,1,5)",11,1.5878645087926087,5995.546282077794,5995.687534084214,6056.481429200106,15.55789660672417,32.384722326360134
"SARIMA(2,1,3)(0,0,2)[21]",9,1.588949401926846,5995.627650048795,5995.723855286636,6045.483679512504,15.594217809145448,21.38697263875838
"SARIMA(2,1,2)(1,0,2)[21]",9,1.5889497740746954,5995.629050069004,5995.725255306845,6045.485079532713,15.595617829354524,21.388372658967455
"SARIMA(5,1,4)",11,1.5878807245741478,5995.607285847944,5995.748537854364,6056.5424329702555,15.61890037687408,32.44572609651004
"SARIMA(4,1,5)(0,0,1)[21]",12,1.5873487854753325,5995.606130958201,5995.7731545128045,6062.080836909813,15.64351703531429,37.984130036067654
"SARIMA(5,1,4)(0,0,1)[21]",12,1.5873597237901789,5995.647280898653,5995.814304453256,6062.121986850265,15.68466697576605,38.025279976519414
"SARIMA(2,1,5)(2,0,0)[21]",11,1.58790520717506,5995.6993893925755,5995.840641398996,6056.634536514887,15.711003921505835,32.5378296411418
"SARIMA(3,1,4)(1,0,1)[21]",11,1.587906756862387,5995.7052193163,5995.84647132272,6056.640366438612,15.716833845230212,32.543659564866175
"SARIMA(4,1,3)(1,0,1)[21]",11,1.5879144040381228,5995.733987991418,5995.875239997838,6056.66913511373,15.745602520348257,32.57242823998422
"SARIMA(4,1,2)(0,0,1)[21]",9,1.588993000405731,5995.7916675263605,5995.887872764201,6045.64769699007,15.75823528671117,21.5509901163241
"SARIMA(4,1,2)(1,0,0)[21]",9,1.5889933206472704,5995.792872275031,5995.889077512872,6045.64890173874,15.759440035381886,21.552194864994817
"SARIMA(5,1,3)(1,0,2)[63]",13,1.5868419564171226,5995.699440041215,5995.894405226003,6067.713704822128,15.764767748512895,43.61699794838296
"SARIMA(2,1,5)(0,0,2)[21]",11,1.5879207087289102,5995.757706238161,5995.898958244581,6056.692853360472,15.769320767090903,32.596146486726866
"SARIMA(3,1,2)(1,0,1)[21]",9,1.5890053197696654,5995.838012973481,5995.934218211322,6045.694042437191,15.804580733832154,21.597335563445085
"SARIMA(5,1,3)(2,0,1)[63]",13,1.5869128327675797,5995.966076871635,5996.161042056423,6067.980341652548,16.03140457893278,43.88363477880284
"SARIMA(2,1,4)(0,0,1)[21]",9,1.5890727515892018,5996.091691478578,5996.187896716418,6045.947720942287,16.058259238928258,21.85101406854119
"SARIMA(2,1,4)(1,0,0)[21]",9,1.5890775378210906,5996.109697282943,5996.205902520784,6045.965726746652,16.07626504329346,21.869019872906392
"SARIMA(2,1,3)(1,0,1)[21]",9,1.5890814540659561,5996.124430196127,5996.220635433968,6045.980459659836,16.090997956477622,21.883752786090554
"SARIMA(2,1,5)(1,0,1)[21]",11,1.588006723698158,5996.08129455247,5996.222546558891,6057.016441674782,16.09290908140065,32.91973480103661
"SARIMA(2,1,5)(0,0,2)[63]",11,1.5880082488357956,5996.087032120263,5996.228284126683,6057.022179242575,16.098646649193142,32.925472368829105
"SARIMA(5,1,3)(2,0,0)[21]",12,1.587478352675355,5996.093562764686,5996.260586319289,6062.568268716298,16.13094884179918,38.471561842552546
"SARIMA(3,1,3)(2,0,2)[63]",12,1.587487005721529,5996.126115524392,5996.293139078995,6062.600821476004,16.16350160150523,38.504114602258596
"SARIMA(5,1,3)(0,0,2)[21]",12,1.5874885064308686,5996.131761192928,5996.2987847475315,6062.60646714454,16.16914727004132,38.509760270794686
"SARIMA(3,1,3)(1,0,2)[63]",11,1.588039907466665,5996.206131889593,5996.3473838960135,6057.141279011905,16.217746418523348,33.04457213815931
"SARIMA(4,1,5)(1,0,1)[21]",13,1.5869863252189396,5996.242555473651,5996.437520658439,6068.256820254564,16.30788318094892,44.160113380818984
"SARIMA(5,1,2)(0,0,1)[5]",10,1.5886034804103335,5996.326293303675,5996.443940362498,6051.721881596685,16.314302885008146,27.625174722939846
"SARIMA(3,1,5)(2,0,0)[21]",12,1.5875274188057038,5996.278149547058,5996.445173101662,6062.75285549867,16.31553562417139,38.656148624924754
"SARIMA(3,1,4)(1,0,1)[63]",11,1.5880695244104992,5996.317550832298,5996.458802838719,6057.25269795461,16.32916536122866,33.155991080864624
"SARIMA(4,1,3)(1,0,1)[63]",11,1.5880725054035476,5996.328765328146,5996.470017334566,6057.263912450458,16.340379857076186,33.16720557671215
"SARIMA(3,1,3)(2,0,1)[63]",11,1.5880746036486855,5996.336658926355,5996.477910932776,6057.271806048667,16.34827345528538,33.17509917492134
"SARIMA(3,1,5)(0,0,2)[21]",12,1.5875395586926955,5996.323819801921,5996.490843356524,6062.798525753533,16.36120587903406,38.701818879787425
"SARIMA(5,1,4)(1,0,1)[21]",13,1.5870015703608291,5996.299907697439,5996.494872882227,6068.314172478353,16.365235404737177,44.21746560460724
"SARIMA(4,1,2)(0,0,1)[63]",9,1.5891650225545553,5996.438814850237,5996.5350200880775,6046.294844313946,16.405382610587367,22.1981374402003
"SARIMA(5,1,2)(2,0,1)[21]",12,1.5875529464903657,5996.374184696756,5996.541208251359,6062.848890648368,16.411570773869244,38.75218377462261
"SARIMA(3,1,2)(0,0,2)[63]",9,1.5891709448770572,5996.46109462749,5996.557299865331,6046.317124091199,16.427662387840428,22.22041721745336
"SARIMA(5,1,2)(1,0,2)[21]",12,1.5875611249200938,5996.404951949393,5996.571975503996,6062.879657901005,16.44233802650615,38.782951027259514
"SARIMA(3,1,4)(0,0,2)[63]",11,1.5881045099710231,5996.449166510989,5996.5904185174095,6057.384313633301,16.46078103991931,33.287606759555274
"SARIMA(4,1,3)(0,0,2)[63]",11,1.588108099925893,5996.462671921209,5996.60392392763,6057.397819043521,16.474286450139516,33.30111216977548
"SARIMA(4,1,4)(0,0,2)[21]",12,1.5875755088498174,5996.4590642930125,5996.626087847616,6062.933770244625,16.496450370125785,38.83706337087915
"SARIMA(5,1,3)(1,0,1)[21]",12,1.5875772456890755,5996.465598282302,5996.632621836906,6062.9403042339145,16.502984359415677,38.84359736016904
"SARIMA(4,1,4)(2,0,1)[21]",13,1.587048982667291,5996.478272794349,5996.673237979137,6068.492537575263,16.543600501647234,44.3958307015173
"SARIMA(5,1,3)(2,0,2)[63]",14,1.5865150735892632,5996.469706842809,5996.694787228661,6074.023530453023,16.565149751170793,49.92682357927788
"SARIMA(4,1,4)(1,0,2)[21]",13,1.5870666780282434,5996.544842742252,5996.73980792704,6068.559107523165,16.610170449549514,44.46240064941958
"SARIMA(4,1,5)(2,0,0)[21]",13,1.587078430823701,5996.589056758763,5996.784021943551,6068.6033215396765,16.654384466060947,44.50661466593101
"SARIMA(3,1,4)(2,0,0)[63]",11,1.5881573520724523,5996.6479584965655,5996.789210502986,6057.583105618877,16.659573025495774,33.48639874513174
"SARIMA(2,1,4)(0,0,1)[63]",9,1.5892334381934132,5996.69619448362,5996.792399721461,6046.552223947329,16.662762243970974,22.455517073583906
"SARIMA(2,1,3)(0,0,2)[63]",9,1.5892339604162156,5996.698159085803,5996.794364323644,6046.554188549512,16.664726846153826,22.457481675766758
"SARIMA(4,1,4)(2,0,0)[21]",12,1.587620987028725,5996.630153202063,5996.797176756667,6063.1048591536755,16.667539279176708,39.00815227993007
"SARIMA(4,1,3)(2,0,0)[63]",11,1.5881606832499544,5996.660490386328,5996.801742392749,6057.59563750864,16.672104915258387,33.49893063489435
"SARIMA(3,1,5)(1,0,1)[21]",12,1.5876231407259462,5996.63825541101,5996.805278965613,6063.112961362622,16.675641488122892,39.01625448887626
"SARIMA(5,1,4)(2,0,0)[21]",13,1.5870874163712319,5996.622860388574,5996.817825573362,6068.637125169487,16.688188095871737,44.5404182957418
"SARIMA(3,1,5)(1,0,2)[63]",13,1.5870884168197699,5996.626624075974,5996.821589260762,6068.640888856888,16.69195178327209,44.54418198314215
"SARIMA(5,1,2)(2,0,1)[5]",12,1.5876336270989762,5996.677705146349,5996.844728700952,6063.152411097961,16.715091223461968,39.05570422421533
"SARIMA(5,1,3)(0,0,2)[63]",12,1.587638709960503,5996.696826871412,5996.863850426015,6063.171532823024,16.734212948525055,39.07482594927842
"SARIMA(2,1,4)(1,0,2)[63]",11,1.5881792254508584,5996.7302461461295,5996.87149815255,6057.665393268441,16.741860675059797,33.56868639469576
"SARIMA(4,1,2)(1,0,2)[63]",11,1.5881843855062812,5996.74965827463,5996.89091028105,6057.684805396942,16.761272803560132,33.588098523196095
"SARIMA(4,1,5)(0,0,1)[63]",12,1.5876543071759628,5996.755503595972,5996.922527150576,6063.230209547584,16.792889673085483,39.13350267383885
"SARIMA(2,1,5)(2,0,0)[63]",11,1.588196233872374,5996.794231827871,5996.9354838342915,6057.729378950183,16.80584635680134,33.6326720764373
"SARIMA(5,1,4)(0,0,1)[63]",12,1.5876684080957193,5996.808551256096,5996.975574810699,6063.283257207708,16.845937333208894,39.18655033396226
"SARIMA(2,1,4)(2,0,1)[63]",11,1.5882282903256182,5996.9148282049755,5997.056080211396,6057.849975327287,16.926442733905787,33.75326845354175
"SARIMA(3,1,5)(2,0,1)[63]",13,1.5871525956707744,5996.868064913453,5997.063030098241,6068.8823296943665,16.933392620750965,44.78562282062103
"SARIMA(4,1,2)(2,0,1)[63]",11,1.5882332602514073,5996.933525065794,5997.074777072215,6057.868672188106,16.945139594724424,33.771965314360386
"SARIMA(4,1,5)(1,0,0)[63]",12,1.5876978713061447,5996.919391853717,5997.08641540832,6063.394097805329,16.956777930829958,39.29739093158332
"SARIMA(3,1,5)(0,0,2)[63]",12,1.5876979477557018,5996.919679456951,5997.086703011554,6063.394385408563,16.957065534063986,39.29767853481735
"SARIMA(5,1,4)(1,0,0)[63]",12,1.5877121796512246,5996.973219847907,5997.14024340251,6063.447925799519,17.010605925020172,39.35121892577354
"SARIMA(4,1,2)(1,0,0)[63]",9,1.589333209519846,5997.071534213661,5997.167739451502,6046.92756367737,17.038101974011624,22.830856803624556
"SARIMA(4,1,5)(0,0,2)[21]",13,1.5871844993803552,5996.988086668896,5997.183051853684,6069.00235144981,17.05341437619427,44.90564457606433
"SARIMA(2,1,2)(2,0,2)[21]",10,1.5888070888680468,5997.092268321592,5997.209915380416,6052.487856614603,17.080277902925445,28.391149740857145
"SARIMA(5,1,4)(0,0,2)[21]",13,1.587194242666793,5997.024740912476,5997.219706097264,6069.039005693389,17.090068619773774,44.94229881964384
"SARIMA(5,1,5)(2,0,2)[63]",16,1.5855745755892454,5996.931553366741,5997.223398860304,6085.564494635558,17.093761382813682,61.46778776181236
"SARIMA(3,1,2)(2,0,0)[63]",9,1.589364807164007,5997.190404550995,5997.286609788835,6047.046434014704,17.15697231134527,22.949727140958203
"SARIMA(4,1,2)(2,0,0)[21]",10,1.588828936871738,5997.174460511479,5997.2921075703025,6052.5700488044895,17.162470092812327,28.473341930744027
"SARIMA(3,1,2)(2,0,1)[21]",10,1.5888338179244132,5997.192823031643,5997.310470090466,6052.588411324653,17.18083261297579,28.49170445090749
"SARIMA(5,1,3)(2,0,0)[63]",12,1.5877593775403018,5997.150778306615,5997.317801861219,6063.6254842582275,17.18816438372869,39.528777384482055
"SARIMA(3,1,4)(1,0,2)[21]",12,1.587768319519938,5997.184418034007,5997.35144158861,6063.659123985619,17.221804111120036,39.5624171118734
"SARIMA(3,1,4)(2,0,1)[21]",12,1.5877755305821917,5997.2115460502055,5997.378569604809,6063.686252001818,17.248932127318767,39.58954512807213
"SARIMA(4,1,3)(1,0,2)[21]",12,1.587775958214701,5997.213154803705,5997.3801783583085,6063.687860755317,17.250540880818335,39.5911538815717
"SARIMA(4,1,2)(0,0,2)[21]",10,1.588856176105455,5997.276934508722,5997.394581567545,6052.672522801732,17.264944090054996,28.575815927986696
"SARIMA(4,1,3)(2,0,1)[21]",12,1.5877829502562757,5997.239458864109,5997.406482418713,6063.714164815721,17.276844941222407,39.61745794197577
"SARIMA(3,1,2)(1,0,2)[21]",10,1.5888674545830999,5997.319364141622,5997.437011200445,6052.714952434632,17.307373722955163,28.618245560886862
"SARIMA(3,1,3)(2,0,2)[21]",12,1.5877920114267388,5997.2735469873915,5997.440570541995,6063.748252939004,17.310933064504752,39.65154606525812
"SARIMA(4,1,4)(2,0,0)[63]",12,1.5877928883957497,5997.27684614481,5997.443869699414,6063.7515520964225,17.314232221923703,39.65484522267707
"SARIMA(4,1,4)(1,0,1)[63]",12,1.5877930729589298,5997.277540471494,5997.444564026097,6063.752246423106,17.314926548607218,39.65553954936058
"SARIMA(2,1,4)(1,0,0)[63]",9,1.5894076035635316,5997.351404606006,5997.447609843847,6047.207434069715,17.317972366357026,23.110727195969957
"SARIMA(2,1,4)(2,0,2)[63]",12,1.587806124983259,5997.32664218702,5997.493665741624,6063.801348138632,17.364028264133594,39.70464126488696
"SARIMA(3,1,5)(2,0,0)[63]",12,1.587808306259367,5997.334848147739,5997.501871702342,6063.809554099351,17.372234224852036,39.7128472256054
"SARIMA(4,1,2)(2,0,2)[63]",12,1.5878102708992052,5997.3422391228105,5997.509262677414,6063.816945074423,17.379625199923794,39.72023820067716
"SARIMA(3,1,5)(2,0,2)[63]",14,1.586733305438546,5997.29069505981,5997.515775445662,6074.844518670025,17.38613796817208,50.747811796279166
"SARIMA(2,1,3)(2,0,0)[63]",9,1.589434592967548,5997.452938743915,5997.549143981756,6047.308968207624,17.419506504265883,23.212261333878814
"SARIMA(4,1,4)(0,0,2)[63]",12,1.5878217752369002,5997.385518441219,5997.552541995822,6063.860224392831,17.42290451833196,39.763517519085326
"SARIMA(5,1,5)(1,0,2)[63]",15,1.5862125808272736,5997.331729072203,5997.589101726359,6080.425111511719,17.459464248869153,56.32840463797311
"SARIMA(2,1,3)(2,0,1)[21]",10,1.58891144278867,5997.484847770977,5997.6024948298,6052.880436063987,17.472857352309802,28.783729190241502
"SARIMA(2,1,4)(2,0,0)[21]",10,1.5889158622475215,5997.501473775175,5997.619120833999,6052.897062068186,17.489483356508572,28.80035519444027
"SARIMA(5,1,5)(2,0,1)[63]",15,1.5862311959396624,5997.40175912501,5997.659131779166,6080.4951415645255,17.529494301676095,56.39843469078005
"SARIMA(2,1,4)(0,0,2)[21]",10,1.588942460226497,5997.601535372081,5997.719182430905,6052.997123665092,17.58954495341459,28.900416791346288
"SARIMA(2,1,3)(1,0,2)[21]",10,1.5889492751306709,5997.627173041584,5997.744820100407,6053.022761334594,17.61518262291702,28.926054460848718
"SARIMA(2,1,5)(2,0,1)[21]",12,1.5879015180717617,5997.685510985968,5997.8525345405715,6064.16021693758,17.72289706308129,40.063510063834656
"SARIMA(4,1,2)(1,0,1)[21]",10,1.5889919269929822,5997.787629347599,5997.905276406423,6053.18321764061,17.775638928932494,29.086510766864194
"SARIMA(5,1,2)(2,0,2)[5]",13,1.587377277648063,5997.713318512013,5997.908283696801,6069.727583292926,17.778646219310758,45.63087641918082
"SARIMA(2,1,5)(1,0,2)[21]",12,1.587920624476191,5997.757389279431,5997.924412834034,6064.232095231043,17.79477535654405,40.135388357297415
"SARIMA(4,1,5)(2,0,1)[21]",14,1.586901874357597,5997.9248513332805,5998.149931719133,6075.478674943495,18.02029424164266,51.381968069749746
"SARIMA(4,1,5)(1,0,2)[21]",14,1.5869128712702838,5997.966221718808,5998.19130210466,6075.520045329023,18.061664627170103,51.42333845527719
"SARIMA(5,1,4)(2,0,1)[21]",14,1.5869146635305567,5997.972964201954,5998.198044587806,6075.526787812169,18.068407110316002,51.43008093842309
"SARIMA(2,1,4)(1,0,1)[21]",10,1.589072750495046,5998.091687362363,5998.209334421186,6053.487275655373,18.079696943696035,29.390568781627735
"SARIMA(5,1,2)(1,0,0)[5]",10,1.5890779528394277,5998.111258581926,5998.22890564075,6053.506846874937,18.099268163259694,29.410140001191394
"SARIMA(5,1,4)(1,0,2)[21]",14,1.5869266325868792,5998.017991791839,5998.243072177692,6075.571815402054,18.11343470020165,51.47510852830874
"SARIMA(5,1,3)(1,0,2)[21]",13,1.58747514591614,5998.081498936519,5998.276464121307,6070.095763717432,18.146826643816894,45.99905684368696
"SARIMA(3,1,4)(2,0,2)[63]",13,1.587475799039896,5998.083955988089,5998.278921172877,6070.098220769002,18.149283695386657,46.00151389525672
"SARIMA(5,1,3)(2,0,1)[21]",13,1.5874765625799874,5998.086828425912,5998.2817936107,6070.101093206826,18.152156133210156,46.00438633308022
"SARIMA(4,1,3)(2,0,2)[63]",13,1.5874807490686942,5998.1025779964275,5998.297543181216,6070.116842777341,18.16790570372541,46.020135903595474
"SARIMA(3,1,4)(1,0,2)[63]",12,1.5880333727211862,5998.181548177103,5998.348571731706,6064.656254128715,18.218934254216038,40.5595472549694
"SARIMA(4,1,3)(1,0,2)[63]",12,1.5880362549501872,5998.192391122604,5998.3594146772075,6064.667097074216,18.22977719971732,40.57039020047068
"SARIMA(3,1,5)(1,0,2)[21]",13,1.5875200009334736,5998.250243511728,5998.445208696516,6070.264508292641,18.315571219025514,46.16780141889558
"SARIMA(3,1,5)(2,0,1)[21]",13,1.5875229451200414,5998.261319541596,5998.456284726384,6070.2755843225095,18.326647248894005,46.17887744876407
"SARIMA(5,1,2)(0,0,2)[5]",11,1.5886031634586704,5998.325100931518,5998.466352937939,6059.26024805383,18.33671546044843,35.163541180084394
"SARIMA(5,1,2)(1,0,1)[5]",11,1.5886033990956736,5998.325987397924,5998.467239404345,6059.261134520236,18.337601926854404,35.16442764649037
"SARIMA(4,1,2)(0,0,2)[63]",10,1.5891434731807108,5998.357746105834,5998.475393164657,6053.753334398844,18.345755687167184,29.656627525098884
"SARIMA(3,1,4)(2,0,1)[63]",12,1.5880675287743864,5998.310043249242,5998.477066803845,6064.784749200854,18.347429326355268,40.68804232710863
"SARIMA(4,1,3)(2,0,1)[63]",12,1.5880704720039918,5998.321115679017,5998.48813923362,6064.795821630629,18.358501756129954,40.69911475688332
"SARIMA(4,1,4)(2,0,2)[21]",14,1.5869963366115862,5998.280218332788,5998.50529871864,6075.834041943002,18.375661241149828,51.737335069256915
"SARIMA(5,1,2)(2,0,2)[21]",13,1.5875461979695975,5998.348796761626,5998.543761946414,6070.363061542539,18.414124468923546,46.26635466879361
"SARIMA(4,1,5)(1,0,1)[63]",13,1.5875869087264205,5998.501950628794,5998.696915813582,6070.516215409707,18.567278336091476,46.41950853596154
"SARIMA(2,1,4)(0,0,2)[63]",10,1.5892088482603373,5998.603687155389,5998.721334214212,6053.999275448399,18.591696736722042,29.902568574653742
"SARIMA(5,1,4)(1,0,1)[63]",13,1.5876020732971257,5998.558999743786,5998.7539649285745,6070.5732645247,18.624327451084355,46.47655765095442
"SARIMA(4,1,5)(0,0,2)[63]",13,1.5876396847532788,5998.700494041835,5998.895459226623,6070.714758822748,18.765821749132556,46.61805194900262
"SARIMA(5,1,4)(0,0,2)[63]",13,1.5876537087846907,5998.753252448007,5998.948217632795,6070.76751722892,18.818580155304517,46.67081035517458
"SARIMA(3,1,2)(2,0,2)[21]",11,1.5887492534947354,5998.874691647195,5999.015943653615,6059.809838769506,18.88630617612489,35.71313189576085
"SARIMA(4,1,4)(2,0,2)[63]",14,1.587144790860461,5998.838703217054,5999.063783602906,6076.392526827269,18.93414612541619,52.29581995352328
"SARIMA(5,1,1)(1,0,0)[5]",9,1.5898511650661964,5999.020082979031,5999.116288216872,6048.87611244274,18.98665073938173,24.77940556899466
"SARIMA(5,1,4)(2,0,0)[63]",13,1.5877098656875863,5998.964514716699,5999.159479901487,6070.978779497613,19.029842423997252,46.882072623867316
"SARIMA(4,1,5)(2,0,0)[63]",13,1.5877099029613102,5998.964654940449,5999.159620125237,6070.978919721362,19.029982647746692,46.882212847616756
"SARIMA(4,1,2)(2,0,0)[63]",10,1.5893332094958916,5999.071534123545,5999.189181182368,6054.467122416555,19.059543704877797,30.370415542809496
"SARIMA(5,1,1)(0,0,1)[5]",9,1.589880747194909,5999.131370947248,5999.227576185089,6048.987400410957,19.097938707598587,24.89069353721152
"SARIMA(2,1,3)(2,0,2)[21]",11,1.5888066381884658,5999.090572865009,5999.231824871429,6060.02571998732,19.102187393938948,35.92901311357491
"SARIMA(4,1,2)(2,0,1)[21]",11,1.5888234798171115,5999.153931071974,5999.295183078394,6060.089078194285,19.165545600903897,35.99237132053986
"SARIMA(5,1,2)(2,0,0)[5]",11,1.588837441741734,5999.206455832403,5999.347707838823,6060.1416029547145,19.218070361333048,36.04489608096901
"SARIMA(5,1,2)(1,0,2)[5]",12,1.588302312195603,5999.193298479859,5999.360322034462,6065.668004431471,19.230684556971937,41.5712975577253
"SARIMA(3,1,4)(2,0,2)[21]",13,1.5877645213801923,5999.170129432284,5999.365094617072,6071.184394213197,19.23545713958174,47.087687339451804
"SARIMA(4,1,4)(1,0,2)[63]",13,1.5877682445730004,5999.184136083627,5999.379101268415,6071.19840086454,19.249463790924892,47.101693990794956
"SARIMA(4,1,3)(2,0,2)[21]",13,1.5877725347928697,5999.200275890776,5999.395241075564,6071.214540671689,19.26560359807354,47.117833797943604
"SARIMA(4,1,2)(1,0,2)[21]",11,1.5888558249592029,5999.275613496521,5999.416865502942,6060.210760618833,19.28722802545144,36.1140537450874
"SARIMA(4,1,4)(2,0,1)[63]",13,1.5877807344842445,5999.231123129728,5999.426088314516,6071.2453879106415,19.296450837025986,47.14868103689605
"SARIMA(2,1,4)(2,0,0)[63]",10,1.5894073399733681,5999.350412979811,5999.468060038635,6054.746001272822,19.338422561144398,30.649294399076098
"SARIMA(2,1,4)(2,0,1)[21]",11,1.5889053427304702,5999.461899352029,5999.603151358449,6060.397046474341,19.473513880959217,36.30033960059518
"SARIMA(2,1,5)(2,0,2)[21]",13,1.5878573909669653,5999.519504817724,5999.714470002512,6071.533769598637,19.58483252502174,47.4370627248918
"SARIMA(2,1,4)(1,0,2)[21]",11,1.588942337922997,5999.601075266315,5999.742327272736,6060.536222388627,19.612689795245387,36.43951551488135
"SARIMA(5,1,1)(2,0,2)[5]",12,1.5884504167900597,5999.750467964204,5999.917491518808,6066.225173915816,19.787854041317587,42.12846704207095
"SARIMA(4,1,5)(2,0,2)[21]",15,1.5868754673449228,5999.8255081516,6000.082880805756,6082.918890591115,19.95324332826567,58.822183717369626
"SARIMA(5,1,4)(2,0,2)[21]",15,1.5868850124981482,5999.8614170180335,6000.118789672189,6082.954799457549,19.989152194699273,58.85809258380323
"SARIMA(5,1,3)(2,0,2)[21]",14,1.5874752525615388,6000.081900136509,6000.306980522361,6077.635723746724,20.177343044871122,53.53901687297821
"SARIMA(3,1,5)(2,0,2)[21]",14,1.5875194779242516,6000.248275951035,6000.473356336887,6077.80209956125,20.343718859397086,53.70539268750417
"SARIMA(4,1,5)(2,0,2)[63]",15,1.5869906047614672,6000.25865511264,6000.516027766796,6083.352037552155,20.386390289305382,59.25533067840934
"SARIMA(5,1,1)(2,0,1)[5]",11,1.5891587252967638,6000.415124566425,6000.556376572846,6061.350271688737,20.426739095355515,37.25356481499148
"SARIMA(5,1,4)(2,0,2)[63]",15,1.5870162819727072,6000.355252781324,6000.61262543548,6083.44863522084,20.48298795799019,59.351928347094145
"SARIMA(4,1,5)(1,0,2)[63]",14,1.587557502288485,6000.39132360928,6000.616403995133,6077.945147219495,20.486766517642536,53.84844034574962
"SARIMA(5,1,4)(1,0,2)[63]",14,1.5875727220124816,6000.448580210956,6000.673660596808,6078.00240382117,20.5440231193179,53.905696947424985
"SARIMA(4,1,5)(2,0,1)[63]",14,1.5875861264066302,6000.499007541743,6000.724087927595,6078.052831151957,20.594450450104887,53.95612427821197
"SARIMA(5,1,4)(2,0,1)[63]",14,1.5876012720497723,6000.555985451243,6000.781065837095,6078.109809061458,20.651428359605234,54.01310218771232
"SARIMA(4,1,2)(2,0,2)[21]",12,1.5887431575258855,6000.851758612381,6001.018782166984,6067.326464563993,20.88914468949406,43.229757690247425
"SARIMA(5,1,1)(1,0,1)[5]",10,1.5898469377514626,6001.004179821002,6001.121826879826,6056.399768114013,20.992189402335498,32.3030612402672
"SARIMA(5,1,1)(2,0,0)[5]",10,1.5898483940297437,6001.009658339895,6001.127305398719,6056.405246632906,20.99766792122864,32.30853975916034
"SARIMA(5,1,1)(0,0,2)[5]",10,1.5898761726747421,6001.11416160238,6001.231808661203,6056.50974989539,21.102171183712926,32.413043021644626
"SARIMA(2,1,4)(2,0,2)[21]",12,1.5888030315589934,6001.077004724933,6001.244028279537,6067.551710676546,21.114390802046728,43.45500380280009
"SARIMA(5,1,1)(1,0,2)[5]",11,1.5897419000706254,6002.609028065693,6002.750280072113,6063.544175188004,22.62064259462295,39.44746831425891
"SARIMA(4,1,1)(2,0,2)[5]",11,1.5921580673635012,6011.698649421492,6011.839901427912,6072.633796543803,31.710263950421904,48.53708967005787
"SARIMA(4,1,1)(1,0,1)[5]",9,1.5936045289277108,6013.140237826048,6013.236443063889,6062.996267289757,33.10680558639888,38.89956041601181
"SARIMA(4,1,1)(1,0,0)[5]",8,1.5942197274702854,6013.454614743214,6013.531537820137,6057.7710853776225,33.40190034264651,33.67437850387705
"SARIMA(4,1,1)(0,0,1)[5]",8,1.5942415216616173,6013.536604491004,6013.613527567927,6057.853075125413,33.483890090436944,33.75636825166748
"SARIMA(4,1,1)(2,0,1)[5]",10,1.5933228031565065,6014.080385474777,6014.198032533601,6069.475973767788,34.0683950561106,45.3792668940423
"SARIMA(4,1,1)(1,0,2)[5]",10,1.5934086393926212,6014.403301395041,6014.520948453865,6069.7988896880515,34.39131097637437,45.70218281430607
"SARIMA(4,1,1)(2,0,0)[5]",9,1.5942082649601172,6015.411492779961,6015.507698017802,6065.26752224367,35.37806054031171,41.17081536992464
"SARIMA(4,1,1)(0,0,2)[5]",9,1.5942413850026547,6015.5360903799865,6015.632295617827,6065.392119843696,35.50265814033719,41.29541296995012
"SARIMA(5,1,1)(1,0,0)[21]",9,1.5951063820333098,6018.790209209312,6018.886414447153,6068.646238673021,38.756776969662496,44.54953179927543
"SARIMA(5,1,1)(0,0,1)[21]",9,1.5951283412438249,6018.872819759269,6018.96902499711,6068.728849222978,38.83938751961978,44.63214234923271
"SARIMA(5,1,1)",8,1.5958374110638913,6019.540340422359,6019.617263499282,6063.856811056768,39.487626021791584,39.76010418302212
"SARIMA(5,1,1)(2,0,0)[21]",10,1.5950544328629792,6020.594776430527,6020.712423489351,6075.990364723538,40.58278601186066,51.89365784979236
"SARIMA(5,1,1)(0,0,2)[21]",10,1.595069630934557,6020.651951575803,6020.769598634626,6076.047539868813,40.639961157135986,51.950832995067685
"SARIMA(5,1,1)(0,0,1)[63]",9,1.5956288938162615,6020.755898536776,6020.852103774617,6070.611928000485,40.72246629712663,46.51522112673956
"SARIMA(5,1,1)(1,0,1)[21]",10,1.5950931724857345,6020.740514891333,6020.8581619501565,6076.1361031843435,40.72852447266632,52.03939631059802
"SARIMA(5,1,1)(1,0,0)[63]",9,1.5956623161222865,6020.881633252042,6020.977838489883,6070.737662715751,40.848201012392565,46.640955842005496
"SARIMA(4,1,1)(1,0,0)[21]",8,1.5964240581932454,6021.747306922989,6021.824229999912,6066.063777557398,41.69459252242177,41.96707068365231
"SARIMA(4,1,1)(0,0,1)[21]",8,1.5964469168918551,6021.833301347159,6021.910224424082,6066.149771981568,41.78058694659194,42.053065107822476
"SARIMA(5,1,1)(0,0,2)[63]",10,1.5955288846590678,6022.379664087413,6022.497311146237,6077.775252380424,42.36767366874665,53.67854550667835
"SARIMA(1,1,5)(2,0,2)[5]",12,1.5944680893380772,6022.3889520898465,6022.55597564445,6088.863658041459,42.426338166959795,64.76695116771316
"SARIMA(4,1,1)",7,1.5971715177467165,6022.559249763148,6022.619046880072,6061.336161568255,42.48940940258217,37.23945469450973
"SARIMA(5,1,1)(1,0,2)[21]",11,1.5950479525939285,6022.570397658359,6022.7116496647795,6083.505544780671,42.582012187289365,59.40883790692533
"SARIMA(5,1,1)(2,0,1)[21]",11,1.5950502874129568,6022.579181247544,6022.720433253964,6083.514328369855,42.5907957764739,59.41762149610986
"SARIMA(5,1,1)(1,0,1)[63]",10,1.5955920535398127,6022.617305416776,6022.734952475599,6078.012893709786,42.60531499810895,53.91618683604065
"SARIMA(5,1,1)(2,0,0)[63]",10,1.5956402321191805,6022.798553232357,6022.916200291181,6078.194141525368,42.78656281369058,54.09743465162228
"SARIMA(4,1,1)(2,0,0)[21]",9,1.5963867193715542,6023.606838275787,6023.703043513628,6073.462867739496,43.573406036137385,49.36616086575032
"SARIMA(3,1,1)(2,0,2)[5]",10,1.5958632656720146,6023.637605458119,6023.755252516942,6079.033193751129,43.625615039451986,54.936486877383686
"SARIMA(4,1,1)(1,0,1)[21]",9,1.5964069188051286,6023.682828544894,6023.779033782735,6073.538858008603,43.64939630524441,49.44215113485734
"SARIMA(4,1,1)(0,0,2)[21]",9,1.5964078581900276,6023.686362510884,6023.782567748724,6073.542391974593,43.652930271234254,49.445685100847186
"SARIMA(4,1,1)(0,0,1)[63]",8,1.596948843127455,6023.7215478454855,6023.798470922408,6068.038018479894,43.668833444918164,43.9413116061487
"SARIMA(3,1,1)(1,0,1)[5]",8,1.5969631900514771,6023.775520973657,6023.85244405058,6068.091991608066,43.722806573089656,43.995284734320194
"SARIMA(4,1,1)(1,0,0)[63]",8,1.5969876292411223,6023.867461205102,6023.944384282025,6068.1839318395105,43.81474680453448,44.08722496576502
"SARIMA(5,1,1)(2,0,2)[63]",12,1.5949207188829764,6024.091744437757,6024.258767992361,6090.5664503893695,44.12913051487067,66.46974351562403
"SARIMA(5,1,1)(1,0,2)[63]",11,1.5954663651110532,6024.144465547783,6024.285717554203,6085.079612670094,44.1560800767129,60.98290579634886
"SARIMA(5,1,1)(2,0,1)[63]",11,1.5955478498969706,6024.451011312403,6024.592263318824,6085.386158434715,44.46262584133365,61.28945156096961
"SARIMA(5,1,1)(2,0,2)[21]",12,1.595046673419417,6024.565585403847,6024.73260895845,6091.040291355459,44.60297148096015,66.94358448171351
"SARIMA(4,1,1)(0,0,2)[63]",9,1.5968427559249678,6025.322447789729,6025.41865302757,6075.178477253438,45.28901555007997,51.0817703796929
"SARIMA(4,1,1)(1,0,1)[63]",9,1.5969041508715593,6025.553415578806,6025.649620816647,6075.4094450425155,45.51998333915708,51.31273816877001
"SARIMA(4,1,1)(2,0,1)[21]",10,1.5963793077937878,6025.578955920229,6025.696602979053,6080.97454421324,45.56696550156266,56.87783733949436
"SARIMA(4,1,1)(1,0,2)[21]",10,1.5963801616670925,6025.582168191602,6025.699815250426,6080.977756484613,45.570177772935494,56.881049610867194
"SARIMA(4,1,1)(2,0,0)[63]",9,1.5969620425309112,6025.771204001288,6025.867409239129,6075.6272334649975,45.737771761639124,51.530526591252055
"SARIMA(3,1,1)(1,0,2)[5]",9,1.5969628768055812,6025.774342542597,6025.870547780438,6075.630372006306,45.74091030294767,51.5336651325606
"SARIMA(3,1,1)(2,0,1)[5]",9,1.5969629709223128,6025.77469660974,6025.870901847581,6075.630726073449,45.7412643700909,51.534019199703835
"SARIMA(3,1,1)(1,0,0)[5]",7,1.5982109307956986,6026.469521653418,6026.529318770343,6065.246433458526,46.39968129285262,41.14972658478018
"SARIMA(3,1,1)(0,0,1)[5]",7,1.598213610958802,6026.479604427013,6026.539401543938,6065.256516232121,46.40976406644768,41.15980935837524
"SARIMA(4,1,1)(1,0,2)[63]",10,1.5967712874450763,6027.053583368377,6027.1712304272005,6082.4491716613875,47.04159294971032,58.35246478764202
"SARIMA(4,1,1)(2,0,2)[63]",11,1.5962420743869392,6027.062683843666,6027.203935850086,6087.997830965977,47.07429837259588,63.90112409223184
"SARIMA(1,1,5)(1,0,1)[5]",10,1.5968329636698155,6027.285609325846,6027.4032563846695,6082.6811976188565,47.2736189071793,58.584490745111
"SARIMA(4,1,1)(2,0,1)[63]",10,1.5968542100241168,6027.365538110727,6027.483185169551,6082.761126403738,47.3535476920606,58.6644195299923
"SARIMA(4,1,1)(2,0,2)[21]",11,1.5963791246142889,6027.578266798955,6027.719518805376,6088.513413921267,47.58988132788545,64.41670704752141
"SARIMA(3,1,1)(0,0,2)[5]",8,1.5982063801169708,6028.4524020000445,6028.529325076967,6072.768872634453,48.39968759947715,48.672165760707685
"SARIMA(3,1,1)(2,0,0)[5]",8,1.5982078087303,6028.457776443389,6028.534699520312,6072.774247077798,48.405062042821555,48.67754020405209
"SARIMA(1,1,5)(1,0,0)[5]",9,1.5976792089879108,6028.46918421252,6028.565389450361,6078.325213676229,48.435751972871,54.228506802483935
"SARIMA(1,1,5)(0,0,1)[5]",9,1.5977163862721495,6028.609045155827,6028.7052503936675,6078.465074619536,48.575612916177306,54.36836774579024
"SARIMA(3,1,1)(1,0,0)[21]",7,1.5987926241907275,6028.657852205517,6028.7176493224415,6067.434764010624,48.588011844951325,43.33805713687889
"SARIMA(3,1,1)(0,0,1)[21]",7,1.598814114161756,6028.738697476526,6028.79849459345,6067.515609281633,48.668857115960236,43.4189024078878
"SARIMA(3,1,1)",6,1.5995146414733852,6029.374081222875,6029.418905128959,6062.611434198681,49.289267651468435,38.51472732493585
"SARIMA(1,1,5)(2,0,0)[5]",10,1.5976690785850092,6030.431073636804,6030.548720695628,6085.826661929815,50.41908321813753,61.72995505606923
"SARIMA(3,1,1)(0,0,1)[63]",7,1.5992863158352535,6030.515120172224,6030.574917289148,6069.292031977331,50.44527981165811,45.195325103585674
"SARIMA(3,1,1)(1,0,1)[21]",8,1.5987780297324437,6030.602947853453,6030.679870930376,6074.919418487862,50.55023345288555,50.82271161411609
"SARIMA(3,1,1)(2,0,0)[21]",8,1.598779127139256,6030.607076297881,6030.6839993748035,6074.923546932289,50.554361897313356,50.826840058543894
"SARIMA(3,1,1)(1,0,0)[63]",7,1.599324182562707,6030.657574800904,6030.717371917828,6069.434486606011,50.587734440337954,45.33777973226552
"SARIMA(1,1,5)(0,0,2)[5]",10,1.5977153197492504,6030.60503289668,6030.722679955504,6086.000621189691,50.59304247801356,61.90391431594526
"SARIMA(3,1,1)(0,0,2)[21]",8,1.5987983706688296,6030.679470456137,6030.75639353306,6074.995941090546,50.626756055569786,50.89923421680032
"SARIMA(1,1,5)(1,0,2)[5]",11,1.597210538477121,6030.706045750929,6030.847297757349,6091.6411928732405,50.71766027985905,67.54448599949501
"SARIMA(3,1,1)(0,0,2)[63]",8,1.599132352305548,6031.935909373472,6032.012832450395,6076.252380007881,51.883194972904676,52.15567313413521
"SARIMA(3,1,1)(1,0,1)[63]",8,1.5992512201548856,6032.38309022268,6032.460013299603,6076.699560857089,52.33037582211273,52.602853983343266
"SARIMA(3,1,1)(2,0,0)[63]",8,1.5992694997494707,6032.451858057509,6032.5287811344315,6076.768328691917,52.399143656941305,52.67162181817184
"SARIMA(1,1,5)(2,0,1)[5]",11,1.5976804698769789,6032.473927677194,6032.615179683615,6093.409074799506,52.48554220612459,69.31236792576055
"SARIMA(3,1,1)(1,0,2)[21]",9,1.598769038392664,6032.569122433202,6032.665327671043,6082.425151896911,52.53569019355291,58.32844502316584
"SARIMA(3,1,1)(2,0,1)[21]",9,1.5987698758420357,6032.572272917738,6032.668478155579,6082.428302381447,52.53884067808849,58.33159550770142
"SARIMA(1,1,4)(1,0,1)[5]",9,1.5987768474743405,6032.598500198469,6032.69470543631,6082.454529662178,52.56506795881978,58.35782278843271
"SARIMA(1,1,4)(2,0,2)[5]",11,1.597842391700852,6033.083077578605,6033.224329585026,6094.018224700917,53.09469210753559,69.92151782717156
"SARIMA(3,1,1)(1,0,2)[63]",9,1.5990684340959038,6033.69544906879,6033.791654306631,6083.5514785324995,53.662016829141066,59.454771658754
"SARIMA(3,1,1)(2,0,2)[63]",10,1.5985735688041651,6033.833765841269,6033.951412900093,6089.22935413428,53.821775422602514,65.13264726053421
"SARIMA(3,1,1)(2,0,1)[63]",9,1.5991659318935767,6034.0622357836355,6034.158441021476,6083.918265247345,54.028803543986214,59.821558373599146
"SARIMA(1,1,4)(2,0,1)[5]",10,1.5986805693226216,6034.236301791702,6034.353948850526,6089.631890084713,54.22431137303556,65.53518321096726
"SARIMA(1,1,4)(1,0,2)[5]",10,1.5986811761265638,6034.238584588133,6034.356231646956,6089.634172881143,54.2265941694659,65.5374660073976
"SARIMA(3,1,1)(2,0,2)[21]",10,1.5987677695445317,6034.564349026528,6034.681996085352,6089.959937319539,54.552358607861606,65.8632304457933
"SARIMA(5,1,0)(2,0,1)[5]",10,1.5992309919896055,6036.306991864896,6036.42463892372,6091.702580157907,56.295001446229435,67.60587328416113
"SARIMA(5,1,0)(1,0,1)[5]",9,1.5998428042232131,6036.608629487728,6036.704834725569,6086.464658951437,56.57519724807844,62.36795207769137
"SARIMA(1,1,4)(1,0,0)[21]",8,1.60040586263713,6036.726855240883,6036.803778317806,6081.043325875292,56.674140840315886,56.94661900154642
"SARIMA(1,1,4)(0,0,1)[5]",8,1.600420867536182,6036.783303671116,6036.860226748039,6081.099774305525,56.73058927054899,57.00306743177953
"SARIMA(1,1,4)(0,0,1)[21]",8,1.6004256755828943,6036.801391542848,6036.878314619771,6081.117862177257,56.74867714228094,57.02115530351148
"SARIMA(1,1,4)(1,0,0)[5]",8,1.6004297048280502,6036.816549563125,6036.893472640048,6081.133020197533,56.76383516255737,57.03631332378791
"SARIMA(5,1,0)(2,0,2)[5]",11,1.5988596579768157,6036.910033308781,6037.051285315201,6097.845180431093,56.921647837711134,73.7484735573471
"SARIMA(5,1,0)(0,0,2)[5]",9,1.6000162057195066,6037.260965916784,6037.357171154625,6087.116995380493,57.22753367713449,63.02028850674742
"SARIMA(1,1,5)(1,0,0)[21]",9,1.6000173222752776,6037.265166399594,6037.361371637435,6087.121195863303,57.23173415994461,63.02448898955754
"SARIMA(1,1,5)(0,0,1)[21]",9,1.6000385269775506,6037.344938489545,6037.441143727386,6087.200967953254,57.3115062498955,63.10426107950843
"SARIMA(1,1,4)",7,1.601124489292452,6037.430328718205,6037.490125835129,6076.207240523312,57.36048835763904,52.110533649566605
"SARIMA(5,1,0)(1,0,2)[5]",10,1.5996375701396124,6037.836538865222,6037.954185924045,6093.232127158232,57.82454844655513,69.13542028448683
"SARIMA(1,1,5)",8,1.6007301032154821,6037.946648296644,6038.0235713735665,6082.263118931052,57.893933896076305,58.16641205730684
"SARIMA(1,1,4)(0,0,1)[63]",8,1.600878969886567,6038.506684713266,6038.583607790189,6082.823155347674,58.4539703126984,58.72644847392894
"SARIMA(1,1,4)(0,0,2)[5]",9,1.6003666149943767,6038.579205608845,6038.675410846686,6088.435235072554,58.54577336919556,64.33852819880849
"SARIMA(1,1,4)(1,0,0)[63]",8,1.6009189185766786,6038.656971685465,6038.7338947623875,6082.973442319873,58.60425728489736,58.876735446127896
"SARIMA(1,1,4)(2,0,0)[21]",9,1.600388768392489,6038.662546692543,6038.758751930384,6088.5185761562525,58.6291144528941,64.42186928250703
"SARIMA(1,1,4)(1,0,1)[21]",9,1.6003926031544677,6038.676973067108,6038.7731783049485,6088.533002530817,58.64354082745831,64.43629565707124
"SARIMA(1,1,4)(0,0,2)[21]",9,1.6004090489580438,6038.738842180161,6038.8350474180015,6088.59487164387,58.705409940511345,64.49816477012428
"SARIMA(1,1,4)(2,0,0)[5]",9,1.6004202293628011,6038.780902862858,6038.877108100699,6088.636932326567,58.747470623208756,64.54022545282169
"SARIMA(1,1,5)(0,0,1)[63]",9,1.6004881161148004,6039.036292823879,6039.13249806172,6088.892322287588,59.00286058422989,64.79561541384282
"SARIMA(1,1,5)(1,0,0)[63]",9,1.6005272223759142,6039.183410578189,6039.27961581603,6089.039440041898,59.14997833853977,64.9427331681527
"SARIMA(1,1,5)(2,0,0)[21]",10,1.5999945681616041,6039.179565423955,6039.297212482778,6094.575153716965,59.1675750052882,70.4784468432199
"SARIMA(1,1,5)(1,0,1)[21]",10,1.6000024362662568,6039.2091652336585,6039.326812292482,6094.604753526669,59.19717481499174,70.50804665292344
"SARIMA(1,1,5)(0,0,2)[21]",10,1.6000148076897345,6039.255706528781,6039.3733535876045,6094.651294821791,59.24371611011429,70.55458794804599
"SARIMA(5,1,0)(0,0,1)[5]",8,1.6012323161222493,6039.835973251902,6039.912896328825,6084.152443886311,59.78325885133472,60.05573701256526
"SARIMA(1,1,4)(0,0,2)[63]",9,1.6007122649758276,6039.879540839063,6039.975746076904,6089.735570302772,59.84610859941404,65.63886342902697
"SARIMA(1,1,4)(1,0,1)[63]",9,1.6008351192122878,6040.341718476627,6040.437923714468,6090.197747940336,60.30828623697744,66.10104106659037
"SARIMA(1,1,4)(2,0,0)[63]",9,1.600856726966813,6040.423006849151,6040.5192120869915,6090.27903631286,60.389574609501324,66.18232943911426
"SARIMA(1,1,5)(0,0,2)[63]",10,1.6003272884702642,6040.4312592251335,6040.548906283957,6095.826847518144,60.41926880646679,71.73014064439849
"SARIMA(1,1,4)(2,0,1)[21]",10,1.6003811433924804,6040.633861442511,6040.751508501335,6096.029449735522,60.621871023844506,71.9327428617762
"SARIMA(1,1,4)(1,0,2)[21]",10,1.600382431663082,6040.638707916514,6040.756354975338,6096.034296209525,60.626717497847494,71.9375893357792
"SARIMA(1,1,5)(1,0,1)[63]",10,1.6004435493066118,6040.868632491473,6040.986279550297,6096.264220784484,60.85664207280661,72.16751391073831
"SARIMA(1,1,5)(2,0,0)[63]",10,1.600469735071512,6040.967143339029,6041.084790397852,6096.362731632039,60.9551529203618,72.2660247582935
"SARIMA(1,1,5)(2,0,1)[21]",11,1.5999864040525729,6041.148852045779,6041.290104052199,6102.0839991680905,61.16046657470906,77.98729229434502
"SARIMA(1,1,5)(1,0,2)[21]",11,1.5999867373609549,6041.150105951912,6041.291357958333,6102.085253074224,61.16172048084263,77.9885462004786
"SARIMA(1,1,4)(1,0,2)[63]",10,1.6006348732604747,6041.588393205906,6041.706040264729,6096.983981498916,61.5764027872392,72.8872746251709
"SARIMA(1,1,3)(2,0,1)[5]",9,1.6012199708750128,6041.789530431798,6041.885735669639,6091.645559895507,61.756098192148784,67.54885302176172
"SARIMA(1,1,4)(2,0,2)[63]",11,1.6001541935855872,6041.780076268979,6041.9213282754,6102.715223391291,61.79169079790972,78.61851651754569
"SARIMA(1,1,4)(2,0,1)[63]",10,1.6007370488043808,6041.972777602081,6042.090424660904,6097.368365895091,61.96078718341414,73.27165902134584
"SARIMA(1,1,3)(1,0,2)[5]",9,1.6012846065561843,6042.032689864365,6042.128895102206,6091.888719328074,61.99925762471594,67.79201245432887
"SARIMA(1,1,3)(1,0,1)[5]",8,1.6018492384213658,6042.156834941178,6042.233758018101,6086.473305575587,62.10412054061089,62.37659870184143
"SARIMA(1,1,5)(1,0,2)[63]",11,1.6002487824772533,6042.135919679427,6042.277171685848,6103.071066801739,62.14753420835768,78.97435992799365
"SARIMA(1,1,5)(2,0,2)[63]",12,1.5997557359600951,6042.281078681878,6042.448102236482,6108.75578463349,62.31846475899147,84.65907775974483
"SARIMA(1,1,5)(2,0,1)[63]",11,1.6003507461139226,6042.519506880577,6042.660758886997,6103.454654002889,62.53112140950725,79.35794712914321
"SARIMA(1,1,4)(2,0,2)[21]",11,1.6003786749407751,6042.624575127196,6042.765827133617,6103.559722249508,62.63618965612659,79.46301537576255
"SARIMA(1,1,5)(2,0,2)[21]",12,1.5999863805155166,6043.148763499374,6043.315787053977,6109.623469450986,63.18614957648697,85.52676257724033
"SARIMA(1,1,3)(1,0,0)[21]",7,1.6027350196869639,6043.489144062358,6043.548941179282,6082.266055867465,63.41930370179216,58.16934899371972
"SARIMA(1,1,3)(0,0,1)[21]",7,1.6027604511063558,6043.58481706211,6043.644614179035,6082.361728867218,63.51497670154458,58.265021993472146
"SARIMA(1,1,3)(2,0,2)[5]",10,1.6012748938955703,6043.996150835135,6044.113797893959,6099.391739128146,63.98416041646851,75.29503225440021
"SARIMA(1,1,3)",6,1.6034696915982884,6044.252979792761,6044.297803698844,6077.490332768567,64.16816622135411,53.393625894821525
"SARIMA(0,1,5)(0,0,2)[5]",9,1.6020817047209168,6045.031373160089,6045.12757839793,6094.887402623798,64.99794092043976,70.79069575005269
"SARIMA(1,1,3)(0,0,1)[63]",7,1.6031994604341435,6045.236370153248,6045.296167270172,6084.013281958355,65.16652979268201,59.916575084609576
"SARIMA(1,1,3)(1,0,0)[63]",7,1.6032430151631585,6045.400223043802,6045.460020160726,6084.177134848909,65.33038268323617,60.08042797516373
"SARIMA(1,1,3)(1,0,1)[21]",8,1.6027129641371876,6045.4061710841,6045.483094161023,6089.722641718508,65.35345668353239,65.62593484476292
"SARIMA(0,1,5)(1,0,2)[5]",10,1.6016391250841382,6045.366388566528,6045.484035625352,6100.761976859539,65.3543981478615,76.6652699857932
"SARIMA(1,1,3)(2,0,0)[21]",8,1.6027207930397158,6045.435623415411,6045.512546492334,6089.75209404982,65.38290901484379,65.65538717607433
"SARIMA(1,1,3)(0,0,2)[21]",8,1.602745522199614,6045.528654514948,6045.605577591871,6089.845125149357,65.47594011438105,65.74841827561158
"SARIMA(1,1,3)(0,0,1)[5]",7,1.6033822225157088,6045.923921104097,6045.983718221021,6084.700832909204,65.85408074353109,60.60412603545865
"SARIMA(1,1,3)(1,0,0)[5]",7,1.6033837225808125,6045.929564349017,6045.989361465941,6084.706476154124,65.85972398845115,60.609769280378714
"SARIMA(1,1,3)(0,0,2)[63]",8,1.6029954979887395,6046.469063433638,6046.545986510561,6090.785534068047,66.41634903307113,66.68882719430167
"SARIMA(1,1,3)(2,0,0)[63]",8,1.603154752561258,6047.068179135453,6047.145102212376,6091.384649769861,67.01546473488543,67.28794289611596
"SARIMA(1,1,3)(1,0,1)[63]",8,1.6031600387888307,6047.088065923581,6047.164989000504,6091.40453655799,67.03535152301356,67.3078296842441
"SARIMA(0,1,5)(2,0,2)[5]",11,1.601593436484785,6047.194508055762,6047.335760062182,6108.129655178073,67.20612258469191,84.03294830432787
"SARIMA(1,1,3)(1,0,2)[21]",9,1.6027048455083475,6047.375628802403,6047.471834040244,6097.231658266112,67.342196562754,73.13495139236693
"SARIMA(1,1,3)(2,0,1)[21]",9,1.6027053372964588,6047.377478909278,6047.473684147119,6097.233508372987,67.34404666962837,73.1368014992413
"SARIMA(1,1,3)(0,0,2)[5]",8,1.6032915067259892,6047.5826483031715,6047.659571380094,6091.89911893758,67.52993390260417,67.80241206383471
"SARIMA(1,1,3)(2,0,0)[5]",8,1.6033275234723465,6047.718143302967,6047.79506637989,6092.034613937376,67.66542890239998,67.93790706363052
"SARIMA(0,1,5)(2,0,1)[5]",10,1.6023786914666187,6048.14863729742,6048.266284356243,6103.54422559043,68.1366468787528,79.4475187166845
"SARIMA(1,1,3)(1,0,2)[63]",9,1.6029198411613739,6048.184442449088,6048.280647686929,6098.040471912797,68.15101020943894,73.94376503905187
"SARIMA(1,1,3)(2,0,2)[63]",10,1.6024635275616712,6048.467790687007,6048.585437745831,6103.863378980018,68.45580026834068,79.76667210627238
"SARIMA(0,1,5)(2,0,0)[5]",9,1.6030299456384913,6048.598655492005,6048.6948607298455,6098.454684955714,68.56522325235528,74.35797808196821
"SARIMA(1,1,3)(2,0,1)[63]",9,1.6030305967935177,6048.601105137213,6048.697310375054,6098.4571346009225,68.56767289756408,74.36042772717701
"SARIMA(1,1,3)(2,0,2)[21]",10,1.6027043772614993,6049.37386725776,6049.491514316584,6104.7694555507705,69.36187683909338,80.67274867702508
"SARIMA(0,1,5)(1,0,1)[5]",9,1.6033906125845379,6049.955484543031,6050.051689780872,6099.81151400674,69.92205230338186,75.71480713299479
"SARIMA(2,1,1)(2,0,2)[5]",9,1.6046389055655645,6054.651562737654,6054.747767975495,6104.507592201363,74.61813049800458,80.4108853276175
"SARIMA(0,1,5)(1,0,0)[5]",8,1.6052172828108644,6054.827417934472,6054.9043410113945,6099.14388856888,74.77470353390436,75.0471816951349
"SARIMA(2,1,1)(2,0,1)[5]",8,1.6052636132522848,6055.001713055096,6055.078636132019,6099.318183689505,74.94899865452862,75.22147681575916
"SARIMA(2,1,1)(1,0,2)[5]",8,1.6053553029012642,6055.346649514556,6055.423572591479,6099.6631201489645,75.29393511398848,75.56641327521902
"SARIMA(2,1,1)(1,0,1)[5]",7,1.606122896137651,6056.2343352698435,6056.294132386768,6095.011247074951,76.16449490927789,70.91454020120545
"SARIMA(5,1,0)(2,0,0)[5]",9,1.6054703309800507,6057.7793851469505,6057.875590384791,6107.63541461066,77.74595290730122,83.53870773691415
"SARIMA(2,1,1)(1,0,0)[21]",6,1.6072812659373528,6058.592122456321,6058.636946362404,6091.829475432127,78.50730888491398,67.7327685583814
"SARIMA(2,1,1)(0,0,1)[21]",6,1.6073083941159316,6058.694178664135,6058.739002570218,6091.931531639941,78.60936509272778,67.8348247661952
"SARIMA(2,1,1)",5,1.6078630581412083,6058.780824727226,6058.812824727226,6086.478618873731,78.68318724973597,62.38191199998528
"SARIMA(2,1,1)(0,0,1)[63]",6,1.6076441937088173,6059.957456732571,6060.002280638654,6093.194809708377,79.87264316116398,69.09810283463139
"SARIMA(2,1,1)(1,0,0)[63]",6,1.6077113828948206,6060.210222450315,6060.255046356398,6093.447575426121,80.12540887890827,69.35086855237569
"SARIMA(0,1,5)(0,0,1)[5]",8,1.606704226876714,6060.421301510198,6060.498224587121,6104.737772144606,80.36858710963043,80.64106527086096
"SARIMA(2,1,1)(1,0,1)[21]",7,1.60724891110163,6060.470403564332,6060.530200681256,6099.247315369439,80.40056320376607,75.15060849569363
"SARIMA(2,1,1)(0,0,1)[5]",6,1.6077948130428281,6060.524086667119,6060.568910573203,6093.761439642925,80.43927309571245,69.66473276917986
"SARIMA(2,1,1)(1,0,0)[5]",6,1.6078005239210862,6060.545570991127,6060.59039489721,6093.782923966933,80.46075741971981,69.68621709318722
"SARIMA(2,1,1)(2,0,0)[21]",7,1.6072684553881211,6060.543929170111,6060.603726287036,6099.320840975219,80.47408880954572,75.22413410147328
"SARIMA(2,1,1)(0,0,2)[21]",7,1.607298149850698,6060.655639738326,6060.71543685525,6099.432551543433,80.58579937775994,75.3358446696875
"SARIMA(4,1,0)(2,0,2)[5]",10,1.605754447254932,6060.848230573055,6060.965877631878,6116.243818866065,80.83624015438818,92.14711199231988
"SARIMA(2,1,1)(0,0,2)[63]",7,1.6073664223675794,6060.912480946834,6060.9722780637585,6099.689392751941,80.84264058626832,75.59268587819588
"SARIMA(0,1,2)(2,0,2)[5]",8,1.6068642996735718,6061.023495371977,6061.1004184489,6105.339966006386,80.97078097141002,81.24325913264056
"SARIMA(4,1,0)(2,0,1)[5]",9,1.606333560125811,6061.026853193302,6061.123058431142,6110.882882657011,80.99342095365228,86.78617578326521
"SARIMA(0,1,4)(2,0,2)[5]",10,1.6058401499895256,6061.1706442605955,6061.288291319419,6116.566232553606,81.15865384192875,92.46952567986045
"SARIMA(5,1,0)(1,0,0)[5]",8,1.6069347931495905,6061.2886918287595,6061.365614905682,6105.605162463168,81.2359774281922,81.50845558942274
"SARIMA(2,1,1)(1,0,1)[63]",7,1.60753913590105,6061.56222925975,6061.6220263766745,6100.339141064857,81.49238889918433,76.2424341911119
"SARIMA(0,1,4)(2,0,1)[5]",9,1.6064876541291893,6061.60655483401,6061.702760071851,6111.462584297719,81.57312259436094,87.36587742397387
"SARIMA(2,1,1)(2,0,0)[63]",7,1.607568292289527,6061.6719155932005,6061.731712710125,6100.448827398308,81.60207523263489,76.35212052456245
"SARIMA(0,1,2)(2,0,1)[5]",7,1.6075800826944586,6061.716271096553,6061.776068213478,6100.4931829016605,81.64643073598745,76.39647602791501
"SARIMA(4,1,0)(1,0,2)[5]",9,1.606508869569542,6061.686367320617,6061.782572558458,6111.542396784326,81.65293508096784,87.44568991058077
"SARIMA(2,1,1)(0,0,2)[5]",7,1.607645535519979,6061.962504626161,6062.022301743085,6100.739416431268,81.89266426559516,76.64270955752272
"SARIMA(2,1,1)(2,0,0)[5]",7,1.607694600723653,6062.1470879223825,6062.206885039307,6100.92399972749,82.07724756181688,76.82729285374444
"SARIMA(2,1,1)(1,0,2)[63]",8,1.6072132540620898,6062.336261781582,6062.413184858505,6106.652732415991,82.28354738101461,82.55602554224515
"SARIMA(2,1,0)(2,0,2)[5]",8,1.6072347241708502,6062.417032330739,6062.493955407662,6106.733502965148,82.36431793017164,82.63679609140218
"SARIMA(2,1,1)(2,0,1)[21]",8,1.607243059433675,6062.4483895894855,6062.525312666408,6106.764860223894,82.39567518891818,82.66815335014871
"SARIMA(2,1,1)(1,0,2)[21]",8,1.6072436841284692,6062.450739691301,6062.527662768224,6106.76721032571,82.39802529073404,82.67050345196458
"SARIMA(0,1,2)(1,0,2)[5]",7,1.6077953581258824,6062.5261372695695,6062.585934386494,6101.303049074677,82.45629690900387,77.20634220093143
"SARIMA(0,1,4)(1,0,2)[5]",9,1.6067746136071093,6062.686096389945,6062.782301627786,6112.542125853654,82.652664150296,88.44541897990894
"SARIMA(2,1,1)(2,0,2)[63]",9,1.60678812084808,6062.736910630478,6062.833115868319,6112.592940094187,82.70347839082842,88.49623322044135
"SARIMA(2,1,1)(2,0,1)[63]",8,1.6073446574707062,6062.830601404797,6062.9075244817195,6107.147072039205,82.77788700422934,83.05036516545988
"SARIMA(0,1,3)(2,0,2)[5]",9,1.6068141126130249,6062.8346916502,6062.9308968880405,6112.690721113909,82.8012594105503,88.59401424016323
"SARIMA(1,1,2)(2,0,2)[5]",9,1.6068371670402009,6062.921422405236,6063.017627643077,6112.777451868945,82.88799016558642,88.68074499519935
"SARIMA(2,1,0)(2,0,1)[5]",7,1.6079490417444136,6063.1042950424835,6063.164092159408,6101.881206847591,83.03445468191785,77.78449997384541
"SARIMA(0,1,3)(2,0,1)[5]",8,1.6075095513605477,6063.45093221838,6063.527855295303,6107.767402852789,83.39821781781302,83.67069597904356
"SARIMA(1,1,2)(2,0,1)[5]",8,1.6075403595279698,6063.566832544222,6063.643755621145,6107.883303178631,83.51411814365474,83.78659630488528
"SARIMA(3,1,0)(2,0,2)[5]",9,1.6070070334823545,6063.560459960618,6063.6566651984585,6113.416489424327,83.52702772096836,89.3197825505813
"SARIMA(2,1,0)(1,0,2)[5]",7,1.6081504300683958,6063.861917917305,6063.921715034229,6102.638829722412,83.79207755673906,78.54212284866662
"SARIMA(0,1,3)(1,0,2)[5]",8,1.6077059448831728,6064.189764650496,6064.266687727419,6108.5062352849045,84.1370502499285,84.40952841115904
"SARIMA(3,1,0)(2,0,1)[5]",8,1.6077215502271014,6064.248471954355,6064.325395031278,6108.564942588764,84.1957575537881,84.46823571501864
"SARIMA(1,1,2)(1,0,2)[5]",8,1.6077437569832866,6064.332013771124,6064.408936848047,6108.648484405533,84.27929937055706,84.5517775317876
"SARIMA(2,1,1)(2,0,2)[21]",9,1.6072416895326904,6064.443236021982,6064.5394412598225,6114.299265485691,84.40980378233235,90.20255861194528
"SARIMA(4,1,0)(1,0,0)[21]",7,1.6083558668376539,6064.634771043254,6064.694568160178,6103.411682848361,84.5649306826881,79.31497597461566
"SARIMA(4,1,0)(0,0,1)[21]",7,1.6083881283121229,6064.756138710206,6064.8159358271305,6103.533050515313,84.68629834964031,79.43634364156787
"SARIMA(3,1,0)(1,0,2)[5]",8,1.6079263563620652,6065.018952634089,6065.095875711012,6109.335423268498,84.96623823352184,85.23871639475237
"SARIMA(1,1,1)(2,0,2)[5]",8,1.6079351840436713,6065.052162372292,6065.1290854492145,6109.3686330067,84.9994479717243,85.27192613295483
"SARIMA(5,1,0)(1,0,0)[21]",8,1.607958211621446,6065.138792119879,6065.215715196802,6109.455262754288,85.08607771931202,85.35855588054255
"SARIMA(5,1,0)(0,0,1)[21]",8,1.607988327951921,6065.252089755127,6065.32901283205,6109.568560389535,85.19937535455938,85.47185351578992
"SARIMA(0,1,2)(1,0,0)[21]",5,1.6096416221182288,6065.471782408777,6065.503782408777,6093.169576555281,85.37414493128654,69.07286968153585
"SARIMA(0,1,2)(0,0,1)[21]",5,1.6096796193338356,6065.614727933889,6065.646727933889,6093.312522080394,85.51709045639927,69.21581520664859
"SARIMA(1,1,1)(2,0,1)[5]",7,1.6086584119528164,6065.7729457664955,6065.83274288342,6104.549857571603,85.70310540592982,80.45315069785738
"SARIMA(4,1,0)(1,0,1)[5]",8,1.6082136530830013,6066.099762898251,6066.176685975174,6110.41623353266,86.04704849768405,86.31952665891458
"SARIMA(2,1,0)(1,0,0)[21]",5,1.609910935945695,6066.484941027704,6066.516941027704,6094.182735174209,86.3873035502138,70.08602830046311
"SARIMA(4,1,0)(2,0,0)[21]",8,1.6083189308885,6066.495818002537,6066.57274107946,6110.812288636946,86.4431036019696,86.71558176320013
"SARIMA(4,1,0)",6,1.60940501766485,6066.5816764551655,6066.626500361249,6099.819029430972,86.4968628837587,75.72232255722611
"SARIMA(4,1,0)(1,0,1)[21]",8,1.6083360904707544,6066.5603723509785,6066.637295427901,6110.876842985387,86.50765795041116,86.7801361116417
"SARIMA(2,1,0)(0,0,1)[21]",5,1.609949248640903,6066.629073387077,6066.6610733870775,6094.326867533582,86.53143590958734,70.23016065983666
"SARIMA(1,1,1)(1,0,2)[5]",7,1.6088794908675095,6066.60464464357,6066.664441760495,6105.381556448678,86.53480428300463,81.2848495749322
"SARIMA(4,1,0)(0,0,2)[21]",8,1.608348375038373,6066.606586894359,6066.683509971282,6110.9230575287675,86.55387249379146,86.826350655022
"SARIMA(0,1,3)(1,0,0)[21]",6,1.609424075649002,6066.653372591545,6066.6981964976285,6099.890725567351,86.56855902013831,75.79401869360572
"SARIMA(0,1,3)(0,0,1)[21]",6,1.6094625956888347,6066.798284981396,6066.8431088874795,6100.035637957202,86.71347140998932,75.93893108345674
"SARIMA(0,1,4)(1,0,0)[21]",7,1.6089465385214354,6066.85687791764,6066.916675034565,6105.633789722748,86.78703755707465,81.53708284900222
"SARIMA(1,1,2)(1,0,0)[21]",6,1.609505903469199,6066.961208851127,6067.00603275721,6100.198561826933,86.87639527971987,76.10185495318728
"SARIMA(5,1,0)",7,1.6089768520106884,6066.97091726421,6067.030714381134,6105.747829069317,86.90107690364403,81.65112219557159
"SARIMA(0,1,4)(0,0,1)[21]",7,1.6089793042195322,6066.98014247388,6067.039939590804,6105.757054278987,86.91030211331417,81.66034740524174
"SARIMA(5,1,0)(2,0,0)[21]",9,1.6079213291322905,6067.000040195677,6067.096245433518,6116.856069659386,86.96660795602747,92.7593627856404
"SARIMA(1,1,2)(0,0,1)[21]",6,1.6095436921324258,6067.103369802186,6067.148193708269,6100.340722777992,87.01855623077881,76.24401590424623
"SARIMA(5,1,0)(1,0,1)[21]",9,1.6079419121252876,6067.077473415332,6067.173678653173,6116.933502879041,87.04404117568265,92.83679600529558
"SARIMA(5,1,0)(0,0,2)[21]",9,1.6079474021259061,6067.098126797659,6067.194332035499,6116.954156261368,87.06469455800925,92.85744938762218
"SARIMA(0,1,2)(2,0,0)[21]",6,1.6095981275650786,6067.308155899826,6067.352979805909,6100.545508875632,87.22334232841877,76.44880200188618
"SARIMA(0,1,2)(1,0,1)[21]",6,1.609616934725013,6067.378908435499,6067.423732341583,6100.6162614113055,87.29409486409259,76.51955453756
"SARIMA(0,1,2)(0,0,2)[21]",6,1.6096297907356472,6067.4272727475045,6067.472096653588,6100.664625723311,87.34245917609769,76.5679188495651
"SARIMA(0,1,2)",4,1.6107311994750086,6067.570772424982,6067.592094386603,6089.729007742187,87.46245690911292,65.63230086844123
"SARIMA(4,1,0)(0,0,1)[63]",7,1.6091597793148757,6067.659089782563,6067.718886899487,6106.43600158767,87.58924942199701,82.33929471392457
"SARIMA(1,1,0)(2,0,2)[5]",7,1.6091914086038095,6067.778079167531,6067.837876284456,6106.554990972639,87.70823880696571,82.45828409889327
"SARIMA(3,1,0)(1,0,0)[21]",6,1.6097322118181832,6067.812580860005,6067.857404766089,6101.049933835811,87.72776728859844,76.95322696206586
"SARIMA(4,1,0)(1,0,0)[63]",7,1.6091967205855733,6067.798062842927,6067.857859959851,6106.574974648034,87.72822248236116,82.47826777428872
"SARIMA(3,1,0)(0,0,1)[21]",6,1.6097680815706232,6067.947522868684,6067.992346774768,6101.18487584449,87.86270929727743,77.08816897074485
"SARIMA(0,1,2)(1,0,1)[5]",6,1.609791590074994,6068.035961862127,6068.08078576821,6101.273314837933,87.95114829072008,77.1766079641875
"SARIMA(5,1,0)(0,0,1)[63]",8,1.6087468458191827,6068.105633971765,6068.182557048688,6112.422104606174,88.05291957119789,88.32539773242843
"SARIMA(2,1,0)(2,0,0)[21]",6,1.6098521813847315,6068.26390636936,6068.308730275443,6101.501259345166,88.17909279795276,77.40455247142017
"SARIMA(5,1,0)(1,0,0)[63]",8,1.6087830324957706,6068.241768249089,6068.3186913260115,6112.558238883497,88.18905384852133,88.46153200975186
"SARIMA(2,1,0)(1,0,1)[21]",6,1.6098833489165183,6068.381158623942,6068.425982530025,6101.618511599748,88.29634505253489,77.5218047260023
"SARIMA(2,1,0)(0,0,2)[21]",6,1.6098833889961215,6068.381309403409,6068.426133309493,6101.6186623792155,88.29649583200262,77.52195550547003
"SARIMA(4,1,0)(0,0,1)[5]",7,1.6093586087528051,6068.4070861280525,6068.466883244977,6107.18399793316,88.33724576748682,83.08729105941438
"SARIMA(4,1,0)(1,0,0)[5]",7,1.6093631447173837,6068.4241504267975,6068.483947543722,6107.201062231905,88.35431006623185,83.10435535815941
"SARIMA(0,1,3)(2,0,0)[21]",7,1.609371248763173,6068.454637847057,6068.514434963981,6107.231549652164,88.38479748649115,83.13484277841872
"SARIMA(2,1,0)",4,1.6109858392047645,6068.528727088324,6068.550049049944,6090.686962405528,88.42041157245421,66.59025553178253
"SARIMA(4,1,0)(2,0,1)[21]",9,1.6083111290445753,6068.466467465692,6068.562672703533,6118.3224969294015,88.4330352260431,94.22579005565603
"SARIMA(4,1,0)(1,0,2)[21]",9,1.6083134263377175,6068.475109882493,6068.571315120334,6118.331139346202,88.44167764284339,94.23443247245632
"SARIMA(0,1,3)(1,0,1)[21]",7,1.6093971002063108,6068.551890976141,6068.611688093066,6107.328802781249,88.48205061557564,83.23209590750321
"SARIMA(4,1,0)(2,0,0)[5]",8,1.6088614786535473,6068.536882694645,6068.613805771568,6112.853353329054,88.48416829407779,88.75664645530833
"SARIMA(1,1,0)(2,0,1)[5]",6,1.609937148137976,6068.583551295066,6068.6283752011495,6101.820904270872,88.49873772365936,77.72419739712677
"SARIMA(0,1,3)(0,0,2)[21]",7,1.6094036897033575,6068.57668066403,6068.636477780955,6107.353592469138,88.50684030346474,83.2568855953923
"SARIMA(0,1,2)(0,0,1)[63]",5,1.6104808735715312,6068.629046376101,6068.661046376101,6096.326840522605,88.53140889861061,72.23013364885992
"SARIMA(4,1,0)(0,0,2)[5]",8,1.6088748487213225,6068.587180889615,6068.664103966538,6112.903651524024,88.5344664890481,88.80694465027864
"SARIMA(0,1,3)",5,1.6104950410929606,6068.682344591718,6068.714344591718,6096.380138738223,88.58470711422797,72.28343186447728
"SARIMA(0,1,5)(1,0,0)[21]",8,1.6089073242794445,6068.70935393927,6068.786277016193,6113.025824573679,88.65663953870262,88.92911769993316
"SARIMA(2,1,0)(1,0,1)[5]",6,1.60998081759797,6068.747835803563,6068.792659709647,6101.985188779369,88.66302223215644,77.88848190562385
"SARIMA(0,1,4)(2,0,0)[21]",8,1.6089109516795508,6068.72300021847,6068.799923295393,6113.039470852878,88.67028581790237,88.9427639791329
"SARIMA(0,1,2)(1,0,0)[63]",5,1.6105180514727107,6068.768909640337,6068.8009096403375,6096.466703786842,88.67127216284734,72.36999691309666
"SARIMA(1,1,2)(2,0,0)[21]",7,1.6094559300662055,6068.773208909065,6068.83300602599,6107.550120714172,88.70336854849938,83.45341384042695
"SARIMA(0,1,4)(1,0,1)[21]",8,1.6089284702367757,6068.78890503075,6068.865828107673,6113.105375665159,88.73619063018305,89.00866879141358
"SARIMA(0,1,5)(0,0,1)[21]",8,1.6089381613825806,6068.825363121268,6068.902286198191,6113.141833755677,88.772648720701,89.04512688193154
"SARIMA(0,1,3)(1,0,1)[5]",7,1.6094762164343663,6068.849526226086,6068.90932334301,6107.626438031193,88.77968586552015,83.52973115744771
"SARIMA(0,1,4)(0,0,2)[21]",8,1.6089408878302267,6068.835620017313,6068.912543094236,6113.152090651722,88.78290561674567,89.0553837779762
"SARIMA(1,1,2)(1,0,1)[21]",7,1.6094805430017953,6068.865802772754,6068.925599889679,6107.642714577862,88.7959624121886,83.54600770411616
"SARIMA(1,1,2)(0,0,2)[21]",7,1.6094872568601237,6068.891060307786,6068.95085742471,6107.667972112893,88.82121994722002,83.57126523914758
"SARIMA(0,1,4)",6,1.6100279294024904,6068.925070412169,6068.969894318252,6102.162423387975,88.84025684076187,78.06571651422928
"SARIMA(1,1,2)",5,1.6105827295853574,6069.012228700115,6069.044228700115,6096.71002284662,88.91459122262495,72.61331597287426
"SARIMA(0,1,2)(0,0,1)[5]",5,1.6105907909622752,6069.042555600079,6069.074555600079,6096.740349746584,88.94491812258912,72.64364287283843
"SARIMA(5,1,0)(2,0,1)[21]",10,1.6079155708061343,6068.978377372678,6069.096024431501,6124.373965665688,88.96638695401089,100.27725879194259
"SARIMA(5,1,0)(1,0,2)[21]",10,1.6079171782403436,6068.984424540173,6069.102071598996,6124.380012833183,88.97243412150601,100.28330595943771
"SARIMA(0,1,2)(1,0,0)[5]",5,1.6106022138923637,6069.085528663072,6069.117528663072,6096.783322809577,88.98789118558216,72.68661593583147
"SARIMA(0,1,2)(2,0,0)[5]",6,1.6101160652144504,6069.256637336763,6069.301461242846,6102.493990312569,89.17182376535584,78.39728343882325
"SARIMA(1,1,2)(1,0,1)[5]",7,1.6095829751245985,6069.251152418739,6069.310949535664,6108.028064223847,89.18131205817372,83.93135735010128
"SARIMA(0,1,2)(2,0,1)[21]",7,1.609588001545562,6069.270061814404,6069.329858931328,6108.046973619511,89.20022145383791,83.95026674576548
"SARIMA(0,1,2)(1,0,2)[21]",7,1.6095880923375478,6069.270403373855,6069.330200490779,6108.047315178962,89.20056301328896,83.95060830521652
"SARIMA(4,1,0)(0,0,2)[63]",8,1.6090539384844933,6069.2609165786635,6069.337839655586,6113.577387213072,89.20820217809614,89.48068033932668
"SARIMA(0,1,4)(2,0,0)[5]",8,1.6090777591171337,6069.350529798657,6069.42745287558,6113.667000433065,89.29781539808937,89.57029355931991
"SARIMA(0,1,2)(0,0,2)[5]",6,1.6101623999093853,6069.430948459108,6069.475772365191,6102.668301434914,89.34613488770083,78.57159456116824
"SARIMA(4,1,0)(1,0,1)[63]",8,1.6091018075965844,6069.441000178351,6069.517923255274,6113.7574708127595,89.3882857777835,89.66076393901403
"SARIMA(1,1,0)(1,0,2)[5]",6,1.610200744818818,6069.575202008394,6069.620025914477,6102.8125549842,89.4903884369869,78.71584811045432
"SARIMA(2,1,0)(0,0,1)[63]",5,1.610740920545285,6069.607343091362,6069.639343091362,6097.305137237867,89.50970561387203,73.20843036412134
"SARIMA(3,1,0)(2,0,0)[21]",7,1.6096853343032873,6069.636227648967,6069.696024765892,6108.413139454075,89.56638728840153,84.31643258032909
"SARIMA(0,1,4)(0,0,1)[5]",7,1.6096886557098533,6069.648722780468,6069.708519897393,6108.425634585576,89.57888241990258,84.32892771183015
"SARIMA(4,1,0)(2,0,0)[63]",8,1.6091689874236974,6069.69373068795,6069.770653764873,6114.010201322359,89.64101628738263,89.91349444861316
"SARIMA(2,1,0)(1,0,0)[63]",5,1.6107777705503175,6069.745972810294,6069.777972810294,6097.443766956799,89.64833533280398,73.3470600830533
"SARIMA(3,1,0)(1,0,1)[21]",7,1.6097093142560963,6069.726440231434,6069.786237348359,6108.503352036541,89.65659987086838,84.40664516279594
"SARIMA(5,1,0)(0,0,2)[63]",9,1.6086390631008616,6069.700155385442,6069.796360623282,6119.556184849151,89.66672314579228,95.4594779754052
"SARIMA(3,1,0)(0,0,2)[21]",7,1.6097143143975963,6069.745250763757,6069.805047880682,6108.522162568865,89.67541040319156,84.42545569511913
"SARIMA(0,1,3)(0,0,1)[63]",6,1.6102523661458428,6069.769401440661,6069.814225346744,6103.006754416467,89.68458786925385,78.91004754272126
"SARIMA(0,1,4)(1,0,0)[5]",7,1.6097204432257526,6069.768307415281,6069.8281045322055,6108.545219220388,89.69846705471537,84.44851234664293
"SARIMA(3,1,0)",5,1.6108003461371856,6069.8309021680925,6069.862902168093,6097.528696314597,89.73326469060248,73.4319894408518
"SARIMA(0,1,4)(0,0,2)[5]",8,1.6092057687374655,6069.832101990345,6069.909025067268,6114.148572624754,89.7793875897778,90.05186575100834
"SARIMA(0,1,3)(1,0,0)[63]",6,1.6102904034631913,6069.912497828525,6069.957321734609,6103.149850804331,89.82768425711856,79.05314393058597
"SARIMA(5,1,0)(1,0,1)[63]",9,1.6086878122545716,6069.883549701698,6069.979754939539,6119.739579165407,89.85011746204873,95.64287229166166
"SARIMA(1,1,1)(1,0,0)[21]",5,1.610841819373956,6069.986924484822,6070.0189244848225,6097.684718631327,89.88928700733231,73.58801175758163
"SARIMA(3,1,0)(1,0,1)[5]",7,1.609775895291285,6069.976918085815,6070.036715202739,6108.753829890922,89.90707772524911,84.65712301717667
"SARIMA(0,1,4)(0,0,1)[63]",7,1.609780219889208,6069.9931872232,6070.052984340125,6108.770099028307,89.92334686263439,84.67339215456195
"SARIMA(0,1,4)(1,0,1)[5]",8,1.6092601050992763,6070.036515383477,6070.1134384604,6114.352986017886,89.98380098291,90.25627914414054
"SARIMA(1,1,2)(0,0,1)[63]",6,1.6103373523341378,6070.0891194810265,6070.13394338711,6103.326472456833,90.00430590961969,79.2297655830871
"SARIMA(1,1,1)(0,0,1)[21]",5,1.610876661370936,6070.118000077461,6070.150000077461,6097.815794223966,90.02036259997112,73.71908735022043
"SARIMA(0,1,4)(1,0,0)[63]",7,1.6098169263340996,6070.131276868882,6070.191073985807,6108.90818867399,90.06143650831655,84.81148180024411
"SARIMA(5,1,0)(2,0,0)[63]",9,1.60875557017556,6070.138455000457,6070.234660238298,6119.994484464166,90.10502276080751,95.89777759042045
"SARIMA(0,1,2)(0,0,2)[63]",6,1.610364413335896,6070.190922969641,6070.2357468757245,6103.428275945447,90.10610939823437,79.33156907170178
"SARIMA(2,1,0)(0,0,1)[5]",5,1.6108995595919406,6070.204143184881,6070.236143184881,6097.901937331386,90.10650570739108,73.80523045764039
"SARIMA(2,1,0)(1,0,0)[5]",5,1.610907246624179,6070.2330618001615,6070.265061800162,6097.930855946666,90.1354243226715,73.83414907292081
"SARIMA(1,1,2)(1,0,0)[63]",6,1.610374182319143,6070.227673884617,6070.2724977907,6103.465026860423,90.1428603132099,79.3683199866773
"SARIMA(2,1,0)(2,0,1)[21]",7,1.609842540530958,6070.227637477464,6070.287434594388,6109.004549282571,90.15779711689811,84.90784240882567
"SARIMA(2,1,0)(1,0,2)[21]",7,1.6098428039689638,6070.228628531242,6070.288425648167,6109.005540336349,90.15878817067642,84.90883346260398
"SARIMA(0,1,3)(0,0,1)[5]",6,1.6104202480614096,6070.400973207023,6070.445797113106,6103.638326182829,90.3161596356158,79.54161930908322
"SARIMA(0,1,2)(1,0,1)[63]",6,1.6104233352765605,6070.41258731042,6070.457411216504,6103.649940286226,90.32777373901354,79.55323341248095
"SARIMA(0,1,3)(1,0,0)[5]",6,1.6104271437684172,6070.4269148567855,6070.471738762869,6103.664267832592,90.3421012853787,79.56756095884612
"SARIMA(0,1,3)(2,0,1)[21]",8,1.6093610349730763,6070.416213568713,6070.493136645636,6114.732684203122,90.36349916814561,90.63597732937615
"SARIMA(0,1,3)(1,0,2)[21]",8,1.609361733418226,6070.418841119366,6070.495764196289,6114.735311753775,90.36612671879902,90.63860488002956
"SARIMA(4,1,0)(2,0,2)[21]",10,1.6083071203210302,6070.4513866477155,6070.569033706539,6125.846974940726,90.43939622904873,101.75026806698042
"SARIMA(2,1,0)(2,0,0)[5]",6,1.6104611791174201,6070.554955839734,6070.599779745818,6103.79230881554,90.47014226832744,79.69560194179485
"SARIMA(0,1,2)(2,0,0)[63]",6,1.6104843316488318,6070.6420556629055,6070.686879568989,6103.8794086387115,90.55724209149867,79.78270176496608
"SARIMA(0,1,5)(2,0,0)[21]",9,1.60887733218621,6070.596523684522,6070.692728922363,6120.452553148231,90.56309144487295,96.35584627448588
"SARIMA(1,1,2)(0,0,1)[5]",6,1.610489201729861,6070.660376907737,6070.705200813821,6103.897729883543,90.57556333633056,79.80102300979797
"SARIMA(2,1,0)(0,0,2)[5]",6,1.6104901095682096,6070.663792195604,6070.708616101688,6103.9011451714105,90.57897862419759,79.804438297665
"SARIMA(1,1,2)(1,0,0)[5]",6,1.6104973920586323,6070.691188924575,6070.736012830658,6103.928541900381,90.606375353168,79.83183502663542
"SARIMA(0,1,5)(1,0,1)[21]",9,1.6088922409866102,6070.652610591627,6070.748815829468,6120.508640055336,90.61917835197801,96.41193318159094
"SARIMA(0,1,4)(2,0,1)[21]",9,1.608904020046435,6070.696923414689,6070.79312865253,6120.552952878398,90.66349117503978,96.45624600465271
"SARIMA(0,1,5)(0,0,2)[21]",9,1.6089054499830933,6070.7023028363965,6070.798508074237,6120.558332300106,90.66887059674718,96.46162542636011
"SARIMA(0,1,4)(1,0,2)[21]",9,1.6089065182398723,6070.7063216184,6070.802526856241,6120.562351082109,90.67288937875037,96.4656442083633
"SARIMA(1,1,2)(2,0,1)[21]",8,1.6094463501879626,6070.737169407115,6070.814092484038,6115.053640041524,90.68445500654798,90.95693316777852
"SARIMA(1,1,2)(1,0,2)[21]",8,1.609446695341944,6070.738467876393,6070.815390953316,6115.054938510802,90.68575347582555,90.95823163705609
"SARIMA(0,1,3)(2,0,0)[5]",7,1.609986177606076,6070.7680001540575,6070.827797270982,6109.544911959165,90.69815979349187,85.44820508541943
"SARIMA(0,1,5)",7,1.609988997615012,6070.778609027675,6070.8384061445995,6109.555520832782,90.70876866710933,85.45881395903689
"SARIMA(0,1,3)(0,0,2)[5]",7,1.6100130558461734,6070.869116093304,6070.9289132102285,6109.646027898411,90.79927573273835,85.54932102466591
"SARIMA(3,1,0)(0,0,1)[63]",6,1.610557476924217,6070.917228188904,6070.9620520949875,6104.15458116471,90.8324146174973,80.05787429096472
"SARIMA(4,1,0)(1,0,2)[63]",9,1.6089606123287201,6070.909823580645,6071.006028818486,6120.765853044354,90.87639134099572,96.66914617060866
"SARIMA(1,1,2)(2,0,0)[5]",7,1.6100423617747195,6070.979364996495,6071.0391621134195,6109.756276801602,90.9095246359293,85.65956992785686
"SARIMA(3,1,0)(1,0,0)[63]",6,1.6105933274900244,6071.0520980174715,6071.096921923555,6104.289450993278,90.9672844460647,80.19274411953211
"SARIMA(5,1,0)(2,0,2)[21]",11,1.6079140315191172,6070.972586574919,6071.113838581339,6131.9077336972305,90.98420110384905,107.81102682348501
"SARIMA(1,1,2)(0,0,2)[5]",7,1.6100760866668948,6071.106238040858,6071.166035157783,6109.883149845966,91.0363976802928,85.78644297222036
"SARIMA(4,1,0)(2,0,2)[63]",10,1.6084723725636692,6071.073065584524,6071.190712643347,6126.468653877534,91.06107516585689,102.37194700378859
"SARIMA(2,1,0)(0,0,2)[63]",6,1.6106354606156792,6071.210602836185,6071.255426742268,6104.447955811991,91.12578926477818,80.35124893824559
"SARIMA(4,1,0)(2,0,1)[63]",9,1.609043192733398,6071.220491063043,6071.316696300883,6121.076520526752,91.18705882339327,96.9798136530062
"SARIMA(0,1,2)(2,0,2)[21]",8,1.6095879645734192,6071.269922725203,6071.346845802126,6115.586393359612,91.21720832463598,91.48968648586651
"SARIMA(2,1,0)(1,0,1)[63]",6,1.6106819539944237,6071.385510927022,6071.430334833105,6104.622863902828,91.30069735561483,80.52615702908224
"SARIMA(0,1,3)(0,0,2)[63]",7,1.610148777631331,6071.379701449067,6071.439498565992,6110.156613254175,91.30986108850175,86.05990638042931
"SARIMA(5,1,0)(1,0,2)[63]",10,1.6085457257885074,6071.3490204163645,6071.466667475188,6126.744608709375,91.33702999769775,102.64790183562945
"SARIMA(3,1,0)(0,0,1)[5]",6,1.6107112364237106,6071.495671426,6071.540495332083,6104.733024401806,91.4108578545929,80.63631752806032
"SARIMA(5,1,0)(2,0,2)[63]",11,1.6080281173874584,6071.401777611619,6071.543029618039,6132.336924733931,91.41339214054915,108.24021786018511
"SARIMA(3,1,0)(1,0,0)[5]",6,1.6107193108557039,6071.526047439158,6071.570871345241,6104.763400414964,91.44123386775118,80.66669354121859
"SARIMA(0,1,3)(1,0,1)[63]",7,1.6101896119664703,6071.533320217861,6071.593117334785,6110.310232022968,91.46347985729517,86.21352514922273
"SARIMA(0,1,4)(0,0,2)[63]",8,1.6096650111835786,6071.559772072623,6071.636695149546,6115.876242707031,91.50705767205545,91.77953583328599
"SARIMA(3,1,0)(1,0,2)[21]",8,1.6096767181772136,6071.603813782677,6071.6807368596,6115.920284417086,91.5510993821099,91.82357754334043
"SARIMA(3,1,0)(2,0,1)[21]",8,1.609676853373529,6071.604322391217,6071.681245468139,6115.920793025625,91.55160799064925,91.82408615187978
"SARIMA(2,1,0)(2,0,0)[63]",6,1.6107502111692291,6071.64229441864,6071.687118324723,6104.879647394446,91.55748084723291,80.78294052070032
"SARIMA(1,1,2)(0,0,2)[63]",7,1.610229515144688,6071.683435974316,6071.743233091241,6110.4603477794235,91.61359561375048,86.36364090567804
"SARIMA(5,1,0)(2,0,1)[63]",10,1.6086308346276894,6071.669199869368,6071.786846928191,6127.064788162378,91.65720945070098,102.96808128863267
"SARIMA(3,1,0)(2,0,0)[5]",7,1.6102542656538068,6071.776547389622,6071.836344506546,6110.553459194729,91.7067070290559,86.45675232098347
"SARIMA(1,1,1)(2,0,0)[21]",6,1.6107908794776855,6071.795288595053,6071.840112501136,6105.032641570859,91.71047502364581,80.93593469711323
"SARIMA(1,1,1)",4,1.6118615564170962,6071.823175241116,6071.844497202736,6093.98141055832,91.71485972524624,69.88470368457456
"SARIMA(0,1,4)(1,0,1)[63]",8,1.6097242991598633,6071.782813439406,6071.859736516329,6116.0992840738145,91.73009903883849,92.00257720006903
"SARIMA(0,1,3)(2,0,0)[63]",7,1.6102639940018064,6071.813145434796,6071.87294255172,6110.590057239903,91.7433050742302,86.49335036615776
"SARIMA(0,1,2)(1,0,2)[63]",7,1.610267267247878,6071.825459386517,6071.885256503441,6110.602371191624,91.75561902595109,86.50566431787865
"SARIMA(1,1,2)(1,0,1)[63]",7,1.6102789643034536,6071.869463709592,6071.929260826517,6110.6463755147,91.79962334902666,86.54966864095422
"SARIMA(1,1,1)(1,0,1)[21]",6,1.6108181388961056,6071.897838527149,6071.942662433233,6105.135191502955,91.81302495574255,81.03848462920996
"SARIMA(0,1,5)(0,0,1)[63]",8,1.6097470461137822,6071.868387480048,6071.945310556971,6116.184858114457,91.8156730794808,92.08815124071134
"SARIMA(1,1,1)(0,0,2)[21]",6,1.610819118447538,6071.901523599638,6071.946347505721,6105.138876575444,91.81671002823077,81.04216970169819
"SARIMA(3,1,0)(0,0,2)[5]",7,1.6102848346791994,6071.891548063148,6071.951345180072,6110.668459868255,91.82170770258199,86.57175299450955
"SARIMA(0,1,5)(1,0,0)[63]",8,1.6097831858919052,6072.0043453253475,6072.08126840227,6116.320815959756,91.95163092478015,92.22410908601069
"SARIMA(0,1,4)(2,0,0)[63]",8,1.6097835533541673,6072.005727718378,6072.082650795301,6116.3221983527865,91.95301331781047,92.22549147904101
"SARIMA(0,1,2)(2,0,2)[63]",8,1.6097871691910628,6072.019330496778,6072.096253573701,6116.335801131187,91.9666160962106,92.23909425744114
"SARIMA(1,1,2)(2,0,0)[63]",7,1.6103455623712895,6072.120005640791,6072.179802757715,6110.896917445898,92.05016528022497,86.80021057215254
"SARIMA(0,1,2)(2,0,1)[63]",7,1.6103548326591237,6072.154880463623,6072.214677580548,6110.9317922687305,92.08504010305751,86.83508539498507
"SARIMA(2,1,0)(2,0,2)[21]",8,1.609842525236953,6072.227579941417,6072.30450301834,6116.544050575826,92.17486554085008,92.44734370208062
"SARIMA(1,1,1)(1,0,1)[5]",6,1.6109360825764203,6072.341542652493,6072.386366558577,6105.5788956282995,92.25672908108663,81.48218875455404
"SARIMA(0,1,3)(2,0,2)[21]",9,1.6093609627062,6072.415941700724,6072.512146938565,6122.271971164433,92.38250946107473,98.17526429068766
"SARIMA(3,1,0)(0,0,2)[63]",7,1.6104424538046291,6072.484511213015,6072.54430832994,6111.2614230181225,92.41467085244949,87.16471614437705
"SARIMA(0,1,5)(2,0,1)[21]",10,1.608871488038651,6072.574538001405,6072.692185060228,6127.970126294415,92.56254758273826,103.87341942066996
"SARIMA(0,1,5)(1,0,2)[21]",10,1.6088737857783992,6072.583182098338,6072.700829157161,6127.978770391348,92.57119167967085,103.88206351760255
"SARIMA(3,1,0)(1,0,1)[63]",7,1.6105007546630503,6072.703839042395,6072.7636361593195,6111.480750847502,92.63399868182933,87.38404397375689
"SARIMA(0,1,4)(2,0,2)[21]",10,1.608899000056119,6072.678038211119,6072.795685269943,6128.07362650413,92.66604779245245,103.97691963038415
"SARIMA(1,1,2)(2,0,2)[21]",9,1.6094463501531096,6072.737169275998,6072.833374513839,6122.593198739707,92.70373703634868,98.49649186596162
"SARIMA(2,1,0)(1,0,2)[63]",7,1.6105389105105583,6072.84738134072,6072.9071784576445,6111.624293145827,92.7775409801543,87.52758627208186
"SARIMA(1,1,1)(0,0,1)[63]",5,1.611629963052682,6072.95192100419,6072.98392100419,6100.649715150695,92.85428352669987,76.55300827694919
"SARIMA(3,1,0)(2,0,0)[63]",7,1.6105602948615227,6072.927829269049,6072.987626385973,6111.704741074156,92.8579889084831,87.60803420041066
"SARIMA(0,1,3)(1,0,2)[63]",8,1.6100481098672101,6073.000989320444,6073.077912397367,6117.317459954853,92.9482749198769,93.22075308110743
"SARIMA(1,1,1)(1,0,0)[63]",5,1.6116632610520947,6073.07718807798,6073.10918807798,6100.774982224485,92.97955060049026,76.67827535073957
"SARIMA(2,1,0)(2,0,2)[63]",8,1.6100571227864575,6073.034895922653,6073.111818999576,6117.351366557062,92.98218152208574,93.25465968331628
"SARIMA(0,1,1)(2,0,2)[5]",7,1.6106057717203603,6073.098913211996,6073.15871032892,6111.875825017103,93.0290728514301,87.77911814335766
"SARIMA(2,1,0)(2,0,1)[63]",7,1.6106221342530311,6073.160469059903,6073.220266176828,6111.937380865011,93.09062869933769,87.84067399126525
"SARIMA(0,1,3)(2,0,2)[63]",9,1.6095591626147454,6073.161569756672,6073.257774994513,6123.017599220381,93.12813751702288,98.92089234663581
"SARIMA(0,1,4)(1,0,2)[63]",9,1.6095721542219263,6073.210444182887,6073.306649420728,6123.066473646596,93.17701194323763,98.96976677285056
"SARIMA(1,1,1)(0,0,1)[5]",5,1.611731381501554,6073.333457208846,6073.365457208846,6101.031251355351,93.23581973135606,76.93454448160537
"SARIMA(0,1,3)(2,0,1)[63]",8,1.6101311835781886,6073.3135126211455,6073.390435698068,6117.629983255554,93.26079822057818,93.53327638180872
"SARIMA(1,1,2)(1,0,2)[63]",8,1.6101331024342591,6073.320731357683,6073.397654434606,6117.637201992092,93.26801695711583,93.54049511834637
"SARIMA(1,1,1)(1,0,0)[5]",5,1.611742519758781,6073.375359332534,6073.407359332534,6101.073153479038,93.27772185504364,76.97644660529295
"SARIMA(0,1,5)(0,0,2)[63]",9,1.6096245687519717,6073.407627644918,6073.503832882759,6123.263657108627,93.37419540526844,99.16695023488137
"SARIMA(0,1,4)(2,0,2)[63]",10,1.6090961190412598,6073.41959983322,6073.537246892043,6128.81518812623,93.40760941455301,104.71848125248471
"SARIMA(1,1,1)(2,0,0)[5]",6,1.6112462290559457,6073.5083137084675,6073.553137614551,6106.745666684274,93.42350013706073,82.64895981052814
"SARIMA(1,1,2)(2,0,2)[63]",9,1.609645005176629,6073.484509474478,6073.580714712319,6123.340538938187,93.45107723482852,99.24383206444145
"SARIMA(0,1,4)(2,0,1)[63]",9,1.6096578865704556,6073.532969278054,6073.629174515895,6123.388998741763,93.49953703840492,99.29229186801786
"SARIMA(3,1,0)(2,0,2)[21]",9,1.6096766862048373,6073.603693502598,6073.699898740439,6123.459722966307,93.5702612629484,99.36301609256134
"SARIMA(1,1,1)(0,0,2)[5]",6,1.6112892595179211,6073.670194306419,6073.715018212502,6106.907547282225,93.58538073501222,82.81084040847963
"SARIMA(1,1,2)(2,0,1)[63]",8,1.6102175148796305,6073.63829097717,6073.715214054093,6117.954761611579,93.58557657660276,93.8580547378333
"SARIMA(0,1,5)(1,0,1)[63]",9,1.6096917430451052,6073.660337335686,6073.7565425735265,6123.516366799395,93.62690509603635,99.41965992564928
"SARIMA(1,1,1)(1,0,2)[21]",7,1.6107823761534903,6073.763299089431,6073.823096206355,6112.540210894538,93.69345872886515,88.44350402079272
"SARIMA(1,1,1)(2,0,1)[21]",7,1.6107824139479803,6073.763441272302,6073.823238389226,6112.540353077409,93.69360091173621,88.44364620366377
"SARIMA(0,1,5)(2,0,0)[63]",9,1.6097461687071193,6073.865086676183,6073.961291914024,6123.721116139892,93.83165443653343,99.62440926614636
"SARIMA(3,1,0)(1,0,2)[63]",8,1.610346712112474,6074.124330967127,6074.20125404405,6118.440801601536,94.0716165665599,94.34409472779043
"SARIMA(0,1,1)(2,0,1)[5]",6,1.6114251211836632,6074.181305892941,6074.226129799024,6107.418658868747,94.09649232153424,83.32195199500165
"SARIMA(3,1,0)(2,0,2)[63]",9,1.6098709605369277,6074.334553539922,6074.430758777763,6124.190583003631,94.30112130027283,100.09387612988576
"SARIMA(1,1,1)(0,0,2)[63]",6,1.6115040074273834,6074.478075941816,6074.5228998479,6107.715428917622,94.3932623704095,83.61872204387691
"SARIMA(3,1,0)(2,0,1)[63]",8,1.6104333982823762,6074.450444338299,6074.527367415222,6118.766914972708,94.39772993773204,94.67020809896258
"SARIMA(1,1,0)(1,0,0)[21]",4,1.6125774633774514,6074.516417225972,6074.537739187593,6096.674652543176,94.40810171010253,72.57794566943085
"SARIMA(1,1,0)(0,0,1)[21]",4,1.612609543567708,6074.637102901717,6074.658424863338,6096.795338218922,94.52878738584786,72.69863134517618
"SARIMA(0,1,5)(2,0,2)[21]",11,1.6088664913958852,6074.55574063132,6074.696992637741,6135.490887753632,94.56735516025037,111.39418087988633
"SARIMA(1,1,1)(1,0,1)[63]",6,1.6115801327050594,6074.764459236433,6074.8092831425165,6108.001812212239,94.67964566502633,83.90510533849374
"SARIMA(1,1,1)(2,0,0)[63]",6,1.6116245450821545,6074.931538599065,6074.976362505148,6108.168891574871,94.84672502765807,84.07218470112548
"SARIMA(0,1,5)(1,0,2)[63]",10,1.6095326062896282,6075.061664861581,6075.179311920405,6130.457253154592,95.0496744429147,106.36054628084639
"SARIMA(0,1,5)(2,0,2)[63]",11,1.6090488087027235,6075.241618339645,6075.382870346066,6136.176765461957,95.25323286857565,112.08005858821161
"SARIMA(0,1,1)(1,0,2)[5]",6,1.6117568263270248,6075.429180642267,6075.47400454835,6108.666533618073,95.34436707086024,84.56982674432766
"SARIMA(0,1,5)(2,0,1)[63]",10,1.6096214761482466,6075.3959932697035,6075.513640328527,6130.791581562714,95.38400285103671,106.69487468896841
"SARIMA(1,1,1)(2,0,2)[21]",8,1.610782299556084,6075.763010929988,6075.839934006911,6120.079481564397,95.7102965294207,95.98277469065124
"SARIMA(1,1,1)(1,0,2)[63]",7,1.6114180089092125,6076.154549516457,6076.214346633382,6114.931461321565,96.08470915589169,90.83475444781925
"SARIMA(1,1,0)",3,1.6135654015676502,6076.2330406975,6076.245827058715,6092.851717185403,96.11618958122472,68.75501031165732
"SARIMA(1,1,1)(2,0,2)[63]",8,1.6109348926028335,6076.337065971859,6076.413989048782,6120.653536606268,96.28435157129206,96.5568297325226
"SARIMA(1,1,0)(2,0,0)[21]",5,1.612546998394983,6076.401807961925,6076.433807961926,6104.09960210843,96.30417048443542,80.00289523468473
"SARIMA(1,1,0)(1,0,1)[21]",5,1.6125585929624107,6076.445426724589,6076.477426724589,6104.143220871094,96.34778924709917,80.04651399734848
"SARIMA(1,1,0)(0,0,2)[21]",5,1.6125740135950948,6076.503439144746,6076.535439144746,6104.201233291251,96.40580166725613,80.10452641750544
"SARIMA(1,1,1)(2,0,1)[63]",7,1.6115079563729906,6076.492931875191,6076.552728992116,6115.269843680298,96.42309151462541,91.17313680655298
"SARIMA(1,1,0)(1,0,1)[5]",5,1.612642920010327,6076.76266507885,6076.79466507885,6104.4604592253545,96.66502760135972,80.36375235160904
"SARIMA(1,1,0)(2,0,0)[5]",5,1.6127279135347898,6077.08241071788,6077.11441071788,6104.780204864384,96.98477324038959,80.6834979906389
"SARIMA(1,1,0)(0,0,2)[5]",5,1.6127969904051123,6077.342277904032,6077.374277904032,6105.040072050537,97.24464042654199,80.9433651767913
"SARIMA(1,1,0)(0,0,1)[63]",4,1.6133398607131144,6077.384556002737,6077.405877964357,6099.542791319941,97.27624048686721,75.44608444619553
"SARIMA(1,1,0)(0,0,1)[5]",4,1.6133551734924703,6077.442162678673,6077.463484640294,6099.600397995878,97.33384716280398,75.5036911221323
"SARIMA(1,1,0)(1,0,0)[63]",4,1.6133716740931807,6077.504237938546,6077.525559900167,6099.66247325575,97.39592242267645,75.56576638200477
"SARIMA(1,1,0)(1,0,0)[5]",4,1.6133740314230565,6077.513106213539,6077.5344281751595,6099.671341530743,97.40479069766934,75.57463465699766
"SARIMA(1,1,0)(1,0,2)[21]",6,1.612538331573163,6078.369203378239,6078.414027284322,6111.606556354045,98.28438980683222,87.50984948029964
"SARIMA(1,1,0)(2,0,1)[21]",6,1.61253846551234,6078.369707257423,6078.414531163507,6111.607060233229,98.2848936860164,87.51035335948382
"SARIMA(1,1,0)(0,0,2)[63]",5,1.6131702377877863,6078.746434557652,6078.778434557652,6106.444228704157,98.64879708016178,82.3475218304111
"SARIMA(1,1,0)(1,0,1)[63]",5,1.613293776035205,6079.211185444441,6079.243185444441,6106.908979590946,99.11354796695105,82.81227271720036
"SARIMA(1,1,0)(2,0,0)[63]",5,1.6133051958279023,6079.2541467045685,6079.286146704569,6106.951940851073,99.15650922707846,82.85523397732777
"SARIMA(1,1,0)(2,0,2)[21]",7,1.612538323026979,6080.369171227495,6080.428968344419,6119.146083032602,100.29933086692927,95.04937615885683
"SARIMA(1,1,0)(1,0,2)[63]",6,1.6130853605961952,6080.427126562887,6080.47195046897,6113.664479538693,100.34231299147996,89.56777266494737
"SARIMA(1,1,0)(2,0,2)[63]",7,1.6126248038635642,6080.694512134729,6080.7543092516535,6119.471423939836,100.62467177416329,95.37471706609085
"SARIMA(1,1,0)(2,0,1)[63]",6,1.6131889322034647,6080.816762949435,6080.861586855518,6114.054115925241,100.73194937802782,89.95740905149523
"SARIMA(0,1,1)(1,0,0)[21]",4,1.6145248972901023,6081.842663605365,6081.863985566985,6104.000898922569,101.73434808949514,79.90419204882346
"SARIMA(0,1,1)(0,0,1)[21]",4,1.6145594737878144,6081.972740389758,6081.9940623513785,6104.130975706962,101.86442487388831,80.03426883321663
"SARIMA(0,1,1)(2,0,0)[5]",5,1.6144671114255693,6083.625273182992,6083.657273182992,6111.323067329497,103.52763570550178,87.22636045575109
"SARIMA(0,1,1)(2,0,0)[21]",5,1.614490993379321,6083.715117093006,6083.747117093006,6111.41291123951,103.61747961551555,87.31620436576486
"SARIMA(0,1,1)(1,0,1)[21]",5,1.6145053211183364,6083.769018047182,6083.801018047182,6111.466812193687,103.67138056969179,87.3701053199411
"SARIMA(0,1,1)(0,0,2)[21]",5,1.614520892486007,6083.827597532359,6083.859597532359,6111.525391678863,103.72996005486857,87.42868480511788
"SARIMA(0,1,1)",3,1.6156305787859429,6084.002237392717,6084.015023753932,6100.62091388062,103.88538627644175,76.52420700687435
"SARIMA(0,1,1)(0,0,2)[5]",5,1.614580888202259,6084.053301416899,6084.085301416899,6111.751095563403,103.95566393940862,87.65438868965794
"SARIMA(0,1,1)(1,0,1)[5]",5,1.6147226343301109,6084.586550349877,6084.618550349877,6112.284344496382,104.48891287238712,88.18763762263643
"SARIMA(0,1,1)(0,0,1)[5]",4,1.6152710920575737,6084.649848320592,6084.671170282213,6106.808083637797,104.54153280472292,82.71137676405124
"SARIMA(0,1,1)(1,0,0)[5]",4,1.6153045782196236,6084.775823262224,6084.797145223844,6106.934058579428,104.6675077463542,82.83735170568252
"SARIMA(0,1,1)(0,0,1)[63]",4,1.6153671375105054,6085.011171314522,6085.032493276142,6107.169406631726,104.90285579865213,83.07269975798044
"SARIMA(0,1,1)(1,0,0)[63]",4,1.6154003459532191,6085.1361014760105,6085.157423437631,6107.294336793215,105.02778596014105,83.19762991946936
"SARIMA(0,1,1)(2,0,1)[21]",6,1.6144827610828554,6085.684147193702,6085.728971099786,6118.921500169508,105.59933362229549,94.8247932957629
"SARIMA(0,1,1)(1,0,2)[21]",6,1.6144837113259736,6085.687722008312,6085.732545914396,6118.9250749841185,105.60290843690564,94.82836811037305
"SARIMA(0,1,1)(0,0,2)[63]",5,1.6151842955763844,6086.323319958358,6086.355319958358,6114.021114104863,106.22568248086827,89.92440723111758
"SARIMA(0,1,1)(2,0,0)[63]",5,1.6153240262520039,6086.848986760038,6086.8809867600385,6114.546780906543,106.75134928254829,90.4500740327976
"SARIMA(0,1,1)(1,0,1)[63]",5,1.6153265989965166,6086.858665424896,6086.890665424896,6114.5564595714,106.76102794740564,90.45975269765495
"SARIMA(0,1,1)(2,0,2)[21]",7,1.6144822675811246,6087.68229064019,6087.742087757115,6126.459202445298,107.61245027962468,102.36249557155224
"SARIMA(0,1,1)(1,0,2)[63]",6,1.615106009904154,6088.028809259427,6088.073633165511,6121.266162235233,107.94399568802055,97.16945536148796
"SARIMA(0,1,1)(2,0,2)[63]",7,1.6146704722634588,6088.390316655132,6088.450113772056,6127.167228460239,108.3204762945661,103.07052158649367
"SARIMA(0,1,1)(2,0,1)[63]",6,1.6152114926709296,6088.425635428037,6088.47045933412,6121.662988403843,108.3408218566301,97.56628153009751
"SARIMA(0,1,0)(2,0,2)[5]",6,1.6199301143296454,6106.177090108126,6106.22191401421,6139.414443083932,126.09227653671951,115.31773621018692
"SARIMA(0,1,0)(2,0,1)[5]",5,1.6211166461543598,6108.640822832702,6108.672822832702,6136.338616979207,128.5431853552118,112.2419101054611
"SARIMA(0,1,0)(1,0,2)[5]",5,1.6217972016688074,6111.201072678054,6111.233072678054,6138.898866824558,131.10343520056358,114.8021599508129
"SARIMA(0,1,0)(2,0,0)[5]",4,1.6251220859768452,6121.709287444892,6121.7306094065125,6143.867522762096,141.6009719290223,119.77081588835063
"SARIMA(0,1,0)(1,0,0)[21]",3,1.625776765536299,6122.172191947557,6122.184978308772,6138.79086843546,142.05534083128168,114.69416156171428
"SARIMA(0,1,0)(0,0,1)[21]",3,1.6258365753833945,6122.39719659233,6122.409982953545,6139.015873080233,142.28034547605512,114.91916620648772
"SARIMA(0,1,0)(0,0,2)[5]",4,1.6254776403968358,6123.046883172897,6123.0682051345175,6145.205118490101,142.9385676570273,121.10841161635562
"SARIMA(0,1,0)(2,0,0)[21]",4,1.6256802688577072,6123.809171442695,6123.830493404315,6145.967406759899,143.70085592682517,121.87069988615349
"SARIMA(0,1,0)(0,0,2)[21]",4,1.6257373100839725,6124.023760535904,6124.045082497525,6146.181995853109,143.9154450200349,122.08528897936321
"SARIMA(0,1,0)(1,0,1)[21]",4,1.6257392349834756,6124.031002007835,6124.052323969456,6146.189237325039,143.92268649196558,122.0925304512939
"SARIMA(0,1,0)(0,0,1)[5]",3,1.6266591480008226,6125.491714779095,6125.50450114031,6142.110391266998,145.37486366281973,118.01368439325233
"SARIMA(0,1,0)(2,0,1)[21]",5,1.6256728987972895,6125.781445275403,6125.813445275403,6153.479239421908,145.68380779791278,129.3825325481621
"SARIMA(0,1,0)(1,0,2)[21]",5,1.6256860436238376,6125.830896112877,6125.862896112877,6153.528690259382,145.73325863538685,129.43198338563616
"SARIMA(0,1,0)(1,0,0)[5]",3,1.6267816453894413,6125.952549955078,6125.965336316293,6142.571226442981,145.83569883880318,118.47451956923578
"SARIMA(0,1,0)(1,0,1)[5]",4,1.626435337952694,6126.649741378034,6126.671063339655,6148.807976695239,146.54142586216494,124.71126982149326
"SARIMA(0,1,0)(0,0,1)[63]",3,1.6272192696301078,6127.598892348466,6127.611678709681,6144.217568836369,147.48204123219057,120.12086196262317
"SARIMA(0,1,0)(2,0,2)[21]",6,1.6256229712925854,6127.5936180027065,6127.63844190879,6160.830970978513,147.50880443129972,136.73426410476713
"SARIMA(0,1,0)",2,1.6277731946106084,6127.682758125109,6127.689147901467,6138.761875783711,147.55951042397646,114.66516890996536
"SARIMA(0,1,0)(1,0,0)[63]",3,1.627258674606354,6127.747133869104,6127.759920230319,6144.365810357007,147.63028275282886,120.26910348326146
"SARIMA(0,1,0)(0,0,2)[63]",4,1.6270801547609821,6129.075542210815,6129.096864172436,6151.233777528019,148.96722669494557,127.13707065427388
"SARIMA(0,1,0)(1,0,1)[63]",4,1.627199904114709,6129.526039279535,6129.547361241156,6151.68427459674,149.4177237636659,127.58756772299421
"SARIMA(0,1,0)(2,0,0)[63]",4,1.6272073365391169,6129.554000060158,6129.575322021778,6151.712235377362,149.44568454428827,127.61552850361659
"SARIMA(0,1,0)(1,0,2)[63]",5,1.627034335136288,6130.9031687827155,6130.935168782716,6158.60096292922,150.8055313052255,134.5042560554748
"SARIMA(0,1,0)(2,0,1)[63]",5,1.6271166927712941,6131.2129982056085,6131.244998205609,6158.910792352113,151.1153607281185,134.81408547836782
"SARIMA(0,1,0)(2,0,2)[63]",6,1.6266816141802682,6131.576232546169,6131.621056452253,6164.813585521975,151.49141897476238,140.7168786482298
